Analysis & Synthesis report for Processor
Sat May 23 08:49:50 2026
Quartus Prime Version 19.1.0 Build 670 09/22/2019 SJ Lite Edition


---------------------
; Table of Contents ;
---------------------
  1. Legal Notice
  2. Analysis & Synthesis Summary
  3. Analysis & Synthesis Settings
  4. Parallel Compilation
  5. Analysis & Synthesis Source Files Read
  6. Analysis & Synthesis Resource Usage Summary
  7. Analysis & Synthesis Resource Utilization by Entity
  8. User-Specified and Inferred Latches
  9. Logic Cells Representing Combinational Loops
 10. Registers Removed During Synthesis
 11. General Register Statistics
 12. Parameter Settings for User Entity Instance: JRSelector:JR
 13. Parameter Settings for User Entity Instance: MyRegister16bit:PC
 14. Parameter Settings for User Entity Instance: register_IF_ID:IFIDREG
 15. Parameter Settings for User Entity Instance: MyRegisterFile:RegisterFile|MyRegister16bit:reg1
 16. Parameter Settings for User Entity Instance: MyRegisterFile:RegisterFile|MyRegister16bit:reg2
 17. Parameter Settings for User Entity Instance: MyRegisterFile:RegisterFile|MyRegister16bit:reg3
 18. Parameter Settings for User Entity Instance: MyRegisterFile:RegisterFile|MyRegister16bit:reg4
 19. Parameter Settings for User Entity Instance: MyRegisterFile:RegisterFile|MyRegister16bit:reg5
 20. Parameter Settings for User Entity Instance: MyRegisterFile:RegisterFile|MyRegister16bit:reg6
 21. Parameter Settings for User Entity Instance: MyRegisterFile:RegisterFile|MyRegister16bit:reg7
 22. Port Connectivity Checks: "MyImmExtension:SignExtend"
 23. Port Connectivity Checks: "MyRegisterFile:RegisterFile|MyRegister16bit:reg7"
 24. Port Connectivity Checks: "MyRegisterFile:RegisterFile|MyRegister16bit:reg6"
 25. Port Connectivity Checks: "MyRegisterFile:RegisterFile|MyRegister16bit:reg5"
 26. Port Connectivity Checks: "MyRegisterFile:RegisterFile|MyRegister16bit:reg4"
 27. Port Connectivity Checks: "MyRegisterFile:RegisterFile|MyRegister16bit:reg3"
 28. Port Connectivity Checks: "MyRegisterFile:RegisterFile|MyRegister16bit:reg2"
 29. Port Connectivity Checks: "MyRegisterFile:RegisterFile|MyRegister16bit:reg1"
 30. Port Connectivity Checks: "MyRegisterFile:RegisterFile|MyPseudoRegisterZero:reg0|MyAnd16bit:v0"
 31. Port Connectivity Checks: "MyRegisterFile:RegisterFile|MyPseudoRegisterZero:reg0"
 32. Port Connectivity Checks: "MyRegisterFile:RegisterFile"
 33. Port Connectivity Checks: "hazardUnit:Hazard"
 34. Port Connectivity Checks: "MyRegisterControl:Controller"
 35. Port Connectivity Checks: "MyRegister16bit:PC"
 36. Port Connectivity Checks: "JRSelector:JR"
 37. Post-Synthesis Netlist Statistics for Top Partition
 38. Elapsed Time Per Partition
 39. Analysis & Synthesis Messages



----------------
; Legal Notice ;
----------------
Copyright (C) 2019  Intel Corporation. All rights reserved.
Your use of Intel Corporation's design tools, logic functions 
and other software and tools, and any partner logic 
functions, and any output files from any of the foregoing 
(including device programming or simulation files), and any 
associated documentation or information are expressly subject 
to the terms and conditions of the Intel Program License 
Subscription Agreement, the Intel Quartus Prime License Agreement,
the Intel FPGA IP License Agreement, or other applicable license
agreement, including, without limitation, that your use is for
the sole purpose of programming logic devices manufactured by
Intel and sold by Intel or its authorized distributors.  Please
refer to the applicable agreement for further details, at
https://fpgasoftware.intel.com/eula.



+-------------------------------------------------------------------------------+
; Analysis & Synthesis Summary                                                  ;
+---------------------------------+---------------------------------------------+
; Analysis & Synthesis Status     ; Successful - Sat May 23 08:49:50 2026       ;
; Quartus Prime Version           ; 19.1.0 Build 670 09/22/2019 SJ Lite Edition ;
; Revision Name                   ; Processor                                   ;
; Top-level Entity Name           ; Processor                                   ;
; Family                          ; Cyclone V                                   ;
; Logic utilization (in ALMs)     ; N/A                                         ;
; Total registers                 ; 16                                          ;
; Total pins                      ; 277                                         ;
; Total virtual pins              ; 0                                           ;
; Total block memory bits         ; 0                                           ;
; Total DSP Blocks                ; 0                                           ;
; Total HSSI RX PCSs              ; 0                                           ;
; Total HSSI PMA RX Deserializers ; 0                                           ;
; Total HSSI TX PCSs              ; 0                                           ;
; Total HSSI PMA TX Serializers   ; 0                                           ;
; Total PLLs                      ; 0                                           ;
; Total DLLs                      ; 0                                           ;
+---------------------------------+---------------------------------------------+


+---------------------------------------------------------------------------------------------------------------------------+
; Analysis & Synthesis Settings                                                                                             ;
+---------------------------------------------------------------------------------+--------------------+--------------------+
; Option                                                                          ; Setting            ; Default Value      ;
+---------------------------------------------------------------------------------+--------------------+--------------------+
; Device                                                                          ; 5CGXFC7C7F23C8     ;                    ;
; Top-level entity name                                                           ; Processor          ; Processor          ;
; Family name                                                                     ; Cyclone V          ; Cyclone V          ;
; Use smart compilation                                                           ; Off                ; Off                ;
; Enable parallel Assembler and Timing Analyzer during compilation                ; On                 ; On                 ;
; Enable compact report table                                                     ; Off                ; Off                ;
; Restructure Multiplexers                                                        ; Auto               ; Auto               ;
; MLAB Add Timing Constraints For Mixed-Port Feed-Through Mode Setting Don't Care ; Off                ; Off                ;
; Create Debugging Nodes for IP Cores                                             ; Off                ; Off                ;
; Preserve fewer node names                                                       ; On                 ; On                 ;
; Intel FPGA IP Evaluation Mode                                                   ; Enable             ; Enable             ;
; Verilog Version                                                                 ; Verilog_2001       ; Verilog_2001       ;
; VHDL Version                                                                    ; VHDL_1993          ; VHDL_1993          ;
; State Machine Processing                                                        ; Auto               ; Auto               ;
; Safe State Machine                                                              ; Off                ; Off                ;
; Extract Verilog State Machines                                                  ; On                 ; On                 ;
; Extract VHDL State Machines                                                     ; On                 ; On                 ;
; Ignore Verilog initial constructs                                               ; Off                ; Off                ;
; Iteration limit for constant Verilog loops                                      ; 5000               ; 5000               ;
; Iteration limit for non-constant Verilog loops                                  ; 250                ; 250                ;
; Add Pass-Through Logic to Inferred RAMs                                         ; On                 ; On                 ;
; Infer RAMs from Raw Logic                                                       ; On                 ; On                 ;
; Parallel Synthesis                                                              ; On                 ; On                 ;
; DSP Block Balancing                                                             ; Auto               ; Auto               ;
; NOT Gate Push-Back                                                              ; On                 ; On                 ;
; Power-Up Don't Care                                                             ; On                 ; On                 ;
; Remove Redundant Logic Cells                                                    ; Off                ; Off                ;
; Remove Duplicate Registers                                                      ; On                 ; On                 ;
; Ignore CARRY Buffers                                                            ; Off                ; Off                ;
; Ignore CASCADE Buffers                                                          ; Off                ; Off                ;
; Ignore GLOBAL Buffers                                                           ; Off                ; Off                ;
; Ignore ROW GLOBAL Buffers                                                       ; Off                ; Off                ;
; Ignore LCELL Buffers                                                            ; Off                ; Off                ;
; Ignore SOFT Buffers                                                             ; On                 ; On                 ;
; Limit AHDL Integers to 32 Bits                                                  ; Off                ; Off                ;
; Optimization Technique                                                          ; Balanced           ; Balanced           ;
; Carry Chain Length                                                              ; 70                 ; 70                 ;
; Auto Carry Chains                                                               ; On                 ; On                 ;
; Auto Open-Drain Pins                                                            ; On                 ; On                 ;
; Perform WYSIWYG Primitive Resynthesis                                           ; Off                ; Off                ;
; Auto ROM Replacement                                                            ; On                 ; On                 ;
; Auto RAM Replacement                                                            ; On                 ; On                 ;
; Auto DSP Block Replacement                                                      ; On                 ; On                 ;
; Auto Shift Register Replacement                                                 ; Auto               ; Auto               ;
; Allow Shift Register Merging across Hierarchies                                 ; Auto               ; Auto               ;
; Auto Clock Enable Replacement                                                   ; On                 ; On                 ;
; Strict RAM Replacement                                                          ; Off                ; Off                ;
; Allow Synchronous Control Signals                                               ; On                 ; On                 ;
; Force Use of Synchronous Clear Signals                                          ; Off                ; Off                ;
; Auto Resource Sharing                                                           ; Off                ; Off                ;
; Allow Any RAM Size For Recognition                                              ; Off                ; Off                ;
; Allow Any ROM Size For Recognition                                              ; Off                ; Off                ;
; Allow Any Shift Register Size For Recognition                                   ; Off                ; Off                ;
; Use LogicLock Constraints during Resource Balancing                             ; On                 ; On                 ;
; Ignore translate_off and synthesis_off directives                               ; Off                ; Off                ;
; Timing-Driven Synthesis                                                         ; On                 ; On                 ;
; Report Parameter Settings                                                       ; On                 ; On                 ;
; Report Source Assignments                                                       ; On                 ; On                 ;
; Report Connectivity Checks                                                      ; On                 ; On                 ;
; Ignore Maximum Fan-Out Assignments                                              ; Off                ; Off                ;
; Synchronization Register Chain Length                                           ; 3                  ; 3                  ;
; Power Optimization During Synthesis                                             ; Normal compilation ; Normal compilation ;
; HDL message level                                                               ; Level2             ; Level2             ;
; Suppress Register Optimization Related Messages                                 ; Off                ; Off                ;
; Number of Removed Registers Reported in Synthesis Report                        ; 5000               ; 5000               ;
; Number of Swept Nodes Reported in Synthesis Report                              ; 5000               ; 5000               ;
; Number of Inverted Registers Reported in Synthesis Report                       ; 100                ; 100                ;
; Clock MUX Protection                                                            ; On                 ; On                 ;
; Auto Gated Clock Conversion                                                     ; Off                ; Off                ;
; Block Design Naming                                                             ; Auto               ; Auto               ;
; SDC constraint protection                                                       ; Off                ; Off                ;
; Synthesis Effort                                                                ; Auto               ; Auto               ;
; Shift Register Replacement - Allow Asynchronous Clear Signal                    ; On                 ; On                 ;
; Pre-Mapping Resynthesis Optimization                                            ; Off                ; Off                ;
; Analysis & Synthesis Message Level                                              ; Medium             ; Medium             ;
; Disable Register Merging Across Hierarchies                                     ; Auto               ; Auto               ;
; Resource Aware Inference For Block RAM                                          ; On                 ; On                 ;
; Automatic Parallel Synthesis                                                    ; On                 ; On                 ;
; Partial Reconfiguration Bitstream ID                                            ; Off                ; Off                ;
+---------------------------------------------------------------------------------+--------------------+--------------------+


+------------------------------------------+
; Parallel Compilation                     ;
+----------------------------+-------------+
; Processors                 ; Number      ;
+----------------------------+-------------+
; Number detected on machine ; 8           ;
; Maximum allowed            ; 4           ;
;                            ;             ;
; Average used               ; 1.00        ;
; Maximum used               ; 4           ;
;                            ;             ;
; Usage by Processor         ; % Time Used ;
;     Processor 1            ; 100.0%      ;
;     Processors 2-4         ;   0.0%      ;
+----------------------------+-------------+


+--------------------------------------------------------------------------------------------------------------------------------------------------------------------------------+
; Analysis & Synthesis Source Files Read                                                                                                                                         ;
+--------------------------------------------------+-----------------+-----------------+-------------------------------------------------------------------------------+---------+
; File Name with User-Entered Path                 ; Used in Netlist ; File Type       ; File Name with Absolute Path                                                  ; Library ;
+--------------------------------------------------+-----------------+-----------------+-------------------------------------------------------------------------------+---------+
; ../trapUnit/trapUnit.vhd                         ; yes             ; User VHDL File  ; C:/ERGASIA1_COMP_ARCH/16bit-CPU/trapUnit/trapUnit.vhd                         ;         ;
; ../register_IF_ID/register_IF_ID.vhd             ; yes             ; User VHDL File  ; C:/ERGASIA1_COMP_ARCH/16bit-CPU/register_IF_ID/register_IF_ID.vhd             ;         ;
; ../MyRegisterFile/MyRegisterFile.vhd             ; yes             ; User VHDL File  ; C:/ERGASIA1_COMP_ARCH/16bit-CPU/MyRegisterFile/MyRegisterFile.vhd             ;         ;
; ../MyRegisterControl/MyRegisterControl.vhd       ; yes             ; User VHDL File  ; C:/ERGASIA1_COMP_ARCH/16bit-CPU/MyRegisterControl/MyRegisterControl.vhd       ;         ;
; ../MyRegister16bit/MyRegister16bit.vhd           ; yes             ; User VHDL File  ; C:/ERGASIA1_COMP_ARCH/16bit-CPU/MyRegister16bit/MyRegister16bit.vhd           ;         ;
; ../MyPseudoRegisterZero/MyPseudoRegisterZero.vhd ; yes             ; User VHDL File  ; C:/ERGASIA1_COMP_ARCH/16bit-CPU/MyPseudoRegisterZero/MyPseudoRegisterZero.vhd ;         ;
; ../MyOr16bit/MyOr16bit.vhd                       ; yes             ; User VHDL File  ; C:/ERGASIA1_COMP_ARCH/16bit-CPU/MyOr16bit/MyOr16bit.vhd                       ;         ;
; ../MyOr2/MyOr2.vhd                               ; yes             ; User VHDL File  ; C:/ERGASIA1_COMP_ARCH/16bit-CPU/MyOr2/MyOr2.vhd                               ;         ;
; ../MyNot/MyNot.vhd                               ; yes             ; User VHDL File  ; C:/ERGASIA1_COMP_ARCH/16bit-CPU/MyNot/MyNot.vhd                               ;         ;
; ../MyMux8to1_16bit/MyMux8to1_16bit.vhd           ; yes             ; User VHDL File  ; C:/ERGASIA1_COMP_ARCH/16bit-CPU/MyMux8to1_16bit/MyMux8to1_16bit.vhd           ;         ;
; ../MyMux2to1_16bit/MyMux2to1_16bit.vhd           ; yes             ; User VHDL File  ; C:/ERGASIA1_COMP_ARCH/16bit-CPU/MyMux2to1_16bit/MyMux2to1_16bit.vhd           ;         ;
; ../MyImmExtension/MyImmExtension.vhd             ; yes             ; User VHDL File  ; C:/ERGASIA1_COMP_ARCH/16bit-CPU/MyImmExtension/MyImmExtension.vhd             ;         ;
; ../MyFlipFlopR_1/flipflopR_1.vhd                 ; yes             ; User VHDL File  ; C:/ERGASIA1_COMP_ARCH/16bit-CPU/MyFlipFlopR_1/flipflopR_1.vhd                 ;         ;
; ../MyDecoder3to8/MyDecoder3to8.vhd               ; yes             ; User VHDL File  ; C:/ERGASIA1_COMP_ARCH/16bit-CPU/MyDecoder3to8/MyDecoder3to8.vhd               ;         ;
; ../MyDecoder1to2/MyDecoder1to2.vhd               ; yes             ; User VHDL File  ; C:/ERGASIA1_COMP_ARCH/16bit-CPU/MyDecoder1to2/MyDecoder1to2.vhd               ;         ;
; ../MyAnd16bit/MyAnd16bit.vhd                     ; yes             ; User VHDL File  ; C:/ERGASIA1_COMP_ARCH/16bit-CPU/MyAnd16bit/MyAnd16bit.vhd                     ;         ;
; ../MyAnd2/MyAnd2.vhd                             ; yes             ; User VHDL File  ; C:/ERGASIA1_COMP_ARCH/16bit-CPU/MyAnd2/MyAnd2.vhd                             ;         ;
; ../JRSelector/JRSelector.vhd                     ; yes             ; User VHDL File  ; C:/ERGASIA1_COMP_ARCH/16bit-CPU/JRSelector/JRSelector.vhd                     ;         ;
; ../hazardUnit/hazardUnit.vhd                     ; yes             ; User VHDL File  ; C:/ERGASIA1_COMP_ARCH/16bit-CPU/hazardUnit/hazardUnit.vhd                     ;         ;
; Processor.vhd                                    ; yes             ; User VHDL File  ; C:/ERGASIA1_COMP_ARCH/16bit-CPU/Processor/Processor.vhd                       ;         ;
+--------------------------------------------------+-----------------+-----------------+-------------------------------------------------------------------------------+---------+


+-----------------------------------------------------------+
; Analysis & Synthesis Resource Usage Summary               ;
+---------------------------------------------+-------------+
; Resource                                    ; Usage       ;
+---------------------------------------------+-------------+
; Estimate of Logic utilization (ALMs needed) ; 66          ;
;                                             ;             ;
; Combinational ALUT usage for logic          ; 98          ;
;     -- 7 input functions                    ; 0           ;
;     -- 6 input functions                    ; 33          ;
;     -- 5 input functions                    ; 3           ;
;     -- 4 input functions                    ; 14          ;
;     -- <=3 input functions                  ; 48          ;
;                                             ;             ;
; Dedicated logic registers                   ; 16          ;
;                                             ;             ;
; I/O pins                                    ; 277         ;
;                                             ;             ;
; Total DSP Blocks                            ; 0           ;
;                                             ;             ;
; Maximum fan-out node                        ; clock~input ;
; Maximum fan-out                             ; 49          ;
; Total fan-out                               ; 737         ;
; Average fan-out                             ; 1.10        ;
+---------------------------------------------+-------------+


+-----------------------------------------------------------------------------------------------------------------------------------------------------------------------------------------------------------------------------------------------------+
; Analysis & Synthesis Resource Utilization by Entity                                                                                                                                                                                                 ;
+------------------------------------------+---------------------+---------------------------+-------------------+------------+------+--------------+----------------------------------------------------------------+-----------------+--------------+
; Compilation Hierarchy Node               ; Combinational ALUTs ; Dedicated Logic Registers ; Block Memory Bits ; DSP Blocks ; Pins ; Virtual Pins ; Full Hierarchy Name                                            ; Entity Name     ; Library Name ;
+------------------------------------------+---------------------+---------------------------+-------------------+------------+------+--------------+----------------------------------------------------------------+-----------------+--------------+
; |Processor                               ; 98 (0)              ; 16 (0)                    ; 0                 ; 0          ; 277  ; 0            ; |Processor                                                     ; Processor       ; work         ;
;    |JRSelector:JR|                       ; 16 (16)             ; 0 (0)                     ; 0                 ; 0          ; 0    ; 0            ; |Processor|JRSelector:JR                                       ; JRSelector      ; work         ;
;    |MyRegister16bit:PC|                  ; 0 (0)               ; 16 (0)                    ; 0                 ; 0          ; 0    ; 0            ; |Processor|MyRegister16bit:PC                                  ; MyRegister16bit ; work         ;
;       |flipflopR_1:\gen_register:0:vff|  ; 0 (0)               ; 1 (1)                     ; 0                 ; 0          ; 0    ; 0            ; |Processor|MyRegister16bit:PC|flipflopR_1:\gen_register:0:vff  ; flipflopR_1     ; work         ;
;       |flipflopR_1:\gen_register:10:vff| ; 0 (0)               ; 1 (1)                     ; 0                 ; 0          ; 0    ; 0            ; |Processor|MyRegister16bit:PC|flipflopR_1:\gen_register:10:vff ; flipflopR_1     ; work         ;
;       |flipflopR_1:\gen_register:11:vff| ; 0 (0)               ; 1 (1)                     ; 0                 ; 0          ; 0    ; 0            ; |Processor|MyRegister16bit:PC|flipflopR_1:\gen_register:11:vff ; flipflopR_1     ; work         ;
;       |flipflopR_1:\gen_register:12:vff| ; 0 (0)               ; 1 (1)                     ; 0                 ; 0          ; 0    ; 0            ; |Processor|MyRegister16bit:PC|flipflopR_1:\gen_register:12:vff ; flipflopR_1     ; work         ;
;       |flipflopR_1:\gen_register:13:vff| ; 0 (0)               ; 1 (1)                     ; 0                 ; 0          ; 0    ; 0            ; |Processor|MyRegister16bit:PC|flipflopR_1:\gen_register:13:vff ; flipflopR_1     ; work         ;
;       |flipflopR_1:\gen_register:14:vff| ; 0 (0)               ; 1 (1)                     ; 0                 ; 0          ; 0    ; 0            ; |Processor|MyRegister16bit:PC|flipflopR_1:\gen_register:14:vff ; flipflopR_1     ; work         ;
;       |flipflopR_1:\gen_register:15:vff| ; 0 (0)               ; 1 (1)                     ; 0                 ; 0          ; 0    ; 0            ; |Processor|MyRegister16bit:PC|flipflopR_1:\gen_register:15:vff ; flipflopR_1     ; work         ;
;       |flipflopR_1:\gen_register:1:vff|  ; 0 (0)               ; 1 (1)                     ; 0                 ; 0          ; 0    ; 0            ; |Processor|MyRegister16bit:PC|flipflopR_1:\gen_register:1:vff  ; flipflopR_1     ; work         ;
;       |flipflopR_1:\gen_register:2:vff|  ; 0 (0)               ; 1 (1)                     ; 0                 ; 0          ; 0    ; 0            ; |Processor|MyRegister16bit:PC|flipflopR_1:\gen_register:2:vff  ; flipflopR_1     ; work         ;
;       |flipflopR_1:\gen_register:3:vff|  ; 0 (0)               ; 1 (1)                     ; 0                 ; 0          ; 0    ; 0            ; |Processor|MyRegister16bit:PC|flipflopR_1:\gen_register:3:vff  ; flipflopR_1     ; work         ;
;       |flipflopR_1:\gen_register:4:vff|  ; 0 (0)               ; 1 (1)                     ; 0                 ; 0          ; 0    ; 0            ; |Processor|MyRegister16bit:PC|flipflopR_1:\gen_register:4:vff  ; flipflopR_1     ; work         ;
;       |flipflopR_1:\gen_register:5:vff|  ; 0 (0)               ; 1 (1)                     ; 0                 ; 0          ; 0    ; 0            ; |Processor|MyRegister16bit:PC|flipflopR_1:\gen_register:5:vff  ; flipflopR_1     ; work         ;
;       |flipflopR_1:\gen_register:6:vff|  ; 0 (0)               ; 1 (1)                     ; 0                 ; 0          ; 0    ; 0            ; |Processor|MyRegister16bit:PC|flipflopR_1:\gen_register:6:vff  ; flipflopR_1     ; work         ;
;       |flipflopR_1:\gen_register:7:vff|  ; 0 (0)               ; 1 (1)                     ; 0                 ; 0          ; 0    ; 0            ; |Processor|MyRegister16bit:PC|flipflopR_1:\gen_register:7:vff  ; flipflopR_1     ; work         ;
;       |flipflopR_1:\gen_register:8:vff|  ; 0 (0)               ; 1 (1)                     ; 0                 ; 0          ; 0    ; 0            ; |Processor|MyRegister16bit:PC|flipflopR_1:\gen_register:8:vff  ; flipflopR_1     ; work         ;
;       |flipflopR_1:\gen_register:9:vff|  ; 0 (0)               ; 1 (1)                     ; 0                 ; 0          ; 0    ; 0            ; |Processor|MyRegister16bit:PC|flipflopR_1:\gen_register:9:vff  ; flipflopR_1     ; work         ;
;    |hazardUnit:Hazard|                   ; 1 (1)               ; 0 (0)                     ; 0                 ; 0          ; 0    ; 0            ; |Processor|hazardUnit:Hazard                                   ; hazardUnit      ; work         ;
;    |register_IF_ID:IFIDREG|              ; 80 (80)             ; 0 (0)                     ; 0                 ; 0          ; 0    ; 0            ; |Processor|register_IF_ID:IFIDREG                              ; register_IF_ID  ; work         ;
;    |trapUnit:Trap|                       ; 1 (1)               ; 0 (0)                     ; 0                 ; 0          ; 0    ; 0            ; |Processor|trapUnit:Trap                                       ; trapUnit        ; work         ;
+------------------------------------------+---------------------+---------------------------+-------------------+------------+------+--------------+----------------------------------------------------------------+-----------------+--------------+
Note: For table entries with two numbers listed, the numbers in parentheses indicate the number of resources of the given type used by the specific entity alone. The numbers listed outside of parentheses indicate the total resources of the given type used by the specific entity and all of its sub-entities in the hierarchy.


+-----------------------------------------------------------------------------------------------------------------+
; User-Specified and Inferred Latches                                                                             ;
+-----------------------------------------------------+----------------------------------+------------------------+
; Latch Name                                          ; Latch Enable Signal              ; Free of Timing Hazards ;
+-----------------------------------------------------+----------------------------------+------------------------+
; register_IF_ID:IFIDREG|outPC[0]                     ; register_IF_ID:IFIDREG|outPC[15] ; yes                    ;
; register_IF_ID:IFIDREG|outInstruction[0]            ; register_IF_ID:IFIDREG|outPC[15] ; yes                    ;
; register_IF_ID:IFIDREG|outInstruction[12]           ; register_IF_ID:IFIDREG|outPC[15] ; yes                    ;
; register_IF_ID:IFIDREG|outInstruction[13]           ; register_IF_ID:IFIDREG|outPC[15] ; yes                    ;
; register_IF_ID:IFIDREG|outInstruction[14]           ; register_IF_ID:IFIDREG|outPC[15] ; yes                    ;
; register_IF_ID:IFIDREG|outInstruction[15]           ; register_IF_ID:IFIDREG|outPC[15] ; yes                    ;
; register_IF_ID:IFIDREG|outPC[1]                     ; register_IF_ID:IFIDREG|outPC[15] ; yes                    ;
; register_IF_ID:IFIDREG|outInstruction[1]            ; register_IF_ID:IFIDREG|outPC[15] ; yes                    ;
; register_IF_ID:IFIDREG|outPC[2]                     ; register_IF_ID:IFIDREG|outPC[15] ; yes                    ;
; register_IF_ID:IFIDREG|outInstruction[2]            ; register_IF_ID:IFIDREG|outPC[15] ; yes                    ;
; register_IF_ID:IFIDREG|outPC[3]                     ; register_IF_ID:IFIDREG|outPC[15] ; yes                    ;
; register_IF_ID:IFIDREG|outInstruction[3]            ; register_IF_ID:IFIDREG|outPC[15] ; yes                    ;
; register_IF_ID:IFIDREG|outPC[4]                     ; register_IF_ID:IFIDREG|outPC[15] ; yes                    ;
; register_IF_ID:IFIDREG|outInstruction[4]            ; register_IF_ID:IFIDREG|outPC[15] ; yes                    ;
; register_IF_ID:IFIDREG|outPC[5]                     ; register_IF_ID:IFIDREG|outPC[15] ; yes                    ;
; register_IF_ID:IFIDREG|outInstruction[5]            ; register_IF_ID:IFIDREG|outPC[15] ; yes                    ;
; register_IF_ID:IFIDREG|outPC[6]                     ; register_IF_ID:IFIDREG|outPC[15] ; yes                    ;
; register_IF_ID:IFIDREG|outInstruction[6]            ; register_IF_ID:IFIDREG|outPC[15] ; yes                    ;
; register_IF_ID:IFIDREG|outPC[7]                     ; register_IF_ID:IFIDREG|outPC[15] ; yes                    ;
; register_IF_ID:IFIDREG|outInstruction[7]            ; register_IF_ID:IFIDREG|outPC[15] ; yes                    ;
; register_IF_ID:IFIDREG|outPC[8]                     ; register_IF_ID:IFIDREG|outPC[15] ; yes                    ;
; register_IF_ID:IFIDREG|outInstruction[8]            ; register_IF_ID:IFIDREG|outPC[15] ; yes                    ;
; register_IF_ID:IFIDREG|outPC[9]                     ; register_IF_ID:IFIDREG|outPC[15] ; yes                    ;
; register_IF_ID:IFIDREG|outInstruction[9]            ; register_IF_ID:IFIDREG|outPC[15] ; yes                    ;
; register_IF_ID:IFIDREG|outPC[10]                    ; register_IF_ID:IFIDREG|outPC[15] ; yes                    ;
; register_IF_ID:IFIDREG|outInstruction[10]           ; register_IF_ID:IFIDREG|outPC[15] ; yes                    ;
; register_IF_ID:IFIDREG|outPC[11]                    ; register_IF_ID:IFIDREG|outPC[15] ; yes                    ;
; register_IF_ID:IFIDREG|outInstruction[11]           ; register_IF_ID:IFIDREG|outPC[15] ; yes                    ;
; register_IF_ID:IFIDREG|outPC[12]                    ; register_IF_ID:IFIDREG|outPC[15] ; yes                    ;
; register_IF_ID:IFIDREG|outPC[13]                    ; register_IF_ID:IFIDREG|outPC[15] ; yes                    ;
; register_IF_ID:IFIDREG|outPC[14]                    ; register_IF_ID:IFIDREG|outPC[15] ; yes                    ;
; register_IF_ID:IFIDREG|outPC[15]                    ; register_IF_ID:IFIDREG|outPC[15] ; yes                    ;
; Number of user-specified and inferred latches = 32  ;                                  ;                        ;
+-----------------------------------------------------+----------------------------------+------------------------+
Note: All latches listed above may not be present at the end of synthesis due to various synthesis optimizations.


+------------------------------------------------------------+
; Logic Cells Representing Combinational Loops               ;
+--------------------------------------------------------+---+
; Logic Cell Name                                        ;   ;
+--------------------------------------------------------+---+
; hazardUnit:Hazard|process_0~0                          ;   ;
; Number of logic cells representing combinational loops ; 1 ;
+--------------------------------------------------------+---+
Note: All cells listed above may not be present at the end of synthesis due to various synthesis optimizations.


+------------------------------------------------------------------------------------------------------------------------------+
; Registers Removed During Synthesis                                                                                           ;
+-------------------------------------------------------------------------------------+----------------------------------------+
; Register name                                                                       ; Reason for Removal                     ;
+-------------------------------------------------------------------------------------+----------------------------------------+
; MyRegisterFile:RegisterFile|MyRegister16bit:reg7|flipflopR_1:\gen_register:15:vff|O ; Stuck at GND due to stuck port data_in ;
; MyRegisterFile:RegisterFile|MyRegister16bit:reg7|flipflopR_1:\gen_register:14:vff|O ; Stuck at GND due to stuck port data_in ;
; MyRegisterFile:RegisterFile|MyRegister16bit:reg7|flipflopR_1:\gen_register:13:vff|O ; Stuck at GND due to stuck port data_in ;
; MyRegisterFile:RegisterFile|MyRegister16bit:reg7|flipflopR_1:\gen_register:12:vff|O ; Stuck at GND due to stuck port data_in ;
; MyRegisterFile:RegisterFile|MyRegister16bit:reg7|flipflopR_1:\gen_register:11:vff|O ; Stuck at GND due to stuck port data_in ;
; MyRegisterFile:RegisterFile|MyRegister16bit:reg7|flipflopR_1:\gen_register:10:vff|O ; Stuck at GND due to stuck port data_in ;
; MyRegisterFile:RegisterFile|MyRegister16bit:reg7|flipflopR_1:\gen_register:9:vff|O  ; Stuck at GND due to stuck port data_in ;
; MyRegisterFile:RegisterFile|MyRegister16bit:reg7|flipflopR_1:\gen_register:8:vff|O  ; Stuck at GND due to stuck port data_in ;
; MyRegisterFile:RegisterFile|MyRegister16bit:reg7|flipflopR_1:\gen_register:7:vff|O  ; Stuck at GND due to stuck port data_in ;
; MyRegisterFile:RegisterFile|MyRegister16bit:reg7|flipflopR_1:\gen_register:6:vff|O  ; Stuck at GND due to stuck port data_in ;
; MyRegisterFile:RegisterFile|MyRegister16bit:reg7|flipflopR_1:\gen_register:5:vff|O  ; Stuck at GND due to stuck port data_in ;
; MyRegisterFile:RegisterFile|MyRegister16bit:reg7|flipflopR_1:\gen_register:4:vff|O  ; Stuck at GND due to stuck port data_in ;
; MyRegisterFile:RegisterFile|MyRegister16bit:reg7|flipflopR_1:\gen_register:3:vff|O  ; Stuck at GND due to stuck port data_in ;
; MyRegisterFile:RegisterFile|MyRegister16bit:reg7|flipflopR_1:\gen_register:2:vff|O  ; Stuck at GND due to stuck port data_in ;
; MyRegisterFile:RegisterFile|MyRegister16bit:reg7|flipflopR_1:\gen_register:1:vff|O  ; Stuck at GND due to stuck port data_in ;
; MyRegisterFile:RegisterFile|MyRegister16bit:reg7|flipflopR_1:\gen_register:0:vff|O  ; Stuck at GND due to stuck port data_in ;
; MyRegisterFile:RegisterFile|MyRegister16bit:reg6|flipflopR_1:\gen_register:15:vff|O ; Stuck at GND due to stuck port data_in ;
; MyRegisterFile:RegisterFile|MyRegister16bit:reg6|flipflopR_1:\gen_register:14:vff|O ; Stuck at GND due to stuck port data_in ;
; MyRegisterFile:RegisterFile|MyRegister16bit:reg6|flipflopR_1:\gen_register:13:vff|O ; Stuck at GND due to stuck port data_in ;
; MyRegisterFile:RegisterFile|MyRegister16bit:reg6|flipflopR_1:\gen_register:12:vff|O ; Stuck at GND due to stuck port data_in ;
; MyRegisterFile:RegisterFile|MyRegister16bit:reg6|flipflopR_1:\gen_register:11:vff|O ; Stuck at GND due to stuck port data_in ;
; MyRegisterFile:RegisterFile|MyRegister16bit:reg6|flipflopR_1:\gen_register:10:vff|O ; Stuck at GND due to stuck port data_in ;
; MyRegisterFile:RegisterFile|MyRegister16bit:reg6|flipflopR_1:\gen_register:9:vff|O  ; Stuck at GND due to stuck port data_in ;
; MyRegisterFile:RegisterFile|MyRegister16bit:reg6|flipflopR_1:\gen_register:8:vff|O  ; Stuck at GND due to stuck port data_in ;
; MyRegisterFile:RegisterFile|MyRegister16bit:reg6|flipflopR_1:\gen_register:7:vff|O  ; Stuck at GND due to stuck port data_in ;
; MyRegisterFile:RegisterFile|MyRegister16bit:reg6|flipflopR_1:\gen_register:6:vff|O  ; Stuck at GND due to stuck port data_in ;
; MyRegisterFile:RegisterFile|MyRegister16bit:reg6|flipflopR_1:\gen_register:5:vff|O  ; Stuck at GND due to stuck port data_in ;
; MyRegisterFile:RegisterFile|MyRegister16bit:reg6|flipflopR_1:\gen_register:4:vff|O  ; Stuck at GND due to stuck port data_in ;
; MyRegisterFile:RegisterFile|MyRegister16bit:reg6|flipflopR_1:\gen_register:3:vff|O  ; Stuck at GND due to stuck port data_in ;
; MyRegisterFile:RegisterFile|MyRegister16bit:reg6|flipflopR_1:\gen_register:2:vff|O  ; Stuck at GND due to stuck port data_in ;
; MyRegisterFile:RegisterFile|MyRegister16bit:reg6|flipflopR_1:\gen_register:1:vff|O  ; Stuck at GND due to stuck port data_in ;
; MyRegisterFile:RegisterFile|MyRegister16bit:reg6|flipflopR_1:\gen_register:0:vff|O  ; Stuck at GND due to stuck port data_in ;
; MyRegisterFile:RegisterFile|MyRegister16bit:reg5|flipflopR_1:\gen_register:15:vff|O ; Stuck at GND due to stuck port data_in ;
; MyRegisterFile:RegisterFile|MyRegister16bit:reg5|flipflopR_1:\gen_register:14:vff|O ; Stuck at GND due to stuck port data_in ;
; MyRegisterFile:RegisterFile|MyRegister16bit:reg5|flipflopR_1:\gen_register:13:vff|O ; Stuck at GND due to stuck port data_in ;
; MyRegisterFile:RegisterFile|MyRegister16bit:reg5|flipflopR_1:\gen_register:12:vff|O ; Stuck at GND due to stuck port data_in ;
; MyRegisterFile:RegisterFile|MyRegister16bit:reg5|flipflopR_1:\gen_register:11:vff|O ; Stuck at GND due to stuck port data_in ;
; MyRegisterFile:RegisterFile|MyRegister16bit:reg5|flipflopR_1:\gen_register:10:vff|O ; Stuck at GND due to stuck port data_in ;
; MyRegisterFile:RegisterFile|MyRegister16bit:reg5|flipflopR_1:\gen_register:9:vff|O  ; Stuck at GND due to stuck port data_in ;
; MyRegisterFile:RegisterFile|MyRegister16bit:reg5|flipflopR_1:\gen_register:8:vff|O  ; Stuck at GND due to stuck port data_in ;
; MyRegisterFile:RegisterFile|MyRegister16bit:reg5|flipflopR_1:\gen_register:7:vff|O  ; Stuck at GND due to stuck port data_in ;
; MyRegisterFile:RegisterFile|MyRegister16bit:reg5|flipflopR_1:\gen_register:6:vff|O  ; Stuck at GND due to stuck port data_in ;
; MyRegisterFile:RegisterFile|MyRegister16bit:reg5|flipflopR_1:\gen_register:5:vff|O  ; Stuck at GND due to stuck port data_in ;
; MyRegisterFile:RegisterFile|MyRegister16bit:reg5|flipflopR_1:\gen_register:4:vff|O  ; Stuck at GND due to stuck port data_in ;
; MyRegisterFile:RegisterFile|MyRegister16bit:reg5|flipflopR_1:\gen_register:3:vff|O  ; Stuck at GND due to stuck port data_in ;
; MyRegisterFile:RegisterFile|MyRegister16bit:reg5|flipflopR_1:\gen_register:2:vff|O  ; Stuck at GND due to stuck port data_in ;
; MyRegisterFile:RegisterFile|MyRegister16bit:reg5|flipflopR_1:\gen_register:1:vff|O  ; Stuck at GND due to stuck port data_in ;
; MyRegisterFile:RegisterFile|MyRegister16bit:reg5|flipflopR_1:\gen_register:0:vff|O  ; Stuck at GND due to stuck port data_in ;
; MyRegisterFile:RegisterFile|MyRegister16bit:reg4|flipflopR_1:\gen_register:15:vff|O ; Stuck at GND due to stuck port data_in ;
; MyRegisterFile:RegisterFile|MyRegister16bit:reg4|flipflopR_1:\gen_register:14:vff|O ; Stuck at GND due to stuck port data_in ;
; MyRegisterFile:RegisterFile|MyRegister16bit:reg4|flipflopR_1:\gen_register:13:vff|O ; Stuck at GND due to stuck port data_in ;
; MyRegisterFile:RegisterFile|MyRegister16bit:reg4|flipflopR_1:\gen_register:12:vff|O ; Stuck at GND due to stuck port data_in ;
; MyRegisterFile:RegisterFile|MyRegister16bit:reg4|flipflopR_1:\gen_register:11:vff|O ; Stuck at GND due to stuck port data_in ;
; MyRegisterFile:RegisterFile|MyRegister16bit:reg4|flipflopR_1:\gen_register:10:vff|O ; Stuck at GND due to stuck port data_in ;
; MyRegisterFile:RegisterFile|MyRegister16bit:reg4|flipflopR_1:\gen_register:9:vff|O  ; Stuck at GND due to stuck port data_in ;
; MyRegisterFile:RegisterFile|MyRegister16bit:reg4|flipflopR_1:\gen_register:8:vff|O  ; Stuck at GND due to stuck port data_in ;
; MyRegisterFile:RegisterFile|MyRegister16bit:reg4|flipflopR_1:\gen_register:7:vff|O  ; Stuck at GND due to stuck port data_in ;
; MyRegisterFile:RegisterFile|MyRegister16bit:reg4|flipflopR_1:\gen_register:6:vff|O  ; Stuck at GND due to stuck port data_in ;
; MyRegisterFile:RegisterFile|MyRegister16bit:reg4|flipflopR_1:\gen_register:5:vff|O  ; Stuck at GND due to stuck port data_in ;
; MyRegisterFile:RegisterFile|MyRegister16bit:reg4|flipflopR_1:\gen_register:4:vff|O  ; Stuck at GND due to stuck port data_in ;
; MyRegisterFile:RegisterFile|MyRegister16bit:reg4|flipflopR_1:\gen_register:3:vff|O  ; Stuck at GND due to stuck port data_in ;
; MyRegisterFile:RegisterFile|MyRegister16bit:reg4|flipflopR_1:\gen_register:2:vff|O  ; Stuck at GND due to stuck port data_in ;
; MyRegisterFile:RegisterFile|MyRegister16bit:reg4|flipflopR_1:\gen_register:1:vff|O  ; Stuck at GND due to stuck port data_in ;
; MyRegisterFile:RegisterFile|MyRegister16bit:reg4|flipflopR_1:\gen_register:0:vff|O  ; Stuck at GND due to stuck port data_in ;
; MyRegisterFile:RegisterFile|MyRegister16bit:reg3|flipflopR_1:\gen_register:15:vff|O ; Stuck at GND due to stuck port data_in ;
; MyRegisterFile:RegisterFile|MyRegister16bit:reg3|flipflopR_1:\gen_register:14:vff|O ; Stuck at GND due to stuck port data_in ;
; MyRegisterFile:RegisterFile|MyRegister16bit:reg3|flipflopR_1:\gen_register:13:vff|O ; Stuck at GND due to stuck port data_in ;
; MyRegisterFile:RegisterFile|MyRegister16bit:reg3|flipflopR_1:\gen_register:12:vff|O ; Stuck at GND due to stuck port data_in ;
; MyRegisterFile:RegisterFile|MyRegister16bit:reg3|flipflopR_1:\gen_register:11:vff|O ; Stuck at GND due to stuck port data_in ;
; MyRegisterFile:RegisterFile|MyRegister16bit:reg3|flipflopR_1:\gen_register:10:vff|O ; Stuck at GND due to stuck port data_in ;
; MyRegisterFile:RegisterFile|MyRegister16bit:reg3|flipflopR_1:\gen_register:9:vff|O  ; Stuck at GND due to stuck port data_in ;
; MyRegisterFile:RegisterFile|MyRegister16bit:reg3|flipflopR_1:\gen_register:8:vff|O  ; Stuck at GND due to stuck port data_in ;
; MyRegisterFile:RegisterFile|MyRegister16bit:reg3|flipflopR_1:\gen_register:7:vff|O  ; Stuck at GND due to stuck port data_in ;
; MyRegisterFile:RegisterFile|MyRegister16bit:reg3|flipflopR_1:\gen_register:6:vff|O  ; Stuck at GND due to stuck port data_in ;
; MyRegisterFile:RegisterFile|MyRegister16bit:reg3|flipflopR_1:\gen_register:5:vff|O  ; Stuck at GND due to stuck port data_in ;
; MyRegisterFile:RegisterFile|MyRegister16bit:reg3|flipflopR_1:\gen_register:4:vff|O  ; Stuck at GND due to stuck port data_in ;
; MyRegisterFile:RegisterFile|MyRegister16bit:reg3|flipflopR_1:\gen_register:3:vff|O  ; Stuck at GND due to stuck port data_in ;
; MyRegisterFile:RegisterFile|MyRegister16bit:reg3|flipflopR_1:\gen_register:2:vff|O  ; Stuck at GND due to stuck port data_in ;
; MyRegisterFile:RegisterFile|MyRegister16bit:reg3|flipflopR_1:\gen_register:1:vff|O  ; Stuck at GND due to stuck port data_in ;
; MyRegisterFile:RegisterFile|MyRegister16bit:reg3|flipflopR_1:\gen_register:0:vff|O  ; Stuck at GND due to stuck port data_in ;
; MyRegisterFile:RegisterFile|MyRegister16bit:reg2|flipflopR_1:\gen_register:15:vff|O ; Stuck at GND due to stuck port data_in ;
; MyRegisterFile:RegisterFile|MyRegister16bit:reg2|flipflopR_1:\gen_register:14:vff|O ; Stuck at GND due to stuck port data_in ;
; MyRegisterFile:RegisterFile|MyRegister16bit:reg2|flipflopR_1:\gen_register:13:vff|O ; Stuck at GND due to stuck port data_in ;
; MyRegisterFile:RegisterFile|MyRegister16bit:reg2|flipflopR_1:\gen_register:12:vff|O ; Stuck at GND due to stuck port data_in ;
; MyRegisterFile:RegisterFile|MyRegister16bit:reg2|flipflopR_1:\gen_register:11:vff|O ; Stuck at GND due to stuck port data_in ;
; MyRegisterFile:RegisterFile|MyRegister16bit:reg2|flipflopR_1:\gen_register:10:vff|O ; Stuck at GND due to stuck port data_in ;
; MyRegisterFile:RegisterFile|MyRegister16bit:reg2|flipflopR_1:\gen_register:9:vff|O  ; Stuck at GND due to stuck port data_in ;
; MyRegisterFile:RegisterFile|MyRegister16bit:reg2|flipflopR_1:\gen_register:8:vff|O  ; Stuck at GND due to stuck port data_in ;
; MyRegisterFile:RegisterFile|MyRegister16bit:reg2|flipflopR_1:\gen_register:7:vff|O  ; Stuck at GND due to stuck port data_in ;
; MyRegisterFile:RegisterFile|MyRegister16bit:reg2|flipflopR_1:\gen_register:6:vff|O  ; Stuck at GND due to stuck port data_in ;
; MyRegisterFile:RegisterFile|MyRegister16bit:reg2|flipflopR_1:\gen_register:5:vff|O  ; Stuck at GND due to stuck port data_in ;
; MyRegisterFile:RegisterFile|MyRegister16bit:reg2|flipflopR_1:\gen_register:4:vff|O  ; Stuck at GND due to stuck port data_in ;
; MyRegisterFile:RegisterFile|MyRegister16bit:reg2|flipflopR_1:\gen_register:3:vff|O  ; Stuck at GND due to stuck port data_in ;
; MyRegisterFile:RegisterFile|MyRegister16bit:reg2|flipflopR_1:\gen_register:2:vff|O  ; Stuck at GND due to stuck port data_in ;
; MyRegisterFile:RegisterFile|MyRegister16bit:reg2|flipflopR_1:\gen_register:1:vff|O  ; Stuck at GND due to stuck port data_in ;
; MyRegisterFile:RegisterFile|MyRegister16bit:reg2|flipflopR_1:\gen_register:0:vff|O  ; Stuck at GND due to stuck port data_in ;
; MyRegisterFile:RegisterFile|MyRegister16bit:reg1|flipflopR_1:\gen_register:15:vff|O ; Stuck at GND due to stuck port data_in ;
; MyRegisterFile:RegisterFile|MyRegister16bit:reg1|flipflopR_1:\gen_register:14:vff|O ; Stuck at GND due to stuck port data_in ;
; MyRegisterFile:RegisterFile|MyRegister16bit:reg1|flipflopR_1:\gen_register:13:vff|O ; Stuck at GND due to stuck port data_in ;
; MyRegisterFile:RegisterFile|MyRegister16bit:reg1|flipflopR_1:\gen_register:12:vff|O ; Stuck at GND due to stuck port data_in ;
; MyRegisterFile:RegisterFile|MyRegister16bit:reg1|flipflopR_1:\gen_register:11:vff|O ; Stuck at GND due to stuck port data_in ;
; MyRegisterFile:RegisterFile|MyRegister16bit:reg1|flipflopR_1:\gen_register:10:vff|O ; Stuck at GND due to stuck port data_in ;
; MyRegisterFile:RegisterFile|MyRegister16bit:reg1|flipflopR_1:\gen_register:9:vff|O  ; Stuck at GND due to stuck port data_in ;
; MyRegisterFile:RegisterFile|MyRegister16bit:reg1|flipflopR_1:\gen_register:8:vff|O  ; Stuck at GND due to stuck port data_in ;
; MyRegisterFile:RegisterFile|MyRegister16bit:reg1|flipflopR_1:\gen_register:7:vff|O  ; Stuck at GND due to stuck port data_in ;
; MyRegisterFile:RegisterFile|MyRegister16bit:reg1|flipflopR_1:\gen_register:6:vff|O  ; Stuck at GND due to stuck port data_in ;
; MyRegisterFile:RegisterFile|MyRegister16bit:reg1|flipflopR_1:\gen_register:5:vff|O  ; Stuck at GND due to stuck port data_in ;
; MyRegisterFile:RegisterFile|MyRegister16bit:reg1|flipflopR_1:\gen_register:4:vff|O  ; Stuck at GND due to stuck port data_in ;
; MyRegisterFile:RegisterFile|MyRegister16bit:reg1|flipflopR_1:\gen_register:3:vff|O  ; Stuck at GND due to stuck port data_in ;
; MyRegisterFile:RegisterFile|MyRegister16bit:reg1|flipflopR_1:\gen_register:2:vff|O  ; Stuck at GND due to stuck port data_in ;
; MyRegisterFile:RegisterFile|MyRegister16bit:reg1|flipflopR_1:\gen_register:1:vff|O  ; Stuck at GND due to stuck port data_in ;
; MyRegisterFile:RegisterFile|MyRegister16bit:reg1|flipflopR_1:\gen_register:0:vff|O  ; Stuck at GND due to stuck port data_in ;
; Total Number of Removed Registers = 112                                             ;                                        ;
+-------------------------------------------------------------------------------------+----------------------------------------+


+------------------------------------------------------+
; General Register Statistics                          ;
+----------------------------------------------+-------+
; Statistic                                    ; Value ;
+----------------------------------------------+-------+
; Total registers                              ; 16    ;
; Number of registers using Synchronous Clear  ; 0     ;
; Number of registers using Synchronous Load   ; 0     ;
; Number of registers using Asynchronous Clear ; 0     ;
; Number of registers using Asynchronous Load  ; 0     ;
; Number of registers using Clock Enable       ; 16    ;
; Number of registers using Preset             ; 0     ;
+----------------------------------------------+-------+


+------------------------------------------------------------+
; Parameter Settings for User Entity Instance: JRSelector:JR ;
+----------------+-------+-----------------------------------+
; Parameter Name ; Value ; Type                              ;
+----------------+-------+-----------------------------------+
; n              ; 16    ; Signed Integer                    ;
+----------------+-------+-----------------------------------+
Note: In order to hide this table in the UI and the text report file, please set the "Show Parameter Settings in Synthesis Report" option in "Analysis and Synthesis Settings -> More Settings" to "Off".


+-----------------------------------------------------------------+
; Parameter Settings for User Entity Instance: MyRegister16bit:PC ;
+----------------+-------+----------------------------------------+
; Parameter Name ; Value ; Type                                   ;
+----------------+-------+----------------------------------------+
; n              ; 16    ; Signed Integer                         ;
+----------------+-------+----------------------------------------+
Note: In order to hide this table in the UI and the text report file, please set the "Show Parameter Settings in Synthesis Report" option in "Analysis and Synthesis Settings -> More Settings" to "Off".


+---------------------------------------------------------------------+
; Parameter Settings for User Entity Instance: register_IF_ID:IFIDREG ;
+----------------+-------+--------------------------------------------+
; Parameter Name ; Value ; Type                                       ;
+----------------+-------+--------------------------------------------+
; n              ; 16    ; Signed Integer                             ;
+----------------+-------+--------------------------------------------+
Note: In order to hide this table in the UI and the text report file, please set the "Show Parameter Settings in Synthesis Report" option in "Analysis and Synthesis Settings -> More Settings" to "Off".


+-----------------------------------------------------------------------------------------------+
; Parameter Settings for User Entity Instance: MyRegisterFile:RegisterFile|MyRegister16bit:reg1 ;
+----------------+-------+----------------------------------------------------------------------+
; Parameter Name ; Value ; Type                                                                 ;
+----------------+-------+----------------------------------------------------------------------+
; n              ; 16    ; Signed Integer                                                       ;
+----------------+-------+----------------------------------------------------------------------+
Note: In order to hide this table in the UI and the text report file, please set the "Show Parameter Settings in Synthesis Report" option in "Analysis and Synthesis Settings -> More Settings" to "Off".


+-----------------------------------------------------------------------------------------------+
; Parameter Settings for User Entity Instance: MyRegisterFile:RegisterFile|MyRegister16bit:reg2 ;
+----------------+-------+----------------------------------------------------------------------+
; Parameter Name ; Value ; Type                                                                 ;
+----------------+-------+----------------------------------------------------------------------+
; n              ; 16    ; Signed Integer                                                       ;
+----------------+-------+----------------------------------------------------------------------+
Note: In order to hide this table in the UI and the text report file, please set the "Show Parameter Settings in Synthesis Report" option in "Analysis and Synthesis Settings -> More Settings" to "Off".


+-----------------------------------------------------------------------------------------------+
; Parameter Settings for User Entity Instance: MyRegisterFile:RegisterFile|MyRegister16bit:reg3 ;
+----------------+-------+----------------------------------------------------------------------+
; Parameter Name ; Value ; Type                                                                 ;
+----------------+-------+----------------------------------------------------------------------+
; n              ; 16    ; Signed Integer                                                       ;
+----------------+-------+----------------------------------------------------------------------+
Note: In order to hide this table in the UI and the text report file, please set the "Show Parameter Settings in Synthesis Report" option in "Analysis and Synthesis Settings -> More Settings" to "Off".


+-----------------------------------------------------------------------------------------------+
; Parameter Settings for User Entity Instance: MyRegisterFile:RegisterFile|MyRegister16bit:reg4 ;
+----------------+-------+----------------------------------------------------------------------+
; Parameter Name ; Value ; Type                                                                 ;
+----------------+-------+----------------------------------------------------------------------+
; n              ; 16    ; Signed Integer                                                       ;
+----------------+-------+----------------------------------------------------------------------+
Note: In order to hide this table in the UI and the text report file, please set the "Show Parameter Settings in Synthesis Report" option in "Analysis and Synthesis Settings -> More Settings" to "Off".


+-----------------------------------------------------------------------------------------------+
; Parameter Settings for User Entity Instance: MyRegisterFile:RegisterFile|MyRegister16bit:reg5 ;
+----------------+-------+----------------------------------------------------------------------+
; Parameter Name ; Value ; Type                                                                 ;
+----------------+-------+----------------------------------------------------------------------+
; n              ; 16    ; Signed Integer                                                       ;
+----------------+-------+----------------------------------------------------------------------+
Note: In order to hide this table in the UI and the text report file, please set the "Show Parameter Settings in Synthesis Report" option in "Analysis and Synthesis Settings -> More Settings" to "Off".


+-----------------------------------------------------------------------------------------------+
; Parameter Settings for User Entity Instance: MyRegisterFile:RegisterFile|MyRegister16bit:reg6 ;
+----------------+-------+----------------------------------------------------------------------+
; Parameter Name ; Value ; Type                                                                 ;
+----------------+-------+----------------------------------------------------------------------+
; n              ; 16    ; Signed Integer                                                       ;
+----------------+-------+----------------------------------------------------------------------+
Note: In order to hide this table in the UI and the text report file, please set the "Show Parameter Settings in Synthesis Report" option in "Analysis and Synthesis Settings -> More Settings" to "Off".


+-----------------------------------------------------------------------------------------------+
; Parameter Settings for User Entity Instance: MyRegisterFile:RegisterFile|MyRegister16bit:reg7 ;
+----------------+-------+----------------------------------------------------------------------+
; Parameter Name ; Value ; Type                                                                 ;
+----------------+-------+----------------------------------------------------------------------+
; n              ; 16    ; Signed Integer                                                       ;
+----------------+-------+----------------------------------------------------------------------+
Note: In order to hide this table in the UI and the text report file, please set the "Show Parameter Settings in Synthesis Report" option in "Analysis and Synthesis Settings -> More Settings" to "Off".


+----------------------------------------------------------------------------------------------------------------+
; Port Connectivity Checks: "MyImmExtension:SignExtend"                                                          ;
+------+--------+----------+-------------------------------------------------------------------------------------+
; Port ; Type   ; Severity ; Details                                                                             ;
+------+--------+----------+-------------------------------------------------------------------------------------+
; o    ; Output ; Info     ; Connected to dangling logic. Logic that only feeds a dangling port will be removed. ;
+------+--------+----------+-------------------------------------------------------------------------------------+


+------------------------------------------------------------------------------+
; Port Connectivity Checks: "MyRegisterFile:RegisterFile|MyRegister16bit:reg7" ;
+---------+-------+----------+-------------------------------------------------+
; Port    ; Type  ; Severity ; Details                                         ;
+---------+-------+----------+-------------------------------------------------+
; reset_n ; Input ; Info     ; Stuck at VCC                                    ;
+---------+-------+----------+-------------------------------------------------+


+------------------------------------------------------------------------------+
; Port Connectivity Checks: "MyRegisterFile:RegisterFile|MyRegister16bit:reg6" ;
+---------+-------+----------+-------------------------------------------------+
; Port    ; Type  ; Severity ; Details                                         ;
+---------+-------+----------+-------------------------------------------------+
; reset_n ; Input ; Info     ; Stuck at VCC                                    ;
+---------+-------+----------+-------------------------------------------------+


+------------------------------------------------------------------------------+
; Port Connectivity Checks: "MyRegisterFile:RegisterFile|MyRegister16bit:reg5" ;
+---------+-------+----------+-------------------------------------------------+
; Port    ; Type  ; Severity ; Details                                         ;
+---------+-------+----------+-------------------------------------------------+
; reset_n ; Input ; Info     ; Stuck at VCC                                    ;
+---------+-------+----------+-------------------------------------------------+


+------------------------------------------------------------------------------+
; Port Connectivity Checks: "MyRegisterFile:RegisterFile|MyRegister16bit:reg4" ;
+---------+-------+----------+-------------------------------------------------+
; Port    ; Type  ; Severity ; Details                                         ;
+---------+-------+----------+-------------------------------------------------+
; reset_n ; Input ; Info     ; Stuck at VCC                                    ;
+---------+-------+----------+-------------------------------------------------+


+------------------------------------------------------------------------------+
; Port Connectivity Checks: "MyRegisterFile:RegisterFile|MyRegister16bit:reg3" ;
+---------+-------+----------+-------------------------------------------------+
; Port    ; Type  ; Severity ; Details                                         ;
+---------+-------+----------+-------------------------------------------------+
; reset_n ; Input ; Info     ; Stuck at VCC                                    ;
+---------+-------+----------+-------------------------------------------------+


+------------------------------------------------------------------------------+
; Port Connectivity Checks: "MyRegisterFile:RegisterFile|MyRegister16bit:reg2" ;
+---------+-------+----------+-------------------------------------------------+
; Port    ; Type  ; Severity ; Details                                         ;
+---------+-------+----------+-------------------------------------------------+
; reset_n ; Input ; Info     ; Stuck at VCC                                    ;
+---------+-------+----------+-------------------------------------------------+


+------------------------------------------------------------------------------+
; Port Connectivity Checks: "MyRegisterFile:RegisterFile|MyRegister16bit:reg1" ;
+---------+-------+----------+-------------------------------------------------+
; Port    ; Type  ; Severity ; Details                                         ;
+---------+-------+----------+-------------------------------------------------+
; reset_n ; Input ; Info     ; Stuck at VCC                                    ;
+---------+-------+----------+-------------------------------------------------+


+-------------------------------------------------------------------------------------------------+
; Port Connectivity Checks: "MyRegisterFile:RegisterFile|MyPseudoRegisterZero:reg0|MyAnd16bit:v0" ;
+------+-------+----------+-----------------------------------------------------------------------+
; Port ; Type  ; Severity ; Details                                                               ;
+------+-------+----------+-----------------------------------------------------------------------+
; b    ; Input ; Info     ; Stuck at GND                                                          ;
+------+-------+----------+-----------------------------------------------------------------------+


+-----------------------------------------------------------------------------------+
; Port Connectivity Checks: "MyRegisterFile:RegisterFile|MyPseudoRegisterZero:reg0" ;
+---------+-------+----------+------------------------------------------------------+
; Port    ; Type  ; Severity ; Details                                              ;
+---------+-------+----------+------------------------------------------------------+
; reset_n ; Input ; Info     ; Stuck at VCC                                         ;
+---------+-------+----------+------------------------------------------------------+


+--------------------------------------------------------------------------------------------------------------------+
; Port Connectivity Checks: "MyRegisterFile:RegisterFile"                                                            ;
+----------+--------+----------+-------------------------------------------------------------------------------------+
; Port     ; Type   ; Severity ; Details                                                                             ;
+----------+--------+----------+-------------------------------------------------------------------------------------+
; write1ad ; Input  ; Info     ; Stuck at GND                                                                        ;
; write1   ; Input  ; Info     ; Stuck at GND                                                                        ;
; read1    ; Output ; Info     ; Connected to dangling logic. Logic that only feeds a dangling port will be removed. ;
; read2    ; Output ; Info     ; Connected to dangling logic. Logic that only feeds a dangling port will be removed. ;
+----------+--------+----------+-------------------------------------------------------------------------------------+


+----------------------------------------------------------------------------------------------------------------------+
; Port Connectivity Checks: "hazardUnit:Hazard"                                                                        ;
+------------+--------+----------+-------------------------------------------------------------------------------------+
; Port       ; Type   ; Severity ; Details                                                                             ;
+------------+--------+----------+-------------------------------------------------------------------------------------+
; wasjump    ; Input  ; Info     ; Stuck at GND                                                                        ;
; mustbranch ; Input  ; Info     ; Stuck at GND                                                                        ;
; wasjumpout ; Output ; Info     ; Connected to dangling logic. Logic that only feeds a dangling port will be removed. ;
+------------+--------+----------+-------------------------------------------------------------------------------------+


+----------------------------------------------------------------------------------------------------------------------+
; Port Connectivity Checks: "MyRegisterControl:Controller"                                                             ;
+------------+--------+----------+-------------------------------------------------------------------------------------+
; Port       ; Type   ; Severity ; Details                                                                             ;
+------------+--------+----------+-------------------------------------------------------------------------------------+
; isbranch   ; Output ; Info     ; Connected to dangling logic. Logic that only feeds a dangling port will be removed. ;
; isldword   ; Output ; Info     ; Connected to dangling logic. Logic that only feeds a dangling port will be removed. ;
; ismfpc     ; Output ; Info     ; Connected to dangling logic. Logic that only feeds a dangling port will be removed. ;
; isrtype    ; Output ; Info     ; Connected to dangling logic. Logic that only feeds a dangling port will be removed. ;
; isreaddig  ; Output ; Info     ; Connected to dangling logic. Logic that only feeds a dangling port will be removed. ;
; isstword   ; Output ; Info     ; Connected to dangling logic. Logic that only feeds a dangling port will be removed. ;
; iswritedig ; Output ; Info     ; Connected to dangling logic. Logic that only feeds a dangling port will be removed. ;
+------------+--------+----------+-------------------------------------------------------------------------------------+


+------------------------------------------------+
; Port Connectivity Checks: "MyRegister16bit:PC" ;
+---------+-------+----------+-------------------+
; Port    ; Type  ; Severity ; Details           ;
+---------+-------+----------+-------------------+
; reset_n ; Input ; Info     ; Stuck at VCC      ;
+---------+-------+----------+-------------------+


+--------------------------------------------------+
; Port Connectivity Checks: "JRSelector:JR"        ;
+----------------+-------+----------+--------------+
; Port           ; Type  ; Severity ; Details      ;
+----------------+-------+----------+--------------+
; jumpad[15..12] ; Input ; Info     ; Stuck at GND ;
; branchad       ; Input ; Info     ; Stuck at GND ;
+----------------+-------+----------+--------------+


+-----------------------------------------------------+
; Post-Synthesis Netlist Statistics for Top Partition ;
+-----------------------+-----------------------------+
; Type                  ; Count                       ;
+-----------------------+-----------------------------+
; arriav_ff             ; 16                          ;
;     ENA               ; 16                          ;
; arriav_lcell_comb     ; 99                          ;
;     arith             ; 15                          ;
;         1 data inputs ; 15                          ;
;     normal            ; 84                          ;
;         0 data inputs ; 1                           ;
;         2 data inputs ; 1                           ;
;         3 data inputs ; 32                          ;
;         4 data inputs ; 14                          ;
;         5 data inputs ; 3                           ;
;         6 data inputs ; 33                          ;
; boundary_port         ; 277                         ;
;                       ;                             ;
; Max LUT depth         ; 4.40                        ;
; Average LUT depth     ; 2.47                        ;
+-----------------------+-----------------------------+


+-------------------------------+
; Elapsed Time Per Partition    ;
+----------------+--------------+
; Partition Name ; Elapsed Time ;
+----------------+--------------+
; Top            ; 00:00:00     ;
+----------------+--------------+


+-------------------------------+
; Analysis & Synthesis Messages ;
+-------------------------------+
Info: *******************************************************************
Info: Running Quartus Prime Analysis & Synthesis
    Info: Version 19.1.0 Build 670 09/22/2019 SJ Lite Edition
    Info: Processing started: Sat May 23 08:49:41 2026
Info: Command: quartus_map --read_settings_files=on --write_settings_files=off Processor -c Processor
Warning (18236): Number of processors has not been specified which may cause overloading on shared machines.  Set the global assignment NUM_PARALLEL_PROCESSORS in your QSF to an appropriate value for best performance.
Info (20030): Parallel compilation is enabled and will use 4 of the 4 processors detected
Info (12021): Found 2 design units, including 1 entities, in source file /ergasia1_comp_arch/16bit-cpu/trapunit/trapunit.vhd
    Info (12022): Found design unit 1: trapUnit-behavior File: C:/ERGASIA1_COMP_ARCH/16bit-CPU/trapUnit/trapUnit.vhd Line: 11
    Info (12023): Found entity 1: trapUnit File: C:/ERGASIA1_COMP_ARCH/16bit-CPU/trapUnit/trapUnit.vhd Line: 4
Info (12021): Found 2 design units, including 1 entities, in source file /ergasia1_comp_arch/16bit-cpu/register_mem_wb/register_mem_wb.vhd
    Info (12022): Found design unit 1: register_MEM_WB-behavior File: C:/ERGASIA1_COMP_ARCH/16bit-CPU/register_MEM_WB/register_MEM_WB.vhd Line: 21
    Info (12023): Found entity 1: register_MEM_WB File: C:/ERGASIA1_COMP_ARCH/16bit-CPU/register_MEM_WB/register_MEM_WB.vhd Line: 5
Info (12021): Found 2 design units, including 1 entities, in source file /ergasia1_comp_arch/16bit-cpu/register_id_ex/register_id_ex.vhd
    Info (12022): Found design unit 1: register_ID_EX-behavior File: C:/ERGASIA1_COMP_ARCH/16bit-CPU/register_ID_EX/register_ID_EX.vhd Line: 38
    Info (12023): Found entity 1: register_ID_EX File: C:/ERGASIA1_COMP_ARCH/16bit-CPU/register_ID_EX/register_ID_EX.vhd Line: 5
Info (12021): Found 2 design units, including 1 entities, in source file /ergasia1_comp_arch/16bit-cpu/register_if_id/register_if_id.vhd
    Info (12022): Found design unit 1: register_IF_ID-behavior File: C:/ERGASIA1_COMP_ARCH/16bit-CPU/register_IF_ID/register_IF_ID.vhd Line: 17
    Info (12023): Found entity 1: register_IF_ID File: C:/ERGASIA1_COMP_ARCH/16bit-CPU/register_IF_ID/register_IF_ID.vhd Line: 5
Info (12021): Found 2 design units, including 1 entities, in source file /ergasia1_comp_arch/16bit-cpu/register_ex_mem/register_ex_mem.vhd
    Info (12022): Found design unit 1: register_EX_MEM-behavior File: C:/ERGASIA1_COMP_ARCH/16bit-CPU/register_EX_MEM/register_EX_MEM.vhd Line: 27
    Info (12023): Found entity 1: register_EX_MEM File: C:/ERGASIA1_COMP_ARCH/16bit-CPU/register_EX_MEM/register_EX_MEM.vhd Line: 5
Info (12021): Found 2 design units, including 1 entities, in source file /ergasia1_comp_arch/16bit-cpu/myxor16bit/myxor16bit.vhd
    Info (12022): Found design unit 1: MyXor16bit-StructuralMyXor16bit File: C:/ERGASIA1_COMP_ARCH/16bit-CPU/MyXor16bit/MyXor16bit.vhd Line: 10
    Info (12023): Found entity 1: MyXor16bit File: C:/ERGASIA1_COMP_ARCH/16bit-CPU/MyXor16bit/MyXor16bit.vhd Line: 4
Info (12021): Found 2 design units, including 1 entities, in source file /ergasia1_comp_arch/16bit-cpu/myxor2/myxor2.vhd
    Info (12022): Found design unit 1: MyXor2-StructuralMyXor2 File: C:/ERGASIA1_COMP_ARCH/16bit-CPU/MyXor2/MyXor2.vhd Line: 10
    Info (12023): Found entity 1: MyXor2 File: C:/ERGASIA1_COMP_ARCH/16bit-CPU/MyXor2/MyXor2.vhd Line: 4
Info (12021): Found 2 design units, including 1 entities, in source file /ergasia1_comp_arch/16bit-cpu/myshiftregister4bit/myshiftregister4bit.vhd
    Info (12022): Found design unit 1: MyShiftRegister4bit-Structural File: C:/ERGASIA1_COMP_ARCH/16bit-CPU/MyShiftRegister4bit/MyShiftRegister4bit.vhd Line: 12
    Info (12023): Found entity 1: MyShiftRegister4bit File: C:/ERGASIA1_COMP_ARCH/16bit-CPU/MyShiftRegister4bit/MyShiftRegister4bit.vhd Line: 4
Info (12021): Found 2 design units, including 1 entities, in source file /ergasia1_comp_arch/16bit-cpu/myregisterfile/myregisterfile.vhd
    Info (12022): Found design unit 1: MyRegisterFile-Structural File: C:/ERGASIA1_COMP_ARCH/16bit-CPU/MyRegisterFile/MyRegisterFile.vhd Line: 16
    Info (12023): Found entity 1: MyRegisterFile File: C:/ERGASIA1_COMP_ARCH/16bit-CPU/MyRegisterFile/MyRegisterFile.vhd Line: 4
Info (12021): Found 2 design units, including 1 entities, in source file /ergasia1_comp_arch/16bit-cpu/myregistercontrol/myregistercontrol.vhd
    Info (12022): Found design unit 1: MyRegisterControl-Behavioral File: C:/ERGASIA1_COMP_ARCH/16bit-CPU/MyRegisterControl/MyRegisterControl.vhd Line: 22
    Info (12023): Found entity 1: MyRegisterControl File: C:/ERGASIA1_COMP_ARCH/16bit-CPU/MyRegisterControl/MyRegisterControl.vhd Line: 4
Info (12021): Found 2 design units, including 1 entities, in source file /ergasia1_comp_arch/16bit-cpu/myregister16bit/myregister16bit.vhd
    Info (12022): Found design unit 1: MyRegister16bit-Structural File: C:/ERGASIA1_COMP_ARCH/16bit-CPU/MyRegister16bit/MyRegister16bit.vhd Line: 12
    Info (12023): Found entity 1: MyRegister16bit File: C:/ERGASIA1_COMP_ARCH/16bit-CPU/MyRegister16bit/MyRegister16bit.vhd Line: 4
Info (12021): Found 2 design units, including 1 entities, in source file /ergasia1_comp_arch/16bit-cpu/mypseudoregisterzero/mypseudoregisterzero.vhd
    Info (12022): Found design unit 1: MyPseudoRegisterZero-Structural File: C:/ERGASIA1_COMP_ARCH/16bit-CPU/MyPseudoRegisterZero/MyPseudoRegisterZero.vhd Line: 13
    Info (12023): Found entity 1: MyPseudoRegisterZero File: C:/ERGASIA1_COMP_ARCH/16bit-CPU/MyPseudoRegisterZero/MyPseudoRegisterZero.vhd Line: 4
Info (12021): Found 2 design units, including 1 entities, in source file /ergasia1_comp_arch/16bit-cpu/myprogramcounter/myprogramcounter.vhd
    Info (12022): Found design unit 1: MyProgramCounter-Behavioral File: C:/ERGASIA1_COMP_ARCH/16bit-CPU/MyProgramCounter/MyProgramCounter.vhd Line: 15
    Info (12023): Found entity 1: MyProgramCounter File: C:/ERGASIA1_COMP_ARCH/16bit-CPU/MyProgramCounter/MyProgramCounter.vhd Line: 5
Info (12021): Found 2 design units, including 1 entities, in source file /ergasia1_comp_arch/16bit-cpu/myor16bit/myor16bit.vhd
    Info (12022): Found design unit 1: MyOr16bit-StructMyOr16bit File: C:/ERGASIA1_COMP_ARCH/16bit-CPU/MyOr16bit/MyOr16bit.vhd Line: 10
    Info (12023): Found entity 1: MyOr16bit File: C:/ERGASIA1_COMP_ARCH/16bit-CPU/MyOr16bit/MyOr16bit.vhd Line: 4
Info (12021): Found 2 design units, including 1 entities, in source file /ergasia1_comp_arch/16bit-cpu/myor4/myor4.vhd
    Info (12022): Found design unit 1: MyOr4-BehavioralMyOr4 File: C:/ERGASIA1_COMP_ARCH/16bit-CPU/MyOr4/MyOr4.vhd Line: 12
    Info (12023): Found entity 1: MyOr4 File: C:/ERGASIA1_COMP_ARCH/16bit-CPU/MyOr4/MyOr4.vhd Line: 4
Info (12021): Found 2 design units, including 1 entities, in source file /ergasia1_comp_arch/16bit-cpu/myor3/myor3.vhd
    Info (12022): Found design unit 1: MyOr3-BehavioralMyOr3 File: C:/ERGASIA1_COMP_ARCH/16bit-CPU/MyOr3/MyOr3.vhd Line: 11
    Info (12023): Found entity 1: MyOr3 File: C:/ERGASIA1_COMP_ARCH/16bit-CPU/MyOr3/MyOr3.vhd Line: 4
Info (12021): Found 2 design units, including 1 entities, in source file /ergasia1_comp_arch/16bit-cpu/myor2/myor2.vhd
    Info (12022): Found design unit 1: MyOr2-BehavioralMyOr2 File: C:/ERGASIA1_COMP_ARCH/16bit-CPU/MyOr2/MyOr2.vhd Line: 10
    Info (12023): Found entity 1: MyOr2 File: C:/ERGASIA1_COMP_ARCH/16bit-CPU/MyOr2/MyOr2.vhd Line: 4
Info (12021): Found 2 design units, including 1 entities, in source file /ergasia1_comp_arch/16bit-cpu/mynot16bit/mynot16bit.vhd
    Info (12022): Found design unit 1: MyNot16bit-StructMyNot16bit File: C:/ERGASIA1_COMP_ARCH/16bit-CPU/MyNot16bit/MyNot16bit.vhd Line: 9
    Info (12023): Found entity 1: MyNot16bit File: C:/ERGASIA1_COMP_ARCH/16bit-CPU/MyNot16bit/MyNot16bit.vhd Line: 4
Info (12021): Found 2 design units, including 1 entities, in source file /ergasia1_comp_arch/16bit-cpu/mynot/mynot.vhd
    Info (12022): Found design unit 1: MyNot-BehavioralMyNot File: C:/ERGASIA1_COMP_ARCH/16bit-CPU/MyNot/MyNot.vhd Line: 9
    Info (12023): Found entity 1: MyNot File: C:/ERGASIA1_COMP_ARCH/16bit-CPU/MyNot/MyNot.vhd Line: 4
Info (12021): Found 2 design units, including 1 entities, in source file /ergasia1_comp_arch/16bit-cpu/mynor16bit/mynor16bit.vhd
    Info (12022): Found design unit 1: MyNor16bit-StructuralMyNor16bit File: C:/ERGASIA1_COMP_ARCH/16bit-CPU/MyNor16bit/MyNor16bit.vhd Line: 10
    Info (12023): Found entity 1: MyNor16bit File: C:/ERGASIA1_COMP_ARCH/16bit-CPU/MyNor16bit/MyNor16bit.vhd Line: 4
Info (12021): Found 2 design units, including 1 entities, in source file /ergasia1_comp_arch/16bit-cpu/mynor2/mynor2.vhd
    Info (12022): Found design unit 1: MyNor2-StructuralMyNor2 File: C:/ERGASIA1_COMP_ARCH/16bit-CPU/MyNor2/MyNor2.vhd Line: 10
    Info (12023): Found entity 1: MyNor2 File: C:/ERGASIA1_COMP_ARCH/16bit-CPU/MyNor2/MyNor2.vhd Line: 4
Info (12021): Found 2 design units, including 1 entities, in source file /ergasia1_comp_arch/16bit-cpu/mymux8to1_16bit/mymux8to1_16bit.vhd
    Info (12022): Found design unit 1: MyMux8to1_16bit-StructuralMyMux8to1_16bit File: C:/ERGASIA1_COMP_ARCH/16bit-CPU/MyMux8to1_16bit/MyMux8to1_16bit.vhd Line: 17
    Info (12023): Found entity 1: MyMux8to1_16bit File: C:/ERGASIA1_COMP_ARCH/16bit-CPU/MyMux8to1_16bit/MyMux8to1_16bit.vhd Line: 4
Info (12021): Found 2 design units, including 1 entities, in source file /ergasia1_comp_arch/16bit-cpu/mymux8to1/mymux8to1.vhd
    Info (12022): Found design unit 1: MyMux8to1-StructuralMyMux8to1 File: C:/ERGASIA1_COMP_ARCH/16bit-CPU/MyMux8to1/MyMux8to1.vhd Line: 17
    Info (12023): Found entity 1: MyMux8to1 File: C:/ERGASIA1_COMP_ARCH/16bit-CPU/MyMux8to1/MyMux8to1.vhd Line: 4
Info (12021): Found 2 design units, including 1 entities, in source file /ergasia1_comp_arch/16bit-cpu/mymux4to1/mymux4to1.vhd
    Info (12022): Found design unit 1: MyMux4to1-StructuralMyMux4to1 File: C:/ERGASIA1_COMP_ARCH/16bit-CPU/MyMux4to1/MyMux4to1.vhd Line: 13
    Info (12023): Found entity 1: MyMux4to1 File: C:/ERGASIA1_COMP_ARCH/16bit-CPU/MyMux4to1/MyMux4to1.vhd Line: 4
Info (12021): Found 2 design units, including 1 entities, in source file /ergasia1_comp_arch/16bit-cpu/mymux2to1_16bit/mymux2to1_16bit.vhd
    Info (12022): Found design unit 1: MyMux2to1_16bit-StructuralMyMux2to1_16bit File: C:/ERGASIA1_COMP_ARCH/16bit-CPU/MyMux2to1_16bit/MyMux2to1_16bit.vhd Line: 11
    Info (12023): Found entity 1: MyMux2to1_16bit File: C:/ERGASIA1_COMP_ARCH/16bit-CPU/MyMux2to1_16bit/MyMux2to1_16bit.vhd Line: 4
Info (12021): Found 2 design units, including 1 entities, in source file /ergasia1_comp_arch/16bit-cpu/mymux2to1/mymux2to1.vhd
    Info (12022): Found design unit 1: MyMux2to1-StructuralMyMux2to1 File: C:/ERGASIA1_COMP_ARCH/16bit-CPU/MyMux2to1/MyMux2to1.vhd Line: 11
    Info (12023): Found entity 1: MyMux2to1 File: C:/ERGASIA1_COMP_ARCH/16bit-CPU/MyMux2to1/MyMux2to1.vhd Line: 4
Info (12021): Found 2 design units, including 1 entities, in source file /ergasia1_comp_arch/16bit-cpu/myjumpaddress/myjumpaddress.vhd
    Info (12022): Found design unit 1: MyJumpAddress-Structural File: C:/ERGASIA1_COMP_ARCH/16bit-CPU/MyJumpAddress/MyJumpAddress.vhd Line: 10
    Info (12023): Found entity 1: MyJumpAddress File: C:/ERGASIA1_COMP_ARCH/16bit-CPU/MyJumpAddress/MyJumpAddress.vhd Line: 4
Info (12021): Found 2 design units, including 1 entities, in source file /ergasia1_comp_arch/16bit-cpu/myimmextension/myimmextension.vhd
    Info (12022): Found design unit 1: MyImmExtension-structural File: C:/ERGASIA1_COMP_ARCH/16bit-CPU/MyImmExtension/MyImmExtension.vhd Line: 9
    Info (12023): Found entity 1: MyImmExtension File: C:/ERGASIA1_COMP_ARCH/16bit-CPU/MyImmExtension/MyImmExtension.vhd Line: 4
Info (12021): Found 2 design units, including 1 entities, in source file /ergasia1_comp_arch/16bit-cpu/mygreaterequal16bit/mygreaterequal16bit.vhd
    Info (12022): Found design unit 1: MyGreaterEqual16bit-StructMyGreaterEqual16bit File: C:/ERGASIA1_COMP_ARCH/16bit-CPU/MyGreaterEqual16bit/MyGreaterEqual16bit.vhd Line: 9
    Info (12023): Found entity 1: MyGreaterEqual16bit File: C:/ERGASIA1_COMP_ARCH/16bit-CPU/MyGreaterEqual16bit/MyGreaterEqual16bit.vhd Line: 4
Info (12021): Found 2 design units, including 1 entities, in source file /ergasia1_comp_arch/16bit-cpu/myfulladder16bit/myfulladder16bit.vhd
    Info (12022): Found design unit 1: MyFullAdder16bit-StructuralMyFullAdder16bit File: C:/ERGASIA1_COMP_ARCH/16bit-CPU/MyFullAdder16bit/MyFullAdder16bit.vhd Line: 12
    Info (12023): Found entity 1: MyFullAdder16bit File: C:/ERGASIA1_COMP_ARCH/16bit-CPU/MyFullAdder16bit/MyFullAdder16bit.vhd Line: 4
Info (12021): Found 2 design units, including 1 entities, in source file /ergasia1_comp_arch/16bit-cpu/myfulladder1bit/myfulladder1bit.vhd
    Info (12022): Found design unit 1: MyFullAdder1bit-StructuralOfMyFullAdder1bit File: C:/ERGASIA1_COMP_ARCH/16bit-CPU/MyFullAdder1bit/MyFullAdder1bit.vhd Line: 12
    Info (12023): Found entity 1: MyFullAdder1bit File: C:/ERGASIA1_COMP_ARCH/16bit-CPU/MyFullAdder1bit/MyFullAdder1bit.vhd Line: 4
Info (12021): Found 2 design units, including 1 entities, in source file /ergasia1_comp_arch/16bit-cpu/myflipflopr_16/myflipflopr_16.vhd
    Info (12022): Found design unit 1: MyFlipFlopR_16-behavioral File: C:/ERGASIA1_COMP_ARCH/16bit-CPU/MyFlipFlopR_16/MyFlipFlopR_16.vhd Line: 12
    Info (12023): Found entity 1: MyFlipFlopR_16 File: C:/ERGASIA1_COMP_ARCH/16bit-CPU/MyFlipFlopR_16/MyFlipFlopR_16.vhd Line: 4
Info (12021): Found 2 design units, including 1 entities, in source file /ergasia1_comp_arch/16bit-cpu/myflipflopr_1/flipflopr_1.vhd
    Info (12022): Found design unit 1: flipflopR_1-behavioral File: C:/ERGASIA1_COMP_ARCH/16bit-CPU/MyFlipFlopR_1/flipflopR_1.vhd Line: 12
    Info (12023): Found entity 1: flipflopR_1 File: C:/ERGASIA1_COMP_ARCH/16bit-CPU/MyFlipFlopR_1/flipflopR_1.vhd Line: 4
Info (12021): Found 2 design units, including 1 entities, in source file /ergasia1_comp_arch/16bit-cpu/myflipflopf_16/myflipflopf_16.vhd
    Info (12022): Found design unit 1: MyFlipFlopF_16-behavioral File: C:/ERGASIA1_COMP_ARCH/16bit-CPU/MyFlipFlopF_16/MyFlipFlopF_16.vhd Line: 12
    Info (12023): Found entity 1: MyFlipFlopF_16 File: C:/ERGASIA1_COMP_ARCH/16bit-CPU/MyFlipFlopF_16/MyFlipFlopF_16.vhd Line: 4
Info (12021): Found 2 design units, including 1 entities, in source file /ergasia1_comp_arch/16bit-cpu/myflipflopf_1/flipflopf_1.vhd
    Info (12022): Found design unit 1: flipflopF_1-behavioral File: C:/ERGASIA1_COMP_ARCH/16bit-CPU/MyFlipFlopF_1/flipflopF_1.vhd Line: 12
    Info (12023): Found entity 1: flipflopF_1 File: C:/ERGASIA1_COMP_ARCH/16bit-CPU/MyFlipFlopF_1/flipflopF_1.vhd Line: 4
Info (12021): Found 2 design units, including 1 entities, in source file /ergasia1_comp_arch/16bit-cpu/myffmux2to1/myffmux2to1.vhd
    Info (12022): Found design unit 1: MyFFMux2to1-structural File: C:/ERGASIA1_COMP_ARCH/16bit-CPU/MyFFMux2to1/MyFFMux2to1.vhd Line: 13
    Info (12023): Found entity 1: MyFFMux2to1 File: C:/ERGASIA1_COMP_ARCH/16bit-CPU/MyFFMux2to1/MyFFMux2to1.vhd Line: 4
Info (12021): Found 2 design units, including 1 entities, in source file /ergasia1_comp_arch/16bit-cpu/myextend12to16/myextend12to16.vhd
    Info (12022): Found design unit 1: MyExtend12to16-Structural File: C:/ERGASIA1_COMP_ARCH/16bit-CPU/MyExtend12to16/MyExtend12to16.vhd Line: 10
    Info (12023): Found entity 1: MyExtend12to16 File: C:/ERGASIA1_COMP_ARCH/16bit-CPU/MyExtend12to16/MyExtend12to16.vhd Line: 4
Info (12021): Found 2 design units, including 1 entities, in source file /ergasia1_comp_arch/16bit-cpu/mydecoder3to8/mydecoder3to8.vhd
    Info (12022): Found design unit 1: MyDecoder3to8-StructuralMyDecoder3to8 File: C:/ERGASIA1_COMP_ARCH/16bit-CPU/MyDecoder3to8/MyDecoder3to8.vhd Line: 9
    Info (12023): Found entity 1: MyDecoder3to8 File: C:/ERGASIA1_COMP_ARCH/16bit-CPU/MyDecoder3to8/MyDecoder3to8.vhd Line: 4
Info (12021): Found 2 design units, including 1 entities, in source file /ergasia1_comp_arch/16bit-cpu/mydecoder1to2/mydecoder1to2.vhd
    Info (12022): Found design unit 1: MyDecoder1to2-StructuralMyDecoder1to2 File: C:/ERGASIA1_COMP_ARCH/16bit-CPU/MyDecoder1to2/MyDecoder1to2.vhd Line: 10
    Info (12023): Found entity 1: MyDecoder1to2 File: C:/ERGASIA1_COMP_ARCH/16bit-CPU/MyDecoder1to2/MyDecoder1to2.vhd Line: 4
Info (12021): Found 2 design units, including 1 entities, in source file /ergasia1_comp_arch/16bit-cpu/myand16bit/myand16bit.vhd
    Info (12022): Found design unit 1: MyAnd16bit-StructMyAnd16bit File: C:/ERGASIA1_COMP_ARCH/16bit-CPU/MyAnd16bit/MyAnd16bit.vhd Line: 10
    Info (12023): Found entity 1: MyAnd16bit File: C:/ERGASIA1_COMP_ARCH/16bit-CPU/MyAnd16bit/MyAnd16bit.vhd Line: 4
Info (12021): Found 2 design units, including 1 entities, in source file /ergasia1_comp_arch/16bit-cpu/myand3/myand3.vhd
    Info (12022): Found design unit 1: MyAnd3-behavioralOfMyAnd3 File: C:/ERGASIA1_COMP_ARCH/16bit-CPU/MyAnd3/MyAnd3.vhd Line: 11
    Info (12023): Found entity 1: MyAnd3 File: C:/ERGASIA1_COMP_ARCH/16bit-CPU/MyAnd3/MyAnd3.vhd Line: 4
Info (12021): Found 2 design units, including 1 entities, in source file /ergasia1_comp_arch/16bit-cpu/myand2/myand2.vhd
    Info (12022): Found design unit 1: MyAnd2-behavioralOfMyAnd2 File: C:/ERGASIA1_COMP_ARCH/16bit-CPU/MyAnd2/MyAnd2.vhd Line: 10
    Info (12023): Found entity 1: MyAnd2 File: C:/ERGASIA1_COMP_ARCH/16bit-CPU/MyAnd2/MyAnd2.vhd Line: 4
Info (12021): Found 2 design units, including 1 entities, in source file /ergasia1_comp_arch/16bit-cpu/myalucontrol/myalucontrol.vhd
    Info (12022): Found design unit 1: MyAluControl-Behavioral File: C:/ERGASIA1_COMP_ARCH/16bit-CPU/MyAluControl/MyAluControl.vhd Line: 12
    Info (12023): Found entity 1: MyAluControl File: C:/ERGASIA1_COMP_ARCH/16bit-CPU/MyAluControl/MyAluControl.vhd Line: 4
Info (12021): Found 2 design units, including 1 entities, in source file /ergasia1_comp_arch/16bit-cpu/myalu16bit/myalu16bit.vhd
    Info (12022): Found design unit 1: MyALU16bit-StructuralMyALU16bit File: C:/ERGASIA1_COMP_ARCH/16bit-CPU/MyALU16bit/MyALU16bit.vhd Line: 12
    Info (12023): Found entity 1: MyALU16bit File: C:/ERGASIA1_COMP_ARCH/16bit-CPU/MyALU16bit/MyALU16bit.vhd Line: 4
Info (12021): Found 2 design units, including 1 entities, in source file /ergasia1_comp_arch/16bit-cpu/myalu1bit/myalu1bit.vhd
    Info (12022): Found design unit 1: MyALU1bit-StructuralMyALU1bit File: C:/ERGASIA1_COMP_ARCH/16bit-CPU/MyALU1bit/MyALU1bit.vhd Line: 13
    Info (12023): Found entity 1: MyALU1bit File: C:/ERGASIA1_COMP_ARCH/16bit-CPU/MyALU1bit/MyALU1bit.vhd Line: 4
Info (12021): Found 2 design units, including 1 entities, in source file /ergasia1_comp_arch/16bit-cpu/jrselector/jrselector.vhd
    Info (12022): Found design unit 1: JRSelector-behavior File: C:/ERGASIA1_COMP_ARCH/16bit-CPU/JRSelector/JRSelector.vhd Line: 17
    Info (12023): Found entity 1: JRSelector File: C:/ERGASIA1_COMP_ARCH/16bit-CPU/JRSelector/JRSelector.vhd Line: 4
Info (12021): Found 2 design units, including 1 entities, in source file /ergasia1_comp_arch/16bit-cpu/hazardunit/hazardunit.vhd
    Info (12022): Found design unit 1: hazardUnit-Behavior File: C:/ERGASIA1_COMP_ARCH/16bit-CPU/hazardUnit/hazardUnit.vhd Line: 13
    Info (12023): Found entity 1: hazardUnit File: C:/ERGASIA1_COMP_ARCH/16bit-CPU/hazardUnit/hazardUnit.vhd Line: 4
Info (12021): Found 2 design units, including 1 entities, in source file /ergasia1_comp_arch/16bit-cpu/forwardingselector/forwarding_selector.vhd
    Info (12022): Found design unit 1: Forwarding_Selector-behavior File: C:/ERGASIA1_COMP_ARCH/16bit-CPU/ForwardingSelector/Forwarding_Selector.vhd Line: 19
    Info (12023): Found entity 1: Forwarding_Selector File: C:/ERGASIA1_COMP_ARCH/16bit-CPU/ForwardingSelector/Forwarding_Selector.vhd Line: 4
Info (12021): Found 2 design units, including 1 entities, in source file /ergasia1_comp_arch/16bit-cpu/forwarding_unit/forwarder.vhd
    Info (12022): Found design unit 1: forwarder-behave File: C:/ERGASIA1_COMP_ARCH/16bit-CPU/Forwarding_Unit/forwarder.vhd Line: 11
    Info (12023): Found entity 1: forwarder File: C:/ERGASIA1_COMP_ARCH/16bit-CPU/Forwarding_Unit/forwarder.vhd Line: 4
Info (12021): Found 2 design units, including 1 entities, in source file /ergasia1_comp_arch/16bit-cpu/data_selector/data_selector.vhd
    Info (12022): Found design unit 1: data_selector-behavior File: C:/ERGASIA1_COMP_ARCH/16bit-CPU/data_selector/data_selector.vhd Line: 23
    Info (12023): Found entity 1: data_selector File: C:/ERGASIA1_COMP_ARCH/16bit-CPU/data_selector/data_selector.vhd Line: 4
Info (12021): Found 2 design units, including 1 entities, in source file processor.vhd
    Info (12022): Found design unit 1: Processor-structural File: C:/ERGASIA1_COMP_ARCH/16bit-CPU/Processor/Processor.vhd Line: 25
    Info (12023): Found entity 1: Processor File: C:/ERGASIA1_COMP_ARCH/16bit-CPU/Processor/Processor.vhd Line: 5
Info (12127): Elaborating entity "Processor" for the top level hierarchy
Warning (10036): Verilog HDL or VHDL warning at Processor.vhd(52): object "isBranch_sig" assigned a value but never read File: C:/ERGASIA1_COMP_ARCH/16bit-CPU/Processor/Processor.vhd Line: 52
Warning (10036): Verilog HDL or VHDL warning at Processor.vhd(55): object "isLW_sig" assigned a value but never read File: C:/ERGASIA1_COMP_ARCH/16bit-CPU/Processor/Processor.vhd Line: 55
Warning (10036): Verilog HDL or VHDL warning at Processor.vhd(56): object "isMFPC_sig" assigned a value but never read File: C:/ERGASIA1_COMP_ARCH/16bit-CPU/Processor/Processor.vhd Line: 56
Warning (10036): Verilog HDL or VHDL warning at Processor.vhd(57): object "isPrintDigit_sig" assigned a value but never read File: C:/ERGASIA1_COMP_ARCH/16bit-CPU/Processor/Processor.vhd Line: 57
Warning (10036): Verilog HDL or VHDL warning at Processor.vhd(58): object "isR_sig" assigned a value but never read File: C:/ERGASIA1_COMP_ARCH/16bit-CPU/Processor/Processor.vhd Line: 58
Warning (10036): Verilog HDL or VHDL warning at Processor.vhd(59): object "isReadDigit_sig" assigned a value but never read File: C:/ERGASIA1_COMP_ARCH/16bit-CPU/Processor/Processor.vhd Line: 59
Warning (10036): Verilog HDL or VHDL warning at Processor.vhd(60): object "isSW_sig" assigned a value but never read File: C:/ERGASIA1_COMP_ARCH/16bit-CPU/Processor/Processor.vhd Line: 60
Warning (10036): Verilog HDL or VHDL warning at Processor.vhd(62): object "wasJumpOut_sig" assigned a value but never read File: C:/ERGASIA1_COMP_ARCH/16bit-CPU/Processor/Processor.vhd Line: 62
Warning (10036): Verilog HDL or VHDL warning at Processor.vhd(71): object "regRead1_sig" assigned a value but never read File: C:/ERGASIA1_COMP_ARCH/16bit-CPU/Processor/Processor.vhd Line: 71
Warning (10036): Verilog HDL or VHDL warning at Processor.vhd(72): object "regRead2_sig" assigned a value but never read File: C:/ERGASIA1_COMP_ARCH/16bit-CPU/Processor/Processor.vhd Line: 72
Warning (10036): Verilog HDL or VHDL warning at Processor.vhd(75): object "immediate16_sig" assigned a value but never read File: C:/ERGASIA1_COMP_ARCH/16bit-CPU/Processor/Processor.vhd Line: 75
Info (12128): Elaborating entity "trapUnit" for hierarchy "trapUnit:Trap" File: C:/ERGASIA1_COMP_ARCH/16bit-CPU/Processor/Processor.vhd Line: 122
Info (12128): Elaborating entity "JRSelector" for hierarchy "JRSelector:JR" File: C:/ERGASIA1_COMP_ARCH/16bit-CPU/Processor/Processor.vhd Line: 133
Info (12128): Elaborating entity "MyRegister16bit" for hierarchy "MyRegister16bit:PC" File: C:/ERGASIA1_COMP_ARCH/16bit-CPU/Processor/Processor.vhd Line: 151
Info (12128): Elaborating entity "flipflopR_1" for hierarchy "MyRegister16bit:PC|flipflopR_1:\gen_register:0:vff" File: C:/ERGASIA1_COMP_ARCH/16bit-CPU/MyRegister16bit/MyRegister16bit.vhd Line: 23
Info (12128): Elaborating entity "register_IF_ID" for hierarchy "register_IF_ID:IFIDREG" File: C:/ERGASIA1_COMP_ARCH/16bit-CPU/Processor/Processor.vhd Line: 170
Warning (10492): VHDL Process Statement warning at register_IF_ID.vhd(22): signal "IF_ID_ENABLE" is read inside the Process Statement but isn't in the Process Statement's sensitivity list File: C:/ERGASIA1_COMP_ARCH/16bit-CPU/register_IF_ID/register_IF_ID.vhd Line: 22
Warning (10492): VHDL Process Statement warning at register_IF_ID.vhd(24): signal "inPC" is read inside the Process Statement but isn't in the Process Statement's sensitivity list File: C:/ERGASIA1_COMP_ARCH/16bit-CPU/register_IF_ID/register_IF_ID.vhd Line: 24
Warning (10492): VHDL Process Statement warning at register_IF_ID.vhd(27): signal "inInstruction" is read inside the Process Statement but isn't in the Process Statement's sensitivity list File: C:/ERGASIA1_COMP_ARCH/16bit-CPU/register_IF_ID/register_IF_ID.vhd Line: 27
Warning (10492): VHDL Process Statement warning at register_IF_ID.vhd(29): signal "IF_Flush" is read inside the Process Statement but isn't in the Process Statement's sensitivity list File: C:/ERGASIA1_COMP_ARCH/16bit-CPU/register_IF_ID/register_IF_ID.vhd Line: 29
Warning (10631): VHDL Process Statement warning at register_IF_ID.vhd(20): inferring latch(es) for signal or variable "outPC", which holds its previous value in one or more paths through the process File: C:/ERGASIA1_COMP_ARCH/16bit-CPU/register_IF_ID/register_IF_ID.vhd Line: 20
Warning (10631): VHDL Process Statement warning at register_IF_ID.vhd(20): inferring latch(es) for signal or variable "outInstruction", which holds its previous value in one or more paths through the process File: C:/ERGASIA1_COMP_ARCH/16bit-CPU/register_IF_ID/register_IF_ID.vhd Line: 20
Info (10041): Inferred latch for "outInstruction[0]" at register_IF_ID.vhd(20) File: C:/ERGASIA1_COMP_ARCH/16bit-CPU/register_IF_ID/register_IF_ID.vhd Line: 20
Info (10041): Inferred latch for "outInstruction[1]" at register_IF_ID.vhd(20) File: C:/ERGASIA1_COMP_ARCH/16bit-CPU/register_IF_ID/register_IF_ID.vhd Line: 20
Info (10041): Inferred latch for "outInstruction[2]" at register_IF_ID.vhd(20) File: C:/ERGASIA1_COMP_ARCH/16bit-CPU/register_IF_ID/register_IF_ID.vhd Line: 20
Info (10041): Inferred latch for "outInstruction[3]" at register_IF_ID.vhd(20) File: C:/ERGASIA1_COMP_ARCH/16bit-CPU/register_IF_ID/register_IF_ID.vhd Line: 20
Info (10041): Inferred latch for "outInstruction[4]" at register_IF_ID.vhd(20) File: C:/ERGASIA1_COMP_ARCH/16bit-CPU/register_IF_ID/register_IF_ID.vhd Line: 20
Info (10041): Inferred latch for "outInstruction[5]" at register_IF_ID.vhd(20) File: C:/ERGASIA1_COMP_ARCH/16bit-CPU/register_IF_ID/register_IF_ID.vhd Line: 20
Info (10041): Inferred latch for "outInstruction[6]" at register_IF_ID.vhd(20) File: C:/ERGASIA1_COMP_ARCH/16bit-CPU/register_IF_ID/register_IF_ID.vhd Line: 20
Info (10041): Inferred latch for "outInstruction[7]" at register_IF_ID.vhd(20) File: C:/ERGASIA1_COMP_ARCH/16bit-CPU/register_IF_ID/register_IF_ID.vhd Line: 20
Info (10041): Inferred latch for "outInstruction[8]" at register_IF_ID.vhd(20) File: C:/ERGASIA1_COMP_ARCH/16bit-CPU/register_IF_ID/register_IF_ID.vhd Line: 20
Info (10041): Inferred latch for "outInstruction[9]" at register_IF_ID.vhd(20) File: C:/ERGASIA1_COMP_ARCH/16bit-CPU/register_IF_ID/register_IF_ID.vhd Line: 20
Info (10041): Inferred latch for "outInstruction[10]" at register_IF_ID.vhd(20) File: C:/ERGASIA1_COMP_ARCH/16bit-CPU/register_IF_ID/register_IF_ID.vhd Line: 20
Info (10041): Inferred latch for "outInstruction[11]" at register_IF_ID.vhd(20) File: C:/ERGASIA1_COMP_ARCH/16bit-CPU/register_IF_ID/register_IF_ID.vhd Line: 20
Info (10041): Inferred latch for "outInstruction[12]" at register_IF_ID.vhd(20) File: C:/ERGASIA1_COMP_ARCH/16bit-CPU/register_IF_ID/register_IF_ID.vhd Line: 20
Info (10041): Inferred latch for "outInstruction[13]" at register_IF_ID.vhd(20) File: C:/ERGASIA1_COMP_ARCH/16bit-CPU/register_IF_ID/register_IF_ID.vhd Line: 20
Info (10041): Inferred latch for "outInstruction[14]" at register_IF_ID.vhd(20) File: C:/ERGASIA1_COMP_ARCH/16bit-CPU/register_IF_ID/register_IF_ID.vhd Line: 20
Info (10041): Inferred latch for "outInstruction[15]" at register_IF_ID.vhd(20) File: C:/ERGASIA1_COMP_ARCH/16bit-CPU/register_IF_ID/register_IF_ID.vhd Line: 20
Info (10041): Inferred latch for "outPC[0]" at register_IF_ID.vhd(20) File: C:/ERGASIA1_COMP_ARCH/16bit-CPU/register_IF_ID/register_IF_ID.vhd Line: 20
Info (10041): Inferred latch for "outPC[1]" at register_IF_ID.vhd(20) File: C:/ERGASIA1_COMP_ARCH/16bit-CPU/register_IF_ID/register_IF_ID.vhd Line: 20
Info (10041): Inferred latch for "outPC[2]" at register_IF_ID.vhd(20) File: C:/ERGASIA1_COMP_ARCH/16bit-CPU/register_IF_ID/register_IF_ID.vhd Line: 20
Info (10041): Inferred latch for "outPC[3]" at register_IF_ID.vhd(20) File: C:/ERGASIA1_COMP_ARCH/16bit-CPU/register_IF_ID/register_IF_ID.vhd Line: 20
Info (10041): Inferred latch for "outPC[4]" at register_IF_ID.vhd(20) File: C:/ERGASIA1_COMP_ARCH/16bit-CPU/register_IF_ID/register_IF_ID.vhd Line: 20
Info (10041): Inferred latch for "outPC[5]" at register_IF_ID.vhd(20) File: C:/ERGASIA1_COMP_ARCH/16bit-CPU/register_IF_ID/register_IF_ID.vhd Line: 20
Info (10041): Inferred latch for "outPC[6]" at register_IF_ID.vhd(20) File: C:/ERGASIA1_COMP_ARCH/16bit-CPU/register_IF_ID/register_IF_ID.vhd Line: 20
Info (10041): Inferred latch for "outPC[7]" at register_IF_ID.vhd(20) File: C:/ERGASIA1_COMP_ARCH/16bit-CPU/register_IF_ID/register_IF_ID.vhd Line: 20
Info (10041): Inferred latch for "outPC[8]" at register_IF_ID.vhd(20) File: C:/ERGASIA1_COMP_ARCH/16bit-CPU/register_IF_ID/register_IF_ID.vhd Line: 20
Info (10041): Inferred latch for "outPC[9]" at register_IF_ID.vhd(20) File: C:/ERGASIA1_COMP_ARCH/16bit-CPU/register_IF_ID/register_IF_ID.vhd Line: 20
Info (10041): Inferred latch for "outPC[10]" at register_IF_ID.vhd(20) File: C:/ERGASIA1_COMP_ARCH/16bit-CPU/register_IF_ID/register_IF_ID.vhd Line: 20
Info (10041): Inferred latch for "outPC[11]" at register_IF_ID.vhd(20) File: C:/ERGASIA1_COMP_ARCH/16bit-CPU/register_IF_ID/register_IF_ID.vhd Line: 20
Info (10041): Inferred latch for "outPC[12]" at register_IF_ID.vhd(20) File: C:/ERGASIA1_COMP_ARCH/16bit-CPU/register_IF_ID/register_IF_ID.vhd Line: 20
Info (10041): Inferred latch for "outPC[13]" at register_IF_ID.vhd(20) File: C:/ERGASIA1_COMP_ARCH/16bit-CPU/register_IF_ID/register_IF_ID.vhd Line: 20
Info (10041): Inferred latch for "outPC[14]" at register_IF_ID.vhd(20) File: C:/ERGASIA1_COMP_ARCH/16bit-CPU/register_IF_ID/register_IF_ID.vhd Line: 20
Info (10041): Inferred latch for "outPC[15]" at register_IF_ID.vhd(20) File: C:/ERGASIA1_COMP_ARCH/16bit-CPU/register_IF_ID/register_IF_ID.vhd Line: 20
Info (12128): Elaborating entity "MyRegisterControl" for hierarchy "MyRegisterControl:Controller" File: C:/ERGASIA1_COMP_ARCH/16bit-CPU/Processor/Processor.vhd Line: 188
Info (12128): Elaborating entity "hazardUnit" for hierarchy "hazardUnit:Hazard" File: C:/ERGASIA1_COMP_ARCH/16bit-CPU/Processor/Processor.vhd Line: 209
Warning (10492): VHDL Process Statement warning at hazardUnit.vhd(19): signal "mustBranch" is read inside the Process Statement but isn't in the Process Statement's sensitivity list File: C:/ERGASIA1_COMP_ARCH/16bit-CPU/hazardUnit/hazardUnit.vhd Line: 19
Warning (10492): VHDL Process Statement warning at hazardUnit.vhd(26): signal "mustBranch" is read inside the Process Statement but isn't in the Process Statement's sensitivity list File: C:/ERGASIA1_COMP_ARCH/16bit-CPU/hazardUnit/hazardUnit.vhd Line: 26
Info (12128): Elaborating entity "MyRegisterFile" for hierarchy "MyRegisterFile:RegisterFile" File: C:/ERGASIA1_COMP_ARCH/16bit-CPU/Processor/Processor.vhd Line: 225
Info (12128): Elaborating entity "MyDecoder3to8" for hierarchy "MyRegisterFile:RegisterFile|MyDecoder3to8:v0" File: C:/ERGASIA1_COMP_ARCH/16bit-CPU/MyRegisterFile/MyRegisterFile.vhd Line: 58
Info (12128): Elaborating entity "MyDecoder1to2" for hierarchy "MyRegisterFile:RegisterFile|MyDecoder3to8:v0|MyDecoder1to2:v0" File: C:/ERGASIA1_COMP_ARCH/16bit-CPU/MyDecoder3to8/MyDecoder3to8.vhd Line: 34
Info (12128): Elaborating entity "MyNot" for hierarchy "MyRegisterFile:RegisterFile|MyDecoder3to8:v0|MyDecoder1to2:v0|MyNot:V0" File: C:/ERGASIA1_COMP_ARCH/16bit-CPU/MyDecoder1to2/MyDecoder1to2.vhd Line: 21
Info (12128): Elaborating entity "MyAnd2" for hierarchy "MyRegisterFile:RegisterFile|MyDecoder3to8:v0|MyAnd2:v3" File: C:/ERGASIA1_COMP_ARCH/16bit-CPU/MyDecoder3to8/MyDecoder3to8.vhd Line: 39
Info (12128): Elaborating entity "MyPseudoRegisterZero" for hierarchy "MyRegisterFile:RegisterFile|MyPseudoRegisterZero:reg0" File: C:/ERGASIA1_COMP_ARCH/16bit-CPU/MyRegisterFile/MyRegisterFile.vhd Line: 60
Info (12128): Elaborating entity "MyAnd16bit" for hierarchy "MyRegisterFile:RegisterFile|MyPseudoRegisterZero:reg0|MyAnd16bit:v0" File: C:/ERGASIA1_COMP_ARCH/16bit-CPU/MyPseudoRegisterZero/MyPseudoRegisterZero.vhd Line: 24
Info (12128): Elaborating entity "MyMux8to1_16bit" for hierarchy "MyRegisterFile:RegisterFile|MyMux8to1_16bit:read_mux1" File: C:/ERGASIA1_COMP_ARCH/16bit-CPU/MyRegisterFile/MyRegisterFile.vhd Line: 69
Info (12128): Elaborating entity "MyMux2to1_16bit" for hierarchy "MyRegisterFile:RegisterFile|MyMux8to1_16bit:read_mux1|MyMux2to1_16bit:V0" File: C:/ERGASIA1_COMP_ARCH/16bit-CPU/MyMux8to1_16bit/MyMux8to1_16bit.vhd Line: 29
Info (12128): Elaborating entity "MyOr16bit" for hierarchy "MyRegisterFile:RegisterFile|MyMux8to1_16bit:read_mux1|MyMux2to1_16bit:V0|MyOr16bit:v3" File: C:/ERGASIA1_COMP_ARCH/16bit-CPU/MyMux2to1_16bit/MyMux2to1_16bit.vhd Line: 40
Info (12128): Elaborating entity "MyOr2" for hierarchy "MyRegisterFile:RegisterFile|MyMux8to1_16bit:read_mux1|MyMux2to1_16bit:V0|MyOr16bit:v3|MyOr2:v0" File: C:/ERGASIA1_COMP_ARCH/16bit-CPU/MyOr16bit/MyOr16bit.vhd Line: 18
Info (12128): Elaborating entity "MyImmExtension" for hierarchy "MyImmExtension:SignExtend" File: C:/ERGASIA1_COMP_ARCH/16bit-CPU/Processor/Processor.vhd Line: 241
Warning (13012): Latch register_IF_ID:IFIDREG|outPC[0] has unsafe behavior File: C:/ERGASIA1_COMP_ARCH/16bit-CPU/register_IF_ID/register_IF_ID.vhd Line: 20
    Warning (13013): Ports D and ENA on the latch are fed by the same signal clock File: C:/ERGASIA1_COMP_ARCH/16bit-CPU/Processor/Processor.vhd Line: 8
Warning (13012): Latch register_IF_ID:IFIDREG|outInstruction[0] has unsafe behavior File: C:/ERGASIA1_COMP_ARCH/16bit-CPU/register_IF_ID/register_IF_ID.vhd Line: 20
    Warning (13013): Ports D and ENA on the latch are fed by the same signal clock File: C:/ERGASIA1_COMP_ARCH/16bit-CPU/Processor/Processor.vhd Line: 8
Warning (13012): Latch register_IF_ID:IFIDREG|outInstruction[12] has unsafe behavior File: C:/ERGASIA1_COMP_ARCH/16bit-CPU/register_IF_ID/register_IF_ID.vhd Line: 20
    Warning (13013): Ports D and ENA on the latch are fed by the same signal instr[12] File: C:/ERGASIA1_COMP_ARCH/16bit-CPU/Processor/Processor.vhd Line: 10
Warning (13012): Latch register_IF_ID:IFIDREG|outInstruction[13] has unsafe behavior File: C:/ERGASIA1_COMP_ARCH/16bit-CPU/register_IF_ID/register_IF_ID.vhd Line: 20
    Warning (13013): Ports D and ENA on the latch are fed by the same signal instr[13] File: C:/ERGASIA1_COMP_ARCH/16bit-CPU/Processor/Processor.vhd Line: 10
Warning (13012): Latch register_IF_ID:IFIDREG|outInstruction[14] has unsafe behavior File: C:/ERGASIA1_COMP_ARCH/16bit-CPU/register_IF_ID/register_IF_ID.vhd Line: 20
    Warning (13013): Ports D and ENA on the latch are fed by the same signal instr[14] File: C:/ERGASIA1_COMP_ARCH/16bit-CPU/Processor/Processor.vhd Line: 10
Warning (13012): Latch register_IF_ID:IFIDREG|outInstruction[15] has unsafe behavior File: C:/ERGASIA1_COMP_ARCH/16bit-CPU/register_IF_ID/register_IF_ID.vhd Line: 20
    Warning (13013): Ports D and ENA on the latch are fed by the same signal instr[15] File: C:/ERGASIA1_COMP_ARCH/16bit-CPU/Processor/Processor.vhd Line: 10
Warning (13012): Latch register_IF_ID:IFIDREG|outPC[1] has unsafe behavior File: C:/ERGASIA1_COMP_ARCH/16bit-CPU/register_IF_ID/register_IF_ID.vhd Line: 20
    Warning (13013): Ports D and ENA on the latch are fed by the same signal clock File: C:/ERGASIA1_COMP_ARCH/16bit-CPU/Processor/Processor.vhd Line: 8
Warning (13012): Latch register_IF_ID:IFIDREG|outInstruction[1] has unsafe behavior File: C:/ERGASIA1_COMP_ARCH/16bit-CPU/register_IF_ID/register_IF_ID.vhd Line: 20
    Warning (13013): Ports D and ENA on the latch are fed by the same signal clock File: C:/ERGASIA1_COMP_ARCH/16bit-CPU/Processor/Processor.vhd Line: 8
Warning (13012): Latch register_IF_ID:IFIDREG|outPC[2] has unsafe behavior File: C:/ERGASIA1_COMP_ARCH/16bit-CPU/register_IF_ID/register_IF_ID.vhd Line: 20
    Warning (13013): Ports D and ENA on the latch are fed by the same signal clock File: C:/ERGASIA1_COMP_ARCH/16bit-CPU/Processor/Processor.vhd Line: 8
Warning (13012): Latch register_IF_ID:IFIDREG|outInstruction[2] has unsafe behavior File: C:/ERGASIA1_COMP_ARCH/16bit-CPU/register_IF_ID/register_IF_ID.vhd Line: 20
    Warning (13013): Ports D and ENA on the latch are fed by the same signal clock File: C:/ERGASIA1_COMP_ARCH/16bit-CPU/Processor/Processor.vhd Line: 8
Warning (13012): Latch register_IF_ID:IFIDREG|outPC[3] has unsafe behavior File: C:/ERGASIA1_COMP_ARCH/16bit-CPU/register_IF_ID/register_IF_ID.vhd Line: 20
    Warning (13013): Ports D and ENA on the latch are fed by the same signal clock File: C:/ERGASIA1_COMP_ARCH/16bit-CPU/Processor/Processor.vhd Line: 8
Warning (13012): Latch register_IF_ID:IFIDREG|outInstruction[3] has unsafe behavior File: C:/ERGASIA1_COMP_ARCH/16bit-CPU/register_IF_ID/register_IF_ID.vhd Line: 20
    Warning (13013): Ports D and ENA on the latch are fed by the same signal clock File: C:/ERGASIA1_COMP_ARCH/16bit-CPU/Processor/Processor.vhd Line: 8
Warning (13012): Latch register_IF_ID:IFIDREG|outPC[4] has unsafe behavior File: C:/ERGASIA1_COMP_ARCH/16bit-CPU/register_IF_ID/register_IF_ID.vhd Line: 20
    Warning (13013): Ports D and ENA on the latch are fed by the same signal clock File: C:/ERGASIA1_COMP_ARCH/16bit-CPU/Processor/Processor.vhd Line: 8
Warning (13012): Latch register_IF_ID:IFIDREG|outInstruction[4] has unsafe behavior File: C:/ERGASIA1_COMP_ARCH/16bit-CPU/register_IF_ID/register_IF_ID.vhd Line: 20
    Warning (13013): Ports D and ENA on the latch are fed by the same signal clock File: C:/ERGASIA1_COMP_ARCH/16bit-CPU/Processor/Processor.vhd Line: 8
Warning (13012): Latch register_IF_ID:IFIDREG|outPC[5] has unsafe behavior File: C:/ERGASIA1_COMP_ARCH/16bit-CPU/register_IF_ID/register_IF_ID.vhd Line: 20
    Warning (13013): Ports D and ENA on the latch are fed by the same signal clock File: C:/ERGASIA1_COMP_ARCH/16bit-CPU/Processor/Processor.vhd Line: 8
Warning (13012): Latch register_IF_ID:IFIDREG|outInstruction[5] has unsafe behavior File: C:/ERGASIA1_COMP_ARCH/16bit-CPU/register_IF_ID/register_IF_ID.vhd Line: 20
    Warning (13013): Ports D and ENA on the latch are fed by the same signal clock File: C:/ERGASIA1_COMP_ARCH/16bit-CPU/Processor/Processor.vhd Line: 8
Warning (13012): Latch register_IF_ID:IFIDREG|outPC[6] has unsafe behavior File: C:/ERGASIA1_COMP_ARCH/16bit-CPU/register_IF_ID/register_IF_ID.vhd Line: 20
    Warning (13013): Ports D and ENA on the latch are fed by the same signal clock File: C:/ERGASIA1_COMP_ARCH/16bit-CPU/Processor/Processor.vhd Line: 8
Warning (13012): Latch register_IF_ID:IFIDREG|outInstruction[6] has unsafe behavior File: C:/ERGASIA1_COMP_ARCH/16bit-CPU/register_IF_ID/register_IF_ID.vhd Line: 20
    Warning (13013): Ports D and ENA on the latch are fed by the same signal clock File: C:/ERGASIA1_COMP_ARCH/16bit-CPU/Processor/Processor.vhd Line: 8
Warning (13012): Latch register_IF_ID:IFIDREG|outPC[7] has unsafe behavior File: C:/ERGASIA1_COMP_ARCH/16bit-CPU/register_IF_ID/register_IF_ID.vhd Line: 20
    Warning (13013): Ports D and ENA on the latch are fed by the same signal clock File: C:/ERGASIA1_COMP_ARCH/16bit-CPU/Processor/Processor.vhd Line: 8
Warning (13012): Latch register_IF_ID:IFIDREG|outInstruction[7] has unsafe behavior File: C:/ERGASIA1_COMP_ARCH/16bit-CPU/register_IF_ID/register_IF_ID.vhd Line: 20
    Warning (13013): Ports D and ENA on the latch are fed by the same signal clock File: C:/ERGASIA1_COMP_ARCH/16bit-CPU/Processor/Processor.vhd Line: 8
Warning (13012): Latch register_IF_ID:IFIDREG|outPC[8] has unsafe behavior File: C:/ERGASIA1_COMP_ARCH/16bit-CPU/register_IF_ID/register_IF_ID.vhd Line: 20
    Warning (13013): Ports D and ENA on the latch are fed by the same signal clock File: C:/ERGASIA1_COMP_ARCH/16bit-CPU/Processor/Processor.vhd Line: 8
Warning (13012): Latch register_IF_ID:IFIDREG|outInstruction[8] has unsafe behavior File: C:/ERGASIA1_COMP_ARCH/16bit-CPU/register_IF_ID/register_IF_ID.vhd Line: 20
    Warning (13013): Ports D and ENA on the latch are fed by the same signal clock File: C:/ERGASIA1_COMP_ARCH/16bit-CPU/Processor/Processor.vhd Line: 8
Warning (13012): Latch register_IF_ID:IFIDREG|outPC[9] has unsafe behavior File: C:/ERGASIA1_COMP_ARCH/16bit-CPU/register_IF_ID/register_IF_ID.vhd Line: 20
    Warning (13013): Ports D and ENA on the latch are fed by the same signal clock File: C:/ERGASIA1_COMP_ARCH/16bit-CPU/Processor/Processor.vhd Line: 8
Warning (13012): Latch register_IF_ID:IFIDREG|outInstruction[9] has unsafe behavior File: C:/ERGASIA1_COMP_ARCH/16bit-CPU/register_IF_ID/register_IF_ID.vhd Line: 20
    Warning (13013): Ports D and ENA on the latch are fed by the same signal clock File: C:/ERGASIA1_COMP_ARCH/16bit-CPU/Processor/Processor.vhd Line: 8
Warning (13012): Latch register_IF_ID:IFIDREG|outPC[10] has unsafe behavior File: C:/ERGASIA1_COMP_ARCH/16bit-CPU/register_IF_ID/register_IF_ID.vhd Line: 20
    Warning (13013): Ports D and ENA on the latch are fed by the same signal clock File: C:/ERGASIA1_COMP_ARCH/16bit-CPU/Processor/Processor.vhd Line: 8
Warning (13012): Latch register_IF_ID:IFIDREG|outInstruction[10] has unsafe behavior File: C:/ERGASIA1_COMP_ARCH/16bit-CPU/register_IF_ID/register_IF_ID.vhd Line: 20
    Warning (13013): Ports D and ENA on the latch are fed by the same signal clock File: C:/ERGASIA1_COMP_ARCH/16bit-CPU/Processor/Processor.vhd Line: 8
Warning (13012): Latch register_IF_ID:IFIDREG|outPC[11] has unsafe behavior File: C:/ERGASIA1_COMP_ARCH/16bit-CPU/register_IF_ID/register_IF_ID.vhd Line: 20
    Warning (13013): Ports D and ENA on the latch are fed by the same signal clock File: C:/ERGASIA1_COMP_ARCH/16bit-CPU/Processor/Processor.vhd Line: 8
Warning (13012): Latch register_IF_ID:IFIDREG|outInstruction[11] has unsafe behavior File: C:/ERGASIA1_COMP_ARCH/16bit-CPU/register_IF_ID/register_IF_ID.vhd Line: 20
    Warning (13013): Ports D and ENA on the latch are fed by the same signal clock File: C:/ERGASIA1_COMP_ARCH/16bit-CPU/Processor/Processor.vhd Line: 8
Warning (13012): Latch register_IF_ID:IFIDREG|outPC[12] has unsafe behavior File: C:/ERGASIA1_COMP_ARCH/16bit-CPU/register_IF_ID/register_IF_ID.vhd Line: 20
    Warning (13013): Ports D and ENA on the latch are fed by the same signal clock File: C:/ERGASIA1_COMP_ARCH/16bit-CPU/Processor/Processor.vhd Line: 8
Warning (13012): Latch register_IF_ID:IFIDREG|outPC[13] has unsafe behavior File: C:/ERGASIA1_COMP_ARCH/16bit-CPU/register_IF_ID/register_IF_ID.vhd Line: 20
    Warning (13013): Ports D and ENA on the latch are fed by the same signal clock File: C:/ERGASIA1_COMP_ARCH/16bit-CPU/Processor/Processor.vhd Line: 8
Warning (13012): Latch register_IF_ID:IFIDREG|outPC[14] has unsafe behavior File: C:/ERGASIA1_COMP_ARCH/16bit-CPU/register_IF_ID/register_IF_ID.vhd Line: 20
    Warning (13013): Ports D and ENA on the latch are fed by the same signal clock File: C:/ERGASIA1_COMP_ARCH/16bit-CPU/Processor/Processor.vhd Line: 8
Warning (13012): Latch register_IF_ID:IFIDREG|outPC[15] has unsafe behavior File: C:/ERGASIA1_COMP_ARCH/16bit-CPU/register_IF_ID/register_IF_ID.vhd Line: 20
    Warning (13013): Ports D and ENA on the latch are fed by the same signal clock File: C:/ERGASIA1_COMP_ARCH/16bit-CPU/Processor/Processor.vhd Line: 8
Warning (13024): Output pins are stuck at VCC or GND
    Warning (13410): Pin "printEnable" is stuck at GND File: C:/ERGASIA1_COMP_ARCH/16bit-CPU/Processor/Processor.vhd Line: 13
    Warning (13410): Pin "keyEnable" is stuck at GND File: C:/ERGASIA1_COMP_ARCH/16bit-CPU/Processor/Processor.vhd Line: 14
    Warning (13410): Pin "DataWriteFlag" is stuck at GND File: C:/ERGASIA1_COMP_ARCH/16bit-CPU/Processor/Processor.vhd Line: 15
    Warning (13410): Pin "dataAD[0]" is stuck at GND File: C:/ERGASIA1_COMP_ARCH/16bit-CPU/Processor/Processor.vhd Line: 16
    Warning (13410): Pin "dataAD[1]" is stuck at GND File: C:/ERGASIA1_COMP_ARCH/16bit-CPU/Processor/Processor.vhd Line: 16
    Warning (13410): Pin "dataAD[2]" is stuck at GND File: C:/ERGASIA1_COMP_ARCH/16bit-CPU/Processor/Processor.vhd Line: 16
    Warning (13410): Pin "dataAD[3]" is stuck at GND File: C:/ERGASIA1_COMP_ARCH/16bit-CPU/Processor/Processor.vhd Line: 16
    Warning (13410): Pin "dataAD[4]" is stuck at GND File: C:/ERGASIA1_COMP_ARCH/16bit-CPU/Processor/Processor.vhd Line: 16
    Warning (13410): Pin "dataAD[5]" is stuck at GND File: C:/ERGASIA1_COMP_ARCH/16bit-CPU/Processor/Processor.vhd Line: 16
    Warning (13410): Pin "dataAD[6]" is stuck at GND File: C:/ERGASIA1_COMP_ARCH/16bit-CPU/Processor/Processor.vhd Line: 16
    Warning (13410): Pin "dataAD[7]" is stuck at GND File: C:/ERGASIA1_COMP_ARCH/16bit-CPU/Processor/Processor.vhd Line: 16
    Warning (13410): Pin "dataAD[8]" is stuck at GND File: C:/ERGASIA1_COMP_ARCH/16bit-CPU/Processor/Processor.vhd Line: 16
    Warning (13410): Pin "dataAD[9]" is stuck at GND File: C:/ERGASIA1_COMP_ARCH/16bit-CPU/Processor/Processor.vhd Line: 16
    Warning (13410): Pin "dataAD[10]" is stuck at GND File: C:/ERGASIA1_COMP_ARCH/16bit-CPU/Processor/Processor.vhd Line: 16
    Warning (13410): Pin "dataAD[11]" is stuck at GND File: C:/ERGASIA1_COMP_ARCH/16bit-CPU/Processor/Processor.vhd Line: 16
    Warning (13410): Pin "dataAD[12]" is stuck at GND File: C:/ERGASIA1_COMP_ARCH/16bit-CPU/Processor/Processor.vhd Line: 16
    Warning (13410): Pin "dataAD[13]" is stuck at GND File: C:/ERGASIA1_COMP_ARCH/16bit-CPU/Processor/Processor.vhd Line: 16
    Warning (13410): Pin "dataAD[14]" is stuck at GND File: C:/ERGASIA1_COMP_ARCH/16bit-CPU/Processor/Processor.vhd Line: 16
    Warning (13410): Pin "dataAD[15]" is stuck at GND File: C:/ERGASIA1_COMP_ARCH/16bit-CPU/Processor/Processor.vhd Line: 16
    Warning (13410): Pin "toData[0]" is stuck at GND File: C:/ERGASIA1_COMP_ARCH/16bit-CPU/Processor/Processor.vhd Line: 17
    Warning (13410): Pin "toData[1]" is stuck at GND File: C:/ERGASIA1_COMP_ARCH/16bit-CPU/Processor/Processor.vhd Line: 17
    Warning (13410): Pin "toData[2]" is stuck at GND File: C:/ERGASIA1_COMP_ARCH/16bit-CPU/Processor/Processor.vhd Line: 17
    Warning (13410): Pin "toData[3]" is stuck at GND File: C:/ERGASIA1_COMP_ARCH/16bit-CPU/Processor/Processor.vhd Line: 17
    Warning (13410): Pin "toData[4]" is stuck at GND File: C:/ERGASIA1_COMP_ARCH/16bit-CPU/Processor/Processor.vhd Line: 17
    Warning (13410): Pin "toData[5]" is stuck at GND File: C:/ERGASIA1_COMP_ARCH/16bit-CPU/Processor/Processor.vhd Line: 17
    Warning (13410): Pin "toData[6]" is stuck at GND File: C:/ERGASIA1_COMP_ARCH/16bit-CPU/Processor/Processor.vhd Line: 17
    Warning (13410): Pin "toData[7]" is stuck at GND File: C:/ERGASIA1_COMP_ARCH/16bit-CPU/Processor/Processor.vhd Line: 17
    Warning (13410): Pin "toData[8]" is stuck at GND File: C:/ERGASIA1_COMP_ARCH/16bit-CPU/Processor/Processor.vhd Line: 17
    Warning (13410): Pin "toData[9]" is stuck at GND File: C:/ERGASIA1_COMP_ARCH/16bit-CPU/Processor/Processor.vhd Line: 17
    Warning (13410): Pin "toData[10]" is stuck at GND File: C:/ERGASIA1_COMP_ARCH/16bit-CPU/Processor/Processor.vhd Line: 17
    Warning (13410): Pin "toData[11]" is stuck at GND File: C:/ERGASIA1_COMP_ARCH/16bit-CPU/Processor/Processor.vhd Line: 17
    Warning (13410): Pin "toData[12]" is stuck at GND File: C:/ERGASIA1_COMP_ARCH/16bit-CPU/Processor/Processor.vhd Line: 17
    Warning (13410): Pin "toData[13]" is stuck at GND File: C:/ERGASIA1_COMP_ARCH/16bit-CPU/Processor/Processor.vhd Line: 17
    Warning (13410): Pin "toData[14]" is stuck at GND File: C:/ERGASIA1_COMP_ARCH/16bit-CPU/Processor/Processor.vhd Line: 17
    Warning (13410): Pin "toData[15]" is stuck at GND File: C:/ERGASIA1_COMP_ARCH/16bit-CPU/Processor/Processor.vhd Line: 17
    Warning (13410): Pin "printCode[0]" is stuck at GND File: C:/ERGASIA1_COMP_ARCH/16bit-CPU/Processor/Processor.vhd Line: 18
    Warning (13410): Pin "printCode[1]" is stuck at GND File: C:/ERGASIA1_COMP_ARCH/16bit-CPU/Processor/Processor.vhd Line: 18
    Warning (13410): Pin "printCode[2]" is stuck at GND File: C:/ERGASIA1_COMP_ARCH/16bit-CPU/Processor/Processor.vhd Line: 18
    Warning (13410): Pin "printCode[3]" is stuck at GND File: C:/ERGASIA1_COMP_ARCH/16bit-CPU/Processor/Processor.vhd Line: 18
    Warning (13410): Pin "printCode[4]" is stuck at GND File: C:/ERGASIA1_COMP_ARCH/16bit-CPU/Processor/Processor.vhd Line: 18
    Warning (13410): Pin "printCode[5]" is stuck at GND File: C:/ERGASIA1_COMP_ARCH/16bit-CPU/Processor/Processor.vhd Line: 18
    Warning (13410): Pin "printCode[6]" is stuck at GND File: C:/ERGASIA1_COMP_ARCH/16bit-CPU/Processor/Processor.vhd Line: 18
    Warning (13410): Pin "printCode[7]" is stuck at GND File: C:/ERGASIA1_COMP_ARCH/16bit-CPU/Processor/Processor.vhd Line: 18
    Warning (13410): Pin "printCode[8]" is stuck at GND File: C:/ERGASIA1_COMP_ARCH/16bit-CPU/Processor/Processor.vhd Line: 18
    Warning (13410): Pin "printCode[9]" is stuck at GND File: C:/ERGASIA1_COMP_ARCH/16bit-CPU/Processor/Processor.vhd Line: 18
    Warning (13410): Pin "printCode[10]" is stuck at GND File: C:/ERGASIA1_COMP_ARCH/16bit-CPU/Processor/Processor.vhd Line: 18
    Warning (13410): Pin "printCode[11]" is stuck at GND File: C:/ERGASIA1_COMP_ARCH/16bit-CPU/Processor/Processor.vhd Line: 18
    Warning (13410): Pin "printCode[12]" is stuck at GND File: C:/ERGASIA1_COMP_ARCH/16bit-CPU/Processor/Processor.vhd Line: 18
    Warning (13410): Pin "printCode[13]" is stuck at GND File: C:/ERGASIA1_COMP_ARCH/16bit-CPU/Processor/Processor.vhd Line: 18
    Warning (13410): Pin "printCode[14]" is stuck at GND File: C:/ERGASIA1_COMP_ARCH/16bit-CPU/Processor/Processor.vhd Line: 18
    Warning (13410): Pin "printCode[15]" is stuck at GND File: C:/ERGASIA1_COMP_ARCH/16bit-CPU/Processor/Processor.vhd Line: 18
    Warning (13410): Pin "printData[0]" is stuck at GND File: C:/ERGASIA1_COMP_ARCH/16bit-CPU/Processor/Processor.vhd Line: 19
    Warning (13410): Pin "printData[1]" is stuck at GND File: C:/ERGASIA1_COMP_ARCH/16bit-CPU/Processor/Processor.vhd Line: 19
    Warning (13410): Pin "printData[2]" is stuck at GND File: C:/ERGASIA1_COMP_ARCH/16bit-CPU/Processor/Processor.vhd Line: 19
    Warning (13410): Pin "printData[3]" is stuck at GND File: C:/ERGASIA1_COMP_ARCH/16bit-CPU/Processor/Processor.vhd Line: 19
    Warning (13410): Pin "printData[4]" is stuck at GND File: C:/ERGASIA1_COMP_ARCH/16bit-CPU/Processor/Processor.vhd Line: 19
    Warning (13410): Pin "printData[5]" is stuck at GND File: C:/ERGASIA1_COMP_ARCH/16bit-CPU/Processor/Processor.vhd Line: 19
    Warning (13410): Pin "printData[6]" is stuck at GND File: C:/ERGASIA1_COMP_ARCH/16bit-CPU/Processor/Processor.vhd Line: 19
    Warning (13410): Pin "printData[7]" is stuck at GND File: C:/ERGASIA1_COMP_ARCH/16bit-CPU/Processor/Processor.vhd Line: 19
    Warning (13410): Pin "printData[8]" is stuck at GND File: C:/ERGASIA1_COMP_ARCH/16bit-CPU/Processor/Processor.vhd Line: 19
    Warning (13410): Pin "printData[9]" is stuck at GND File: C:/ERGASIA1_COMP_ARCH/16bit-CPU/Processor/Processor.vhd Line: 19
    Warning (13410): Pin "printData[10]" is stuck at GND File: C:/ERGASIA1_COMP_ARCH/16bit-CPU/Processor/Processor.vhd Line: 19
    Warning (13410): Pin "printData[11]" is stuck at GND File: C:/ERGASIA1_COMP_ARCH/16bit-CPU/Processor/Processor.vhd Line: 19
    Warning (13410): Pin "printData[12]" is stuck at GND File: C:/ERGASIA1_COMP_ARCH/16bit-CPU/Processor/Processor.vhd Line: 19
    Warning (13410): Pin "printData[13]" is stuck at GND File: C:/ERGASIA1_COMP_ARCH/16bit-CPU/Processor/Processor.vhd Line: 19
    Warning (13410): Pin "printData[14]" is stuck at GND File: C:/ERGASIA1_COMP_ARCH/16bit-CPU/Processor/Processor.vhd Line: 19
    Warning (13410): Pin "printData[15]" is stuck at GND File: C:/ERGASIA1_COMP_ARCH/16bit-CPU/Processor/Processor.vhd Line: 19
    Warning (13410): Pin "regOUT[0]" is stuck at GND File: C:/ERGASIA1_COMP_ARCH/16bit-CPU/Processor/Processor.vhd Line: 20
    Warning (13410): Pin "regOUT[1]" is stuck at GND File: C:/ERGASIA1_COMP_ARCH/16bit-CPU/Processor/Processor.vhd Line: 20
    Warning (13410): Pin "regOUT[2]" is stuck at GND File: C:/ERGASIA1_COMP_ARCH/16bit-CPU/Processor/Processor.vhd Line: 20
    Warning (13410): Pin "regOUT[3]" is stuck at GND File: C:/ERGASIA1_COMP_ARCH/16bit-CPU/Processor/Processor.vhd Line: 20
    Warning (13410): Pin "regOUT[4]" is stuck at GND File: C:/ERGASIA1_COMP_ARCH/16bit-CPU/Processor/Processor.vhd Line: 20
    Warning (13410): Pin "regOUT[5]" is stuck at GND File: C:/ERGASIA1_COMP_ARCH/16bit-CPU/Processor/Processor.vhd Line: 20
    Warning (13410): Pin "regOUT[6]" is stuck at GND File: C:/ERGASIA1_COMP_ARCH/16bit-CPU/Processor/Processor.vhd Line: 20
    Warning (13410): Pin "regOUT[7]" is stuck at GND File: C:/ERGASIA1_COMP_ARCH/16bit-CPU/Processor/Processor.vhd Line: 20
    Warning (13410): Pin "regOUT[8]" is stuck at GND File: C:/ERGASIA1_COMP_ARCH/16bit-CPU/Processor/Processor.vhd Line: 20
    Warning (13410): Pin "regOUT[9]" is stuck at GND File: C:/ERGASIA1_COMP_ARCH/16bit-CPU/Processor/Processor.vhd Line: 20
    Warning (13410): Pin "regOUT[10]" is stuck at GND File: C:/ERGASIA1_COMP_ARCH/16bit-CPU/Processor/Processor.vhd Line: 20
    Warning (13410): Pin "regOUT[11]" is stuck at GND File: C:/ERGASIA1_COMP_ARCH/16bit-CPU/Processor/Processor.vhd Line: 20
    Warning (13410): Pin "regOUT[12]" is stuck at GND File: C:/ERGASIA1_COMP_ARCH/16bit-CPU/Processor/Processor.vhd Line: 20
    Warning (13410): Pin "regOUT[13]" is stuck at GND File: C:/ERGASIA1_COMP_ARCH/16bit-CPU/Processor/Processor.vhd Line: 20
    Warning (13410): Pin "regOUT[14]" is stuck at GND File: C:/ERGASIA1_COMP_ARCH/16bit-CPU/Processor/Processor.vhd Line: 20
    Warning (13410): Pin "regOUT[15]" is stuck at GND File: C:/ERGASIA1_COMP_ARCH/16bit-CPU/Processor/Processor.vhd Line: 20
    Warning (13410): Pin "regOUT[16]" is stuck at GND File: C:/ERGASIA1_COMP_ARCH/16bit-CPU/Processor/Processor.vhd Line: 20
    Warning (13410): Pin "regOUT[17]" is stuck at GND File: C:/ERGASIA1_COMP_ARCH/16bit-CPU/Processor/Processor.vhd Line: 20
    Warning (13410): Pin "regOUT[18]" is stuck at GND File: C:/ERGASIA1_COMP_ARCH/16bit-CPU/Processor/Processor.vhd Line: 20
    Warning (13410): Pin "regOUT[19]" is stuck at GND File: C:/ERGASIA1_COMP_ARCH/16bit-CPU/Processor/Processor.vhd Line: 20
    Warning (13410): Pin "regOUT[20]" is stuck at GND File: C:/ERGASIA1_COMP_ARCH/16bit-CPU/Processor/Processor.vhd Line: 20
    Warning (13410): Pin "regOUT[21]" is stuck at GND File: C:/ERGASIA1_COMP_ARCH/16bit-CPU/Processor/Processor.vhd Line: 20
    Warning (13410): Pin "regOUT[22]" is stuck at GND File: C:/ERGASIA1_COMP_ARCH/16bit-CPU/Processor/Processor.vhd Line: 20
    Warning (13410): Pin "regOUT[23]" is stuck at GND File: C:/ERGASIA1_COMP_ARCH/16bit-CPU/Processor/Processor.vhd Line: 20
    Warning (13410): Pin "regOUT[24]" is stuck at GND File: C:/ERGASIA1_COMP_ARCH/16bit-CPU/Processor/Processor.vhd Line: 20
    Warning (13410): Pin "regOUT[25]" is stuck at GND File: C:/ERGASIA1_COMP_ARCH/16bit-CPU/Processor/Processor.vhd Line: 20
    Warning (13410): Pin "regOUT[26]" is stuck at GND File: C:/ERGASIA1_COMP_ARCH/16bit-CPU/Processor/Processor.vhd Line: 20
    Warning (13410): Pin "regOUT[27]" is stuck at GND File: C:/ERGASIA1_COMP_ARCH/16bit-CPU/Processor/Processor.vhd Line: 20
    Warning (13410): Pin "regOUT[28]" is stuck at GND File: C:/ERGASIA1_COMP_ARCH/16bit-CPU/Processor/Processor.vhd Line: 20
    Warning (13410): Pin "regOUT[29]" is stuck at GND File: C:/ERGASIA1_COMP_ARCH/16bit-CPU/Processor/Processor.vhd Line: 20
    Warning (13410): Pin "regOUT[30]" is stuck at GND File: C:/ERGASIA1_COMP_ARCH/16bit-CPU/Processor/Processor.vhd Line: 20
    Warning (13410): Pin "regOUT[31]" is stuck at GND File: C:/ERGASIA1_COMP_ARCH/16bit-CPU/Processor/Processor.vhd Line: 20
    Warning (13410): Pin "regOUT[32]" is stuck at GND File: C:/ERGASIA1_COMP_ARCH/16bit-CPU/Processor/Processor.vhd Line: 20
    Warning (13410): Pin "regOUT[33]" is stuck at GND File: C:/ERGASIA1_COMP_ARCH/16bit-CPU/Processor/Processor.vhd Line: 20
    Warning (13410): Pin "regOUT[34]" is stuck at GND File: C:/ERGASIA1_COMP_ARCH/16bit-CPU/Processor/Processor.vhd Line: 20
    Warning (13410): Pin "regOUT[35]" is stuck at GND File: C:/ERGASIA1_COMP_ARCH/16bit-CPU/Processor/Processor.vhd Line: 20
    Warning (13410): Pin "regOUT[36]" is stuck at GND File: C:/ERGASIA1_COMP_ARCH/16bit-CPU/Processor/Processor.vhd Line: 20
    Warning (13410): Pin "regOUT[37]" is stuck at GND File: C:/ERGASIA1_COMP_ARCH/16bit-CPU/Processor/Processor.vhd Line: 20
    Warning (13410): Pin "regOUT[38]" is stuck at GND File: C:/ERGASIA1_COMP_ARCH/16bit-CPU/Processor/Processor.vhd Line: 20
    Warning (13410): Pin "regOUT[39]" is stuck at GND File: C:/ERGASIA1_COMP_ARCH/16bit-CPU/Processor/Processor.vhd Line: 20
    Warning (13410): Pin "regOUT[40]" is stuck at GND File: C:/ERGASIA1_COMP_ARCH/16bit-CPU/Processor/Processor.vhd Line: 20
    Warning (13410): Pin "regOUT[41]" is stuck at GND File: C:/ERGASIA1_COMP_ARCH/16bit-CPU/Processor/Processor.vhd Line: 20
    Warning (13410): Pin "regOUT[42]" is stuck at GND File: C:/ERGASIA1_COMP_ARCH/16bit-CPU/Processor/Processor.vhd Line: 20
    Warning (13410): Pin "regOUT[43]" is stuck at GND File: C:/ERGASIA1_COMP_ARCH/16bit-CPU/Processor/Processor.vhd Line: 20
    Warning (13410): Pin "regOUT[44]" is stuck at GND File: C:/ERGASIA1_COMP_ARCH/16bit-CPU/Processor/Processor.vhd Line: 20
    Warning (13410): Pin "regOUT[45]" is stuck at GND File: C:/ERGASIA1_COMP_ARCH/16bit-CPU/Processor/Processor.vhd Line: 20
    Warning (13410): Pin "regOUT[46]" is stuck at GND File: C:/ERGASIA1_COMP_ARCH/16bit-CPU/Processor/Processor.vhd Line: 20
    Warning (13410): Pin "regOUT[47]" is stuck at GND File: C:/ERGASIA1_COMP_ARCH/16bit-CPU/Processor/Processor.vhd Line: 20
    Warning (13410): Pin "regOUT[48]" is stuck at GND File: C:/ERGASIA1_COMP_ARCH/16bit-CPU/Processor/Processor.vhd Line: 20
    Warning (13410): Pin "regOUT[49]" is stuck at GND File: C:/ERGASIA1_COMP_ARCH/16bit-CPU/Processor/Processor.vhd Line: 20
    Warning (13410): Pin "regOUT[50]" is stuck at GND File: C:/ERGASIA1_COMP_ARCH/16bit-CPU/Processor/Processor.vhd Line: 20
    Warning (13410): Pin "regOUT[51]" is stuck at GND File: C:/ERGASIA1_COMP_ARCH/16bit-CPU/Processor/Processor.vhd Line: 20
    Warning (13410): Pin "regOUT[52]" is stuck at GND File: C:/ERGASIA1_COMP_ARCH/16bit-CPU/Processor/Processor.vhd Line: 20
    Warning (13410): Pin "regOUT[53]" is stuck at GND File: C:/ERGASIA1_COMP_ARCH/16bit-CPU/Processor/Processor.vhd Line: 20
    Warning (13410): Pin "regOUT[54]" is stuck at GND File: C:/ERGASIA1_COMP_ARCH/16bit-CPU/Processor/Processor.vhd Line: 20
    Warning (13410): Pin "regOUT[55]" is stuck at GND File: C:/ERGASIA1_COMP_ARCH/16bit-CPU/Processor/Processor.vhd Line: 20
    Warning (13410): Pin "regOUT[56]" is stuck at GND File: C:/ERGASIA1_COMP_ARCH/16bit-CPU/Processor/Processor.vhd Line: 20
    Warning (13410): Pin "regOUT[57]" is stuck at GND File: C:/ERGASIA1_COMP_ARCH/16bit-CPU/Processor/Processor.vhd Line: 20
    Warning (13410): Pin "regOUT[58]" is stuck at GND File: C:/ERGASIA1_COMP_ARCH/16bit-CPU/Processor/Processor.vhd Line: 20
    Warning (13410): Pin "regOUT[59]" is stuck at GND File: C:/ERGASIA1_COMP_ARCH/16bit-CPU/Processor/Processor.vhd Line: 20
    Warning (13410): Pin "regOUT[60]" is stuck at GND File: C:/ERGASIA1_COMP_ARCH/16bit-CPU/Processor/Processor.vhd Line: 20
    Warning (13410): Pin "regOUT[61]" is stuck at GND File: C:/ERGASIA1_COMP_ARCH/16bit-CPU/Processor/Processor.vhd Line: 20
    Warning (13410): Pin "regOUT[62]" is stuck at GND File: C:/ERGASIA1_COMP_ARCH/16bit-CPU/Processor/Processor.vhd Line: 20
    Warning (13410): Pin "regOUT[63]" is stuck at GND File: C:/ERGASIA1_COMP_ARCH/16bit-CPU/Processor/Processor.vhd Line: 20
    Warning (13410): Pin "regOUT[64]" is stuck at GND File: C:/ERGASIA1_COMP_ARCH/16bit-CPU/Processor/Processor.vhd Line: 20
    Warning (13410): Pin "regOUT[65]" is stuck at GND File: C:/ERGASIA1_COMP_ARCH/16bit-CPU/Processor/Processor.vhd Line: 20
    Warning (13410): Pin "regOUT[66]" is stuck at GND File: C:/ERGASIA1_COMP_ARCH/16bit-CPU/Processor/Processor.vhd Line: 20
    Warning (13410): Pin "regOUT[67]" is stuck at GND File: C:/ERGASIA1_COMP_ARCH/16bit-CPU/Processor/Processor.vhd Line: 20
    Warning (13410): Pin "regOUT[68]" is stuck at GND File: C:/ERGASIA1_COMP_ARCH/16bit-CPU/Processor/Processor.vhd Line: 20
    Warning (13410): Pin "regOUT[69]" is stuck at GND File: C:/ERGASIA1_COMP_ARCH/16bit-CPU/Processor/Processor.vhd Line: 20
    Warning (13410): Pin "regOUT[70]" is stuck at GND File: C:/ERGASIA1_COMP_ARCH/16bit-CPU/Processor/Processor.vhd Line: 20
    Warning (13410): Pin "regOUT[71]" is stuck at GND File: C:/ERGASIA1_COMP_ARCH/16bit-CPU/Processor/Processor.vhd Line: 20
    Warning (13410): Pin "regOUT[72]" is stuck at GND File: C:/ERGASIA1_COMP_ARCH/16bit-CPU/Processor/Processor.vhd Line: 20
    Warning (13410): Pin "regOUT[73]" is stuck at GND File: C:/ERGASIA1_COMP_ARCH/16bit-CPU/Processor/Processor.vhd Line: 20
    Warning (13410): Pin "regOUT[74]" is stuck at GND File: C:/ERGASIA1_COMP_ARCH/16bit-CPU/Processor/Processor.vhd Line: 20
    Warning (13410): Pin "regOUT[75]" is stuck at GND File: C:/ERGASIA1_COMP_ARCH/16bit-CPU/Processor/Processor.vhd Line: 20
    Warning (13410): Pin "regOUT[76]" is stuck at GND File: C:/ERGASIA1_COMP_ARCH/16bit-CPU/Processor/Processor.vhd Line: 20
    Warning (13410): Pin "regOUT[77]" is stuck at GND File: C:/ERGASIA1_COMP_ARCH/16bit-CPU/Processor/Processor.vhd Line: 20
    Warning (13410): Pin "regOUT[78]" is stuck at GND File: C:/ERGASIA1_COMP_ARCH/16bit-CPU/Processor/Processor.vhd Line: 20
    Warning (13410): Pin "regOUT[79]" is stuck at GND File: C:/ERGASIA1_COMP_ARCH/16bit-CPU/Processor/Processor.vhd Line: 20
    Warning (13410): Pin "regOUT[80]" is stuck at GND File: C:/ERGASIA1_COMP_ARCH/16bit-CPU/Processor/Processor.vhd Line: 20
    Warning (13410): Pin "regOUT[81]" is stuck at GND File: C:/ERGASIA1_COMP_ARCH/16bit-CPU/Processor/Processor.vhd Line: 20
    Warning (13410): Pin "regOUT[82]" is stuck at GND File: C:/ERGASIA1_COMP_ARCH/16bit-CPU/Processor/Processor.vhd Line: 20
    Warning (13410): Pin "regOUT[83]" is stuck at GND File: C:/ERGASIA1_COMP_ARCH/16bit-CPU/Processor/Processor.vhd Line: 20
    Warning (13410): Pin "regOUT[84]" is stuck at GND File: C:/ERGASIA1_COMP_ARCH/16bit-CPU/Processor/Processor.vhd Line: 20
    Warning (13410): Pin "regOUT[85]" is stuck at GND File: C:/ERGASIA1_COMP_ARCH/16bit-CPU/Processor/Processor.vhd Line: 20
    Warning (13410): Pin "regOUT[86]" is stuck at GND File: C:/ERGASIA1_COMP_ARCH/16bit-CPU/Processor/Processor.vhd Line: 20
    Warning (13410): Pin "regOUT[87]" is stuck at GND File: C:/ERGASIA1_COMP_ARCH/16bit-CPU/Processor/Processor.vhd Line: 20
    Warning (13410): Pin "regOUT[88]" is stuck at GND File: C:/ERGASIA1_COMP_ARCH/16bit-CPU/Processor/Processor.vhd Line: 20
    Warning (13410): Pin "regOUT[89]" is stuck at GND File: C:/ERGASIA1_COMP_ARCH/16bit-CPU/Processor/Processor.vhd Line: 20
    Warning (13410): Pin "regOUT[90]" is stuck at GND File: C:/ERGASIA1_COMP_ARCH/16bit-CPU/Processor/Processor.vhd Line: 20
    Warning (13410): Pin "regOUT[91]" is stuck at GND File: C:/ERGASIA1_COMP_ARCH/16bit-CPU/Processor/Processor.vhd Line: 20
    Warning (13410): Pin "regOUT[92]" is stuck at GND File: C:/ERGASIA1_COMP_ARCH/16bit-CPU/Processor/Processor.vhd Line: 20
    Warning (13410): Pin "regOUT[93]" is stuck at GND File: C:/ERGASIA1_COMP_ARCH/16bit-CPU/Processor/Processor.vhd Line: 20
    Warning (13410): Pin "regOUT[94]" is stuck at GND File: C:/ERGASIA1_COMP_ARCH/16bit-CPU/Processor/Processor.vhd Line: 20
    Warning (13410): Pin "regOUT[95]" is stuck at GND File: C:/ERGASIA1_COMP_ARCH/16bit-CPU/Processor/Processor.vhd Line: 20
    Warning (13410): Pin "regOUT[96]" is stuck at GND File: C:/ERGASIA1_COMP_ARCH/16bit-CPU/Processor/Processor.vhd Line: 20
    Warning (13410): Pin "regOUT[97]" is stuck at GND File: C:/ERGASIA1_COMP_ARCH/16bit-CPU/Processor/Processor.vhd Line: 20
    Warning (13410): Pin "regOUT[98]" is stuck at GND File: C:/ERGASIA1_COMP_ARCH/16bit-CPU/Processor/Processor.vhd Line: 20
    Warning (13410): Pin "regOUT[99]" is stuck at GND File: C:/ERGASIA1_COMP_ARCH/16bit-CPU/Processor/Processor.vhd Line: 20
    Warning (13410): Pin "regOUT[100]" is stuck at GND File: C:/ERGASIA1_COMP_ARCH/16bit-CPU/Processor/Processor.vhd Line: 20
    Warning (13410): Pin "regOUT[101]" is stuck at GND File: C:/ERGASIA1_COMP_ARCH/16bit-CPU/Processor/Processor.vhd Line: 20
    Warning (13410): Pin "regOUT[102]" is stuck at GND File: C:/ERGASIA1_COMP_ARCH/16bit-CPU/Processor/Processor.vhd Line: 20
    Warning (13410): Pin "regOUT[103]" is stuck at GND File: C:/ERGASIA1_COMP_ARCH/16bit-CPU/Processor/Processor.vhd Line: 20
    Warning (13410): Pin "regOUT[104]" is stuck at GND File: C:/ERGASIA1_COMP_ARCH/16bit-CPU/Processor/Processor.vhd Line: 20
    Warning (13410): Pin "regOUT[105]" is stuck at GND File: C:/ERGASIA1_COMP_ARCH/16bit-CPU/Processor/Processor.vhd Line: 20
    Warning (13410): Pin "regOUT[106]" is stuck at GND File: C:/ERGASIA1_COMP_ARCH/16bit-CPU/Processor/Processor.vhd Line: 20
    Warning (13410): Pin "regOUT[107]" is stuck at GND File: C:/ERGASIA1_COMP_ARCH/16bit-CPU/Processor/Processor.vhd Line: 20
    Warning (13410): Pin "regOUT[108]" is stuck at GND File: C:/ERGASIA1_COMP_ARCH/16bit-CPU/Processor/Processor.vhd Line: 20
    Warning (13410): Pin "regOUT[109]" is stuck at GND File: C:/ERGASIA1_COMP_ARCH/16bit-CPU/Processor/Processor.vhd Line: 20
    Warning (13410): Pin "regOUT[110]" is stuck at GND File: C:/ERGASIA1_COMP_ARCH/16bit-CPU/Processor/Processor.vhd Line: 20
    Warning (13410): Pin "regOUT[111]" is stuck at GND File: C:/ERGASIA1_COMP_ARCH/16bit-CPU/Processor/Processor.vhd Line: 20
    Warning (13410): Pin "regOUT[112]" is stuck at GND File: C:/ERGASIA1_COMP_ARCH/16bit-CPU/Processor/Processor.vhd Line: 20
    Warning (13410): Pin "regOUT[113]" is stuck at GND File: C:/ERGASIA1_COMP_ARCH/16bit-CPU/Processor/Processor.vhd Line: 20
    Warning (13410): Pin "regOUT[114]" is stuck at GND File: C:/ERGASIA1_COMP_ARCH/16bit-CPU/Processor/Processor.vhd Line: 20
    Warning (13410): Pin "regOUT[115]" is stuck at GND File: C:/ERGASIA1_COMP_ARCH/16bit-CPU/Processor/Processor.vhd Line: 20
    Warning (13410): Pin "regOUT[116]" is stuck at GND File: C:/ERGASIA1_COMP_ARCH/16bit-CPU/Processor/Processor.vhd Line: 20
    Warning (13410): Pin "regOUT[117]" is stuck at GND File: C:/ERGASIA1_COMP_ARCH/16bit-CPU/Processor/Processor.vhd Line: 20
    Warning (13410): Pin "regOUT[118]" is stuck at GND File: C:/ERGASIA1_COMP_ARCH/16bit-CPU/Processor/Processor.vhd Line: 20
    Warning (13410): Pin "regOUT[119]" is stuck at GND File: C:/ERGASIA1_COMP_ARCH/16bit-CPU/Processor/Processor.vhd Line: 20
    Warning (13410): Pin "regOUT[120]" is stuck at GND File: C:/ERGASIA1_COMP_ARCH/16bit-CPU/Processor/Processor.vhd Line: 20
    Warning (13410): Pin "regOUT[121]" is stuck at GND File: C:/ERGASIA1_COMP_ARCH/16bit-CPU/Processor/Processor.vhd Line: 20
    Warning (13410): Pin "regOUT[122]" is stuck at GND File: C:/ERGASIA1_COMP_ARCH/16bit-CPU/Processor/Processor.vhd Line: 20
    Warning (13410): Pin "regOUT[123]" is stuck at GND File: C:/ERGASIA1_COMP_ARCH/16bit-CPU/Processor/Processor.vhd Line: 20
    Warning (13410): Pin "regOUT[124]" is stuck at GND File: C:/ERGASIA1_COMP_ARCH/16bit-CPU/Processor/Processor.vhd Line: 20
    Warning (13410): Pin "regOUT[125]" is stuck at GND File: C:/ERGASIA1_COMP_ARCH/16bit-CPU/Processor/Processor.vhd Line: 20
    Warning (13410): Pin "regOUT[126]" is stuck at GND File: C:/ERGASIA1_COMP_ARCH/16bit-CPU/Processor/Processor.vhd Line: 20
    Warning (13410): Pin "regOUT[127]" is stuck at GND File: C:/ERGASIA1_COMP_ARCH/16bit-CPU/Processor/Processor.vhd Line: 20
    Warning (13410): Pin "regOUT[128]" is stuck at GND File: C:/ERGASIA1_COMP_ARCH/16bit-CPU/Processor/Processor.vhd Line: 20
    Warning (13410): Pin "regOUT[129]" is stuck at GND File: C:/ERGASIA1_COMP_ARCH/16bit-CPU/Processor/Processor.vhd Line: 20
    Warning (13410): Pin "regOUT[130]" is stuck at GND File: C:/ERGASIA1_COMP_ARCH/16bit-CPU/Processor/Processor.vhd Line: 20
    Warning (13410): Pin "regOUT[131]" is stuck at GND File: C:/ERGASIA1_COMP_ARCH/16bit-CPU/Processor/Processor.vhd Line: 20
    Warning (13410): Pin "regOUT[132]" is stuck at GND File: C:/ERGASIA1_COMP_ARCH/16bit-CPU/Processor/Processor.vhd Line: 20
    Warning (13410): Pin "regOUT[133]" is stuck at GND File: C:/ERGASIA1_COMP_ARCH/16bit-CPU/Processor/Processor.vhd Line: 20
    Warning (13410): Pin "regOUT[134]" is stuck at GND File: C:/ERGASIA1_COMP_ARCH/16bit-CPU/Processor/Processor.vhd Line: 20
    Warning (13410): Pin "regOUT[135]" is stuck at GND File: C:/ERGASIA1_COMP_ARCH/16bit-CPU/Processor/Processor.vhd Line: 20
    Warning (13410): Pin "regOUT[136]" is stuck at GND File: C:/ERGASIA1_COMP_ARCH/16bit-CPU/Processor/Processor.vhd Line: 20
    Warning (13410): Pin "regOUT[137]" is stuck at GND File: C:/ERGASIA1_COMP_ARCH/16bit-CPU/Processor/Processor.vhd Line: 20
    Warning (13410): Pin "regOUT[138]" is stuck at GND File: C:/ERGASIA1_COMP_ARCH/16bit-CPU/Processor/Processor.vhd Line: 20
    Warning (13410): Pin "regOUT[139]" is stuck at GND File: C:/ERGASIA1_COMP_ARCH/16bit-CPU/Processor/Processor.vhd Line: 20
    Warning (13410): Pin "regOUT[140]" is stuck at GND File: C:/ERGASIA1_COMP_ARCH/16bit-CPU/Processor/Processor.vhd Line: 20
    Warning (13410): Pin "regOUT[141]" is stuck at GND File: C:/ERGASIA1_COMP_ARCH/16bit-CPU/Processor/Processor.vhd Line: 20
    Warning (13410): Pin "regOUT[142]" is stuck at GND File: C:/ERGASIA1_COMP_ARCH/16bit-CPU/Processor/Processor.vhd Line: 20
    Warning (13410): Pin "regOUT[143]" is stuck at GND File: C:/ERGASIA1_COMP_ARCH/16bit-CPU/Processor/Processor.vhd Line: 20
Info (286030): Timing-Driven Synthesis is running
Info (16010): Generating hard_block partition "hard_block:auto_generated_inst"
    Info (16011): Adding 0 node(s), including 0 DDIO, 0 PLL, 0 transceiver and 0 LCELL
Warning (21074): Design contains 33 input pin(s) that do not drive logic
    Warning (15610): No output dependent on input pin "keyData[0]" File: C:/ERGASIA1_COMP_ARCH/16bit-CPU/Processor/Processor.vhd Line: 7
    Warning (15610): No output dependent on input pin "keyData[1]" File: C:/ERGASIA1_COMP_ARCH/16bit-CPU/Processor/Processor.vhd Line: 7
    Warning (15610): No output dependent on input pin "keyData[2]" File: C:/ERGASIA1_COMP_ARCH/16bit-CPU/Processor/Processor.vhd Line: 7
    Warning (15610): No output dependent on input pin "keyData[3]" File: C:/ERGASIA1_COMP_ARCH/16bit-CPU/Processor/Processor.vhd Line: 7
    Warning (15610): No output dependent on input pin "keyData[4]" File: C:/ERGASIA1_COMP_ARCH/16bit-CPU/Processor/Processor.vhd Line: 7
    Warning (15610): No output dependent on input pin "keyData[5]" File: C:/ERGASIA1_COMP_ARCH/16bit-CPU/Processor/Processor.vhd Line: 7
    Warning (15610): No output dependent on input pin "keyData[6]" File: C:/ERGASIA1_COMP_ARCH/16bit-CPU/Processor/Processor.vhd Line: 7
    Warning (15610): No output dependent on input pin "keyData[7]" File: C:/ERGASIA1_COMP_ARCH/16bit-CPU/Processor/Processor.vhd Line: 7
    Warning (15610): No output dependent on input pin "keyData[8]" File: C:/ERGASIA1_COMP_ARCH/16bit-CPU/Processor/Processor.vhd Line: 7
    Warning (15610): No output dependent on input pin "keyData[9]" File: C:/ERGASIA1_COMP_ARCH/16bit-CPU/Processor/Processor.vhd Line: 7
    Warning (15610): No output dependent on input pin "keyData[10]" File: C:/ERGASIA1_COMP_ARCH/16bit-CPU/Processor/Processor.vhd Line: 7
    Warning (15610): No output dependent on input pin "keyData[11]" File: C:/ERGASIA1_COMP_ARCH/16bit-CPU/Processor/Processor.vhd Line: 7
    Warning (15610): No output dependent on input pin "keyData[12]" File: C:/ERGASIA1_COMP_ARCH/16bit-CPU/Processor/Processor.vhd Line: 7
    Warning (15610): No output dependent on input pin "keyData[13]" File: C:/ERGASIA1_COMP_ARCH/16bit-CPU/Processor/Processor.vhd Line: 7
    Warning (15610): No output dependent on input pin "keyData[14]" File: C:/ERGASIA1_COMP_ARCH/16bit-CPU/Processor/Processor.vhd Line: 7
    Warning (15610): No output dependent on input pin "keyData[15]" File: C:/ERGASIA1_COMP_ARCH/16bit-CPU/Processor/Processor.vhd Line: 7
    Warning (15610): No output dependent on input pin "fromData[0]" File: C:/ERGASIA1_COMP_ARCH/16bit-CPU/Processor/Processor.vhd Line: 9
    Warning (15610): No output dependent on input pin "fromData[1]" File: C:/ERGASIA1_COMP_ARCH/16bit-CPU/Processor/Processor.vhd Line: 9
    Warning (15610): No output dependent on input pin "fromData[2]" File: C:/ERGASIA1_COMP_ARCH/16bit-CPU/Processor/Processor.vhd Line: 9
    Warning (15610): No output dependent on input pin "fromData[3]" File: C:/ERGASIA1_COMP_ARCH/16bit-CPU/Processor/Processor.vhd Line: 9
    Warning (15610): No output dependent on input pin "fromData[4]" File: C:/ERGASIA1_COMP_ARCH/16bit-CPU/Processor/Processor.vhd Line: 9
    Warning (15610): No output dependent on input pin "fromData[5]" File: C:/ERGASIA1_COMP_ARCH/16bit-CPU/Processor/Processor.vhd Line: 9
    Warning (15610): No output dependent on input pin "fromData[6]" File: C:/ERGASIA1_COMP_ARCH/16bit-CPU/Processor/Processor.vhd Line: 9
    Warning (15610): No output dependent on input pin "fromData[7]" File: C:/ERGASIA1_COMP_ARCH/16bit-CPU/Processor/Processor.vhd Line: 9
    Warning (15610): No output dependent on input pin "fromData[8]" File: C:/ERGASIA1_COMP_ARCH/16bit-CPU/Processor/Processor.vhd Line: 9
    Warning (15610): No output dependent on input pin "fromData[9]" File: C:/ERGASIA1_COMP_ARCH/16bit-CPU/Processor/Processor.vhd Line: 9
    Warning (15610): No output dependent on input pin "fromData[10]" File: C:/ERGASIA1_COMP_ARCH/16bit-CPU/Processor/Processor.vhd Line: 9
    Warning (15610): No output dependent on input pin "fromData[11]" File: C:/ERGASIA1_COMP_ARCH/16bit-CPU/Processor/Processor.vhd Line: 9
    Warning (15610): No output dependent on input pin "fromData[12]" File: C:/ERGASIA1_COMP_ARCH/16bit-CPU/Processor/Processor.vhd Line: 9
    Warning (15610): No output dependent on input pin "fromData[13]" File: C:/ERGASIA1_COMP_ARCH/16bit-CPU/Processor/Processor.vhd Line: 9
    Warning (15610): No output dependent on input pin "fromData[14]" File: C:/ERGASIA1_COMP_ARCH/16bit-CPU/Processor/Processor.vhd Line: 9
    Warning (15610): No output dependent on input pin "fromData[15]" File: C:/ERGASIA1_COMP_ARCH/16bit-CPU/Processor/Processor.vhd Line: 9
    Warning (15610): No output dependent on input pin "clock2" File: C:/ERGASIA1_COMP_ARCH/16bit-CPU/Processor/Processor.vhd Line: 11
Info (21057): Implemented 375 device resources after synthesis - the final resource count might be different
    Info (21058): Implemented 50 input pins
    Info (21059): Implemented 227 output pins
    Info (21061): Implemented 98 logic cells
Info: Quartus Prime Analysis & Synthesis was successful. 0 errors, 330 warnings
    Info: Peak virtual memory: 4886 megabytes
    Info: Processing ended: Sat May 23 08:49:50 2026
    Info: Elapsed time: 00:00:09
    Info: Total CPU time (on all processors): 00:00:18


