Fitter report for Processor
Fri May 22 20:15:58 2026
Quartus Prime Version 19.1.0 Build 670 09/22/2019 SJ Lite Edition


---------------------
; Table of Contents ;
---------------------
  1. Legal Notice
  2. Fitter Summary
  3. Fitter Settings
  4. Parallel Compilation
  5. Incremental Compilation Preservation Summary
  6. Incremental Compilation Partition Settings
  7. Fitter Resource Usage Summary
  8. Input Pins
  9. Output Pins
 10. I/O Bank Usage
 11. All Package Pins
 12. I/O Assignment Warnings
 13. Fitter Resource Utilization by Entity
 14. Delay Chain Summary
 15. Pad To Core Delay Chain Fanout
 16. Control Signals
 17. I/O Rules Summary
 18. I/O Rules Details
 19. I/O Rules Matrix
 20. Fitter Device Options
 21. Operating Settings and Conditions
 22. Fitter Messages



----------------
; Legal Notice ;
----------------
Copyright (C) 2019  Intel Corporation. All rights reserved.
Your use of Intel Corporation's design tools, logic functions 
and other software and tools, and any partner logic 
functions, and any output files from any of the foregoing 
(including device programming or simulation files), and any 
associated documentation or information are expressly subject 
to the terms and conditions of the Intel Program License 
Subscription Agreement, the Intel Quartus Prime License Agreement,
the Intel FPGA IP License Agreement, or other applicable license
agreement, including, without limitation, that your use is for
the sole purpose of programming logic devices manufactured by
Intel and sold by Intel or its authorized distributors.  Please
refer to the applicable agreement for further details, at
https://fpgasoftware.intel.com/eula.



+-------------------------------------------------------------------------------+
; Fitter Summary                                                                ;
+---------------------------------+---------------------------------------------+
; Fitter Status                   ; Failed - Fri May 22 20:15:58 2026           ;
; Quartus Prime Version           ; 19.1.0 Build 670 09/22/2019 SJ Lite Edition ;
; Revision Name                   ; Processor                                   ;
; Top-level Entity Name           ; Processor                                   ;
; Family                          ; Cyclone V                                   ;
; Device                          ; 5CGXFC7C7F23C8                              ;
; Timing Models                   ; Final                                       ;
; Logic utilization (in ALMs)     ; 18 / 56,480 ( < 1 % )                       ;
; Total registers                 ; 16                                          ;
; Total pins                      ; 277 / 268 ( 103 % )                         ;
; Total virtual pins              ; 0                                           ;
; Total block memory bits         ; 0 / 7,024,640 ( 0 % )                       ;
; Total RAM Blocks                ; 0 / 686 ( 0 % )                             ;
; Total DSP Blocks                ; 0 / 156 ( 0 % )                             ;
; Total HSSI RX PCSs              ; 0 / 6 ( 0 % )                               ;
; Total HSSI PMA RX Deserializers ; 0 / 6 ( 0 % )                               ;
; Total HSSI TX PCSs              ; 0 / 6 ( 0 % )                               ;
; Total HSSI PMA TX Serializers   ; 0 / 6 ( 0 % )                               ;
; Total PLLs                      ; 0 / 13 ( 0 % )                              ;
; Total DLLs                      ; 0 / 4 ( 0 % )                               ;
+---------------------------------+---------------------------------------------+


+----------------------------------------------------------------------------------------------------------------------------------------------------+
; Fitter Settings                                                                                                                                    ;
+--------------------------------------------------------------------+---------------------------------------+---------------------------------------+
; Option                                                             ; Setting                               ; Default Value                         ;
+--------------------------------------------------------------------+---------------------------------------+---------------------------------------+
; Device                                                             ; 5CGXFC7C7F23C8                        ;                                       ;
; Minimum Core Junction Temperature                                  ; 0                                     ;                                       ;
; Maximum Core Junction Temperature                                  ; 85                                    ;                                       ;
; Use smart compilation                                              ; Off                                   ; Off                                   ;
; Enable parallel Assembler and Timing Analyzer during compilation   ; On                                    ; On                                    ;
; Enable compact report table                                        ; Off                                   ; Off                                   ;
; Router Timing Optimization Level                                   ; Normal                                ; Normal                                ;
; Perform Clocking Topology Analysis During Routing                  ; Off                                   ; Off                                   ;
; Placement Effort Multiplier                                        ; 1.0                                   ; 1.0                                   ;
; Device initialization clock source                                 ; INIT_INTOSC                           ; INIT_INTOSC                           ;
; Optimize Hold Timing                                               ; All Paths                             ; All Paths                             ;
; Optimize Multi-Corner Timing                                       ; On                                    ; On                                    ;
; Auto RAM to MLAB Conversion                                        ; On                                    ; On                                    ;
; Equivalent RAM and MLAB Power Up                                   ; Auto                                  ; Auto                                  ;
; Equivalent RAM and MLAB Paused Read Capabilities                   ; Care                                  ; Care                                  ;
; Power Optimization During Fitting                                  ; Normal compilation                    ; Normal compilation                    ;
; SSN Optimization                                                   ; Off                                   ; Off                                   ;
; Optimize Timing                                                    ; Normal compilation                    ; Normal compilation                    ;
; Optimize Timing for ECOs                                           ; Off                                   ; Off                                   ;
; Regenerate Full Fit Report During ECO Compiles                     ; Off                                   ; Off                                   ;
; Optimize IOC Register Placement for Timing                         ; Normal                                ; Normal                                ;
; Final Placement Optimizations                                      ; Automatically                         ; Automatically                         ;
; Fitter Aggressive Routability Optimizations                        ; Automatically                         ; Automatically                         ;
; Fitter Initial Placement Seed                                      ; 1                                     ; 1                                     ;
; Periphery to Core Placement and Routing Optimization               ; Off                                   ; Off                                   ;
; Weak Pull-Up Resistor                                              ; Off                                   ; Off                                   ;
; Enable Bus-Hold Circuitry                                          ; Off                                   ; Off                                   ;
; Auto Packed Registers                                              ; Auto                                  ; Auto                                  ;
; Auto Delay Chains                                                  ; On                                    ; On                                    ;
; Auto Delay Chains for High Fanout Input Pins                       ; Off                                   ; Off                                   ;
; Treat Bidirectional Pin as Output Pin                              ; Off                                   ; Off                                   ;
; Perform Physical Synthesis for Combinational Logic for Fitting     ; Off                                   ; Off                                   ;
; Perform Physical Synthesis for Combinational Logic for Performance ; Off                                   ; Off                                   ;
; Perform Register Duplication for Performance                       ; Off                                   ; Off                                   ;
; Perform Register Retiming for Performance                          ; Off                                   ; Off                                   ;
; Perform Asynchronous Signal Pipelining                             ; Off                                   ; Off                                   ;
; Fitter Effort                                                      ; Auto Fit                              ; Auto Fit                              ;
; Physical Synthesis Effort Level                                    ; Normal                                ; Normal                                ;
; Logic Cell Insertion - Logic Duplication                           ; Auto                                  ; Auto                                  ;
; Auto Register Duplication                                          ; Auto                                  ; Auto                                  ;
; Auto Global Clock                                                  ; On                                    ; On                                    ;
; Auto Global Register Control Signals                               ; On                                    ; On                                    ;
; Reserve all unused pins                                            ; As input tri-stated with weak pull-up ; As input tri-stated with weak pull-up ;
; Synchronizer Identification                                        ; Auto                                  ; Auto                                  ;
; Enable Beneficial Skew Optimization                                ; On                                    ; On                                    ;
; Optimize Design for Metastability                                  ; On                                    ; On                                    ;
; Active Serial clock source                                         ; FREQ_100MHz                           ; FREQ_100MHz                           ;
; Force Fitter to Avoid Periphery Placement Warnings                 ; Off                                   ; Off                                   ;
; Clamping Diode                                                     ; Off                                   ; Off                                   ;
; Enable input tri-state on active configuration pins in user mode   ; Off                                   ; Off                                   ;
; Advanced Physical Optimization                                     ; On                                    ; On                                    ;
+--------------------------------------------------------------------+---------------------------------------+---------------------------------------+


+------------------------------------------+
; Parallel Compilation                     ;
+----------------------------+-------------+
; Processors                 ; Number      ;
+----------------------------+-------------+
; Number detected on machine ; 8           ;
; Maximum allowed            ; 4           ;
;                            ;             ;
; Average used               ; 1.00        ;
; Maximum used               ; 1           ;
;                            ;             ;
; Usage by Processor         ; % Time Used ;
;     Processor 1            ; 100.0%      ;
+----------------------------+-------------+


+------------------------------------------------------------------------------------------------+
; Incremental Compilation Preservation Summary                                                   ;
+---------------------+------------------+----------------------------+--------------------------+
; Type                ; Total [A + B]    ; From Design Partitions [A] ; From Rapid Recompile [B] ;
+---------------------+------------------+----------------------------+--------------------------+
; Placement (by node) ;                  ;                            ;                          ;
;     -- Requested    ; 0.00 % ( 0 / 0 ) ; 0.00 % ( 0 / 0 )           ; 0.00 % ( 0 / 0 )         ;
;     -- Achieved     ; 0.00 % ( 0 / 0 ) ; 0.00 % ( 0 / 0 )           ; 0.00 % ( 0 / 0 )         ;
;                     ;                  ;                            ;                          ;
; Routing (by net)    ;                  ;                            ;                          ;
;     -- Requested    ; 0.00 % ( 0 / 0 ) ; 0.00 % ( 0 / 0 )           ; 0.00 % ( 0 / 0 )         ;
;     -- Achieved     ; 0.00 % ( 0 / 0 ) ; 0.00 % ( 0 / 0 )           ; 0.00 % ( 0 / 0 )         ;
+---------------------+------------------+----------------------------+--------------------------+


+----------------------------------------------------------------------------------------------------------------------------------------------------------------------------------------+
; Incremental Compilation Partition Settings                                                                                                                                             ;
+--------------------------------+----------------+-------------------+-------------------------+------------------------+------------------------------+--------------------------------+
; Partition Name                 ; Partition Type ; Netlist Type Used ; Preservation Level Used ; Netlist Type Requested ; Preservation Level Requested ; Contents                       ;
+--------------------------------+----------------+-------------------+-------------------------+------------------------+------------------------------+--------------------------------+
; Top                            ; User-created   ; Source File       ; N/A                     ; Source File            ; N/A                          ;                                ;
; hard_block:auto_generated_inst ; Auto-generated ; Source File       ; N/A                     ; Source File            ; N/A                          ; hard_block:auto_generated_inst ;
+--------------------------------+----------------+-------------------+-------------------------+------------------------+------------------------------+--------------------------------+


+-------------------------------------------------------------------------------------+
; Fitter Resource Usage Summary                                                       ;
+-------------------------------------------------------------+---------------+-------+
; Resource                                                    ; Usage         ; %     ;
+-------------------------------------------------------------+---------------+-------+
; Logic utilization (ALMs needed / total ALMs on device)      ; 18 / 56,480   ; < 1 % ;
; ALMs needed [=A-B+C]                                        ; 18            ;       ;
;     [A] ALMs used in final placement [=a+b+c+d]             ; 18 / 56,480   ; < 1 % ;
;         [a] ALMs used for LUT logic and registers           ; 8             ;       ;
;         [b] ALMs used for LUT logic                         ; 10            ;       ;
;         [c] ALMs used for registers                         ; 0             ;       ;
;         [d] ALMs used for memory (up to half of total ALMs) ; 0             ;       ;
;     [B] Estimate of ALMs recoverable by dense packing       ; 0 / 56,480    ; 0 %   ;
;     [C] Estimate of ALMs unavailable [=a+b+c+d]             ; 0 / 56,480    ; 0 %   ;
;         [a] Due to location constrained logic               ; 0             ;       ;
;         [b] Due to LAB-wide signal conflicts                ; 0             ;       ;
;         [c] Due to LAB input limits                         ; 0             ;       ;
;         [d] Due to virtual I/Os                             ; 0             ;       ;
;                                                             ;               ;       ;
; Difficulty packing design                                   ; No fit        ;       ;
;                                                             ;               ;       ;
; Total LABs:  partially or completely used                   ; 29 / 5,648    ; < 1 % ;
;     -- Logic LABs                                           ; 29            ;       ;
;     -- Memory LABs (up to half of total LABs)               ; 0             ;       ;
;                                                             ;               ;       ;
; Combinational ALUT usage for logic                          ; 34            ;       ;
;     -- 7 input functions                                    ; 0             ;       ;
;     -- 6 input functions                                    ; 0             ;       ;
;     -- 5 input functions                                    ; 1             ;       ;
;     -- 4 input functions                                    ; 1             ;       ;
;     -- <=3 input functions                                  ; 32            ;       ;
; Combinational ALUT usage for route-throughs                 ; 0             ;       ;
;                                                             ;               ;       ;
; Dedicated logic registers                                   ; 16            ;       ;
;     -- By type:                                             ;               ;       ;
;         -- Primary logic registers                          ; 16 / 112,960  ; < 1 % ;
;         -- Secondary logic registers                        ; 0 / 112,960   ; 0 %   ;
;     -- By function:                                         ;               ;       ;
;         -- Design implementation registers                  ; 16            ;       ;
;         -- Routing optimization registers                   ; 0             ;       ;
;                                                             ;               ;       ;
; Virtual pins                                                ; 0             ;       ;
; I/O pins                                                    ; 277 / 268     ; 103 % ;
;     -- Clock pins                                           ; 0 / 11        ; 0 %   ;
;     -- Dedicated input pins                                 ; 0 / 23        ; 0 %   ;
;                                                             ;               ;       ;
; M10K blocks                                                 ; 0 / 686       ; 0 %   ;
; Total MLAB memory bits                                      ; 0             ;       ;
; Total block memory bits                                     ; 0 / 7,024,640 ; 0 %   ;
; Total block memory implementation bits                      ; 0 / 7,024,640 ; 0 %   ;
;                                                             ;               ;       ;
; Total DSP Blocks                                            ; 0 / 156       ; 0 %   ;
;                                                             ;               ;       ;
; Fractional PLLs                                             ; 0 / 7         ; 0 %   ;
; Global signals                                              ; 0             ;       ;
;     -- Global clocks                                        ; 0 / 16        ; 0 %   ;
;     -- Quadrant clocks                                      ; 0 / 88        ; 0 %   ;
;     -- Horizontal periphery clocks                          ; 0 / 18        ; 0 %   ;
; SERDES Transmitters                                         ; 0 / 120       ; 0 %   ;
; SERDES Receivers                                            ; 0 / 120       ; 0 %   ;
; JTAGs                                                       ; 0 / 1         ; 0 %   ;
; ASMI blocks                                                 ; 0 / 1         ; 0 %   ;
; CRC blocks                                                  ; 0 / 1         ; 0 %   ;
; Remote update blocks                                        ; 0 / 1         ; 0 %   ;
; Oscillator blocks                                           ; 0 / 1         ; 0 %   ;
; Hard IPs                                                    ; 0 / 1         ; 0 %   ;
; Standard RX PCSs                                            ; 0 / 6         ; 0 %   ;
; HSSI PMA RX Deserializers                                   ; 0 / 6         ; 0 %   ;
; Standard TX PCSs                                            ; 0 / 6         ; 0 %   ;
; HSSI PMA TX Serializers                                     ; 0 / 6         ; 0 %   ;
; Channel PLLs                                                ; 0 / 6         ; 0 %   ;
; Impedance control blocks                                    ; 0 / 3         ; 0 %   ;
; Hard Memory Controllers                                     ; 0 / 2         ; 0 %   ;
; Maximum fan-out                                             ; 17            ;       ;
; Highest non-global fan-out                                  ; 17            ;       ;
; Total fan-out                                               ; 427           ;       ;
; Average fan-out                                             ; 0.71          ;       ;
+-------------------------------------------------------------+---------------+-------+


+-----------------------------------------------------------------------------------------------------------------------------------------------------------------------------------------------------------------------------------------------------+
; Input Pins                                                                                                                                                                                                                                          ;
+--------------+------------+----------+-----------------------+--------------------+--------+----------------+-----------------+----------+--------------+--------------+-------------+---------------------------+----------------------+-----------+
; Name         ; Pin #      ; I/O Bank ; Combinational Fan-Out ; Registered Fan-Out ; Global ; Input Register ; PCI I/O Enabled ; Bus Hold ; Weak Pull Up ; I/O Standard ; Termination ; Termination Control Block ; Location assigned by ; Slew Rate ;
+--------------+------------+----------+-----------------------+--------------------+--------+----------------+-----------------+----------+--------------+--------------+-------------+---------------------------+----------------------+-----------+
; clock        ; Unassigned ; --       ; 17                    ; 0                  ; no     ; no             ; no              ; no       ; Off          ; 2.5 V        ; Off         ; --                        ; Fitter               ; no        ;
; clock2       ; Unassigned ; --       ; 0                     ; 0                  ; no     ; no             ; no              ; no       ; Off          ; 2.5 V        ; Off         ; --                        ; Fitter               ; no        ;
; fromData[0]  ; Unassigned ; --       ; 0                     ; 0                  ; no     ; no             ; no              ; no       ; Off          ; 2.5 V        ; Off         ; --                        ; Fitter               ; no        ;
; fromData[10] ; Unassigned ; --       ; 0                     ; 0                  ; no     ; no             ; no              ; no       ; Off          ; 2.5 V        ; Off         ; --                        ; Fitter               ; no        ;
; fromData[11] ; Unassigned ; --       ; 0                     ; 0                  ; no     ; no             ; no              ; no       ; Off          ; 2.5 V        ; Off         ; --                        ; Fitter               ; no        ;
; fromData[12] ; Unassigned ; --       ; 0                     ; 0                  ; no     ; no             ; no              ; no       ; Off          ; 2.5 V        ; Off         ; --                        ; Fitter               ; no        ;
; fromData[13] ; Unassigned ; --       ; 0                     ; 0                  ; no     ; no             ; no              ; no       ; Off          ; 2.5 V        ; Off         ; --                        ; Fitter               ; no        ;
; fromData[14] ; Unassigned ; --       ; 0                     ; 0                  ; no     ; no             ; no              ; no       ; Off          ; 2.5 V        ; Off         ; --                        ; Fitter               ; no        ;
; fromData[15] ; Unassigned ; --       ; 0                     ; 0                  ; no     ; no             ; no              ; no       ; Off          ; 2.5 V        ; Off         ; --                        ; Fitter               ; no        ;
; fromData[1]  ; Unassigned ; --       ; 0                     ; 0                  ; no     ; no             ; no              ; no       ; Off          ; 2.5 V        ; Off         ; --                        ; Fitter               ; no        ;
; fromData[2]  ; Unassigned ; --       ; 0                     ; 0                  ; no     ; no             ; no              ; no       ; Off          ; 2.5 V        ; Off         ; --                        ; Fitter               ; no        ;
; fromData[3]  ; Unassigned ; --       ; 0                     ; 0                  ; no     ; no             ; no              ; no       ; Off          ; 2.5 V        ; Off         ; --                        ; Fitter               ; no        ;
; fromData[4]  ; Unassigned ; --       ; 0                     ; 0                  ; no     ; no             ; no              ; no       ; Off          ; 2.5 V        ; Off         ; --                        ; Fitter               ; no        ;
; fromData[5]  ; Unassigned ; --       ; 0                     ; 0                  ; no     ; no             ; no              ; no       ; Off          ; 2.5 V        ; Off         ; --                        ; Fitter               ; no        ;
; fromData[6]  ; Unassigned ; --       ; 0                     ; 0                  ; no     ; no             ; no              ; no       ; Off          ; 2.5 V        ; Off         ; --                        ; Fitter               ; no        ;
; fromData[7]  ; Unassigned ; --       ; 0                     ; 0                  ; no     ; no             ; no              ; no       ; Off          ; 2.5 V        ; Off         ; --                        ; Fitter               ; no        ;
; fromData[8]  ; Unassigned ; --       ; 0                     ; 0                  ; no     ; no             ; no              ; no       ; Off          ; 2.5 V        ; Off         ; --                        ; Fitter               ; no        ;
; fromData[9]  ; Unassigned ; --       ; 0                     ; 0                  ; no     ; no             ; no              ; no       ; Off          ; 2.5 V        ; Off         ; --                        ; Fitter               ; no        ;
; instr[0]     ; Unassigned ; --       ; 0                     ; 0                  ; no     ; no             ; no              ; no       ; Off          ; 2.5 V        ; Off         ; --                        ; Fitter               ; no        ;
; instr[10]    ; Unassigned ; --       ; 0                     ; 0                  ; no     ; no             ; no              ; no       ; Off          ; 2.5 V        ; Off         ; --                        ; Fitter               ; no        ;
; instr[11]    ; Unassigned ; --       ; 0                     ; 0                  ; no     ; no             ; no              ; no       ; Off          ; 2.5 V        ; Off         ; --                        ; Fitter               ; no        ;
; instr[12]    ; Unassigned ; --       ; 2                     ; 0                  ; no     ; no             ; no              ; no       ; Off          ; 2.5 V        ; Off         ; --                        ; Fitter               ; no        ;
; instr[13]    ; Unassigned ; --       ; 2                     ; 0                  ; no     ; no             ; no              ; no       ; Off          ; 2.5 V        ; Off         ; --                        ; Fitter               ; no        ;
; instr[14]    ; Unassigned ; --       ; 2                     ; 0                  ; no     ; no             ; no              ; no       ; Off          ; 2.5 V        ; Off         ; --                        ; Fitter               ; no        ;
; instr[15]    ; Unassigned ; --       ; 2                     ; 0                  ; no     ; no             ; no              ; no       ; Off          ; 2.5 V        ; Off         ; --                        ; Fitter               ; no        ;
; instr[1]     ; Unassigned ; --       ; 0                     ; 0                  ; no     ; no             ; no              ; no       ; Off          ; 2.5 V        ; Off         ; --                        ; Fitter               ; no        ;
; instr[2]     ; Unassigned ; --       ; 0                     ; 0                  ; no     ; no             ; no              ; no       ; Off          ; 2.5 V        ; Off         ; --                        ; Fitter               ; no        ;
; instr[3]     ; Unassigned ; --       ; 0                     ; 0                  ; no     ; no             ; no              ; no       ; Off          ; 2.5 V        ; Off         ; --                        ; Fitter               ; no        ;
; instr[4]     ; Unassigned ; --       ; 0                     ; 0                  ; no     ; no             ; no              ; no       ; Off          ; 2.5 V        ; Off         ; --                        ; Fitter               ; no        ;
; instr[5]     ; Unassigned ; --       ; 0                     ; 0                  ; no     ; no             ; no              ; no       ; Off          ; 2.5 V        ; Off         ; --                        ; Fitter               ; no        ;
; instr[6]     ; Unassigned ; --       ; 0                     ; 0                  ; no     ; no             ; no              ; no       ; Off          ; 2.5 V        ; Off         ; --                        ; Fitter               ; no        ;
; instr[7]     ; Unassigned ; --       ; 0                     ; 0                  ; no     ; no             ; no              ; no       ; Off          ; 2.5 V        ; Off         ; --                        ; Fitter               ; no        ;
; instr[8]     ; Unassigned ; --       ; 0                     ; 0                  ; no     ; no             ; no              ; no       ; Off          ; 2.5 V        ; Off         ; --                        ; Fitter               ; no        ;
; instr[9]     ; Unassigned ; --       ; 0                     ; 0                  ; no     ; no             ; no              ; no       ; Off          ; 2.5 V        ; Off         ; --                        ; Fitter               ; no        ;
; keyData[0]   ; Unassigned ; --       ; 0                     ; 0                  ; no     ; no             ; no              ; no       ; Off          ; 2.5 V        ; Off         ; --                        ; Fitter               ; no        ;
; keyData[10]  ; Unassigned ; --       ; 0                     ; 0                  ; no     ; no             ; no              ; no       ; Off          ; 2.5 V        ; Off         ; --                        ; Fitter               ; no        ;
; keyData[11]  ; Unassigned ; --       ; 0                     ; 0                  ; no     ; no             ; no              ; no       ; Off          ; 2.5 V        ; Off         ; --                        ; Fitter               ; no        ;
; keyData[12]  ; Unassigned ; --       ; 0                     ; 0                  ; no     ; no             ; no              ; no       ; Off          ; 2.5 V        ; Off         ; --                        ; Fitter               ; no        ;
; keyData[13]  ; Unassigned ; --       ; 0                     ; 0                  ; no     ; no             ; no              ; no       ; Off          ; 2.5 V        ; Off         ; --                        ; Fitter               ; no        ;
; keyData[14]  ; Unassigned ; --       ; 0                     ; 0                  ; no     ; no             ; no              ; no       ; Off          ; 2.5 V        ; Off         ; --                        ; Fitter               ; no        ;
; keyData[15]  ; Unassigned ; --       ; 0                     ; 0                  ; no     ; no             ; no              ; no       ; Off          ; 2.5 V        ; Off         ; --                        ; Fitter               ; no        ;
; keyData[1]   ; Unassigned ; --       ; 0                     ; 0                  ; no     ; no             ; no              ; no       ; Off          ; 2.5 V        ; Off         ; --                        ; Fitter               ; no        ;
; keyData[2]   ; Unassigned ; --       ; 0                     ; 0                  ; no     ; no             ; no              ; no       ; Off          ; 2.5 V        ; Off         ; --                        ; Fitter               ; no        ;
; keyData[3]   ; Unassigned ; --       ; 0                     ; 0                  ; no     ; no             ; no              ; no       ; Off          ; 2.5 V        ; Off         ; --                        ; Fitter               ; no        ;
; keyData[4]   ; Unassigned ; --       ; 0                     ; 0                  ; no     ; no             ; no              ; no       ; Off          ; 2.5 V        ; Off         ; --                        ; Fitter               ; no        ;
; keyData[5]   ; Unassigned ; --       ; 0                     ; 0                  ; no     ; no             ; no              ; no       ; Off          ; 2.5 V        ; Off         ; --                        ; Fitter               ; no        ;
; keyData[6]   ; Unassigned ; --       ; 0                     ; 0                  ; no     ; no             ; no              ; no       ; Off          ; 2.5 V        ; Off         ; --                        ; Fitter               ; no        ;
; keyData[7]   ; Unassigned ; --       ; 0                     ; 0                  ; no     ; no             ; no              ; no       ; Off          ; 2.5 V        ; Off         ; --                        ; Fitter               ; no        ;
; keyData[8]   ; Unassigned ; --       ; 0                     ; 0                  ; no     ; no             ; no              ; no       ; Off          ; 2.5 V        ; Off         ; --                        ; Fitter               ; no        ;
; keyData[9]   ; Unassigned ; --       ; 0                     ; 0                  ; no     ; no             ; no              ; no       ; Off          ; 2.5 V        ; Off         ; --                        ; Fitter               ; no        ;
+--------------+------------+----------+-----------------------+--------------------+--------+----------------+-----------------+----------+--------------+--------------+-------------+---------------------------+----------------------+-----------+


+----------------------------------------------------------------------------------------------------------------------------------------------------------------------------------------------------------------------------------------------------------------------------------------------------------------------------------------------------------------------------------------------------------------------------------------------------------------+
; Output Pins                                                                                                                                                                                                                                                                                                                                                                                                                                                    ;
+-------------------+------------+----------+-----------------+------------------------+-----------+-----------------+------------+---------------+----------+--------------+--------------+------------------+-----------------------------------+---------------------------+----------------------------+-----------------------------+---------------------+-----------------------------+----------------------+----------------------+---------------------+
; Name              ; Pin #      ; I/O Bank ; Output Register ; Output Enable Register ; Slew Rate ; PCI I/O Enabled ; Open Drain ; TRI Primitive ; Bus Hold ; Weak Pull Up ; I/O Standard ; Current Strength ; Termination                       ; Termination Control Block ; Output Buffer Pre-emphasis ; Voltage Output Differential ; Output Buffer Delay ; Output Buffer Delay Control ; Location assigned by ; Output Enable Source ; Output Enable Group ;
+-------------------+------------+----------+-----------------+------------------------+-----------+-----------------+------------+---------------+----------+--------------+--------------+------------------+-----------------------------------+---------------------------+----------------------------+-----------------------------+---------------------+-----------------------------+----------------------+----------------------+---------------------+
; DataWriteFlag     ; Unassigned ; --       ; no              ; no                     ; 1         ; no              ; no         ; no            ; no       ; Off          ; 2.5 V        ; Default          ; Series 50 Ohm without Calibration ; --                        ; no                         ; no                          ; 0                   ; Off                         ; Fitter               ; -                    ; -                   ;
; dataAD[0]         ; Unassigned ; --       ; no              ; no                     ; 1         ; no              ; no         ; no            ; no       ; Off          ; 2.5 V        ; Default          ; Series 50 Ohm without Calibration ; --                        ; no                         ; no                          ; 0                   ; Off                         ; Fitter               ; -                    ; -                   ;
; dataAD[10]        ; Unassigned ; --       ; no              ; no                     ; 1         ; no              ; no         ; no            ; no       ; Off          ; 2.5 V        ; Default          ; Series 50 Ohm without Calibration ; --                        ; no                         ; no                          ; 0                   ; Off                         ; Fitter               ; -                    ; -                   ;
; dataAD[11]        ; Unassigned ; --       ; no              ; no                     ; 1         ; no              ; no         ; no            ; no       ; Off          ; 2.5 V        ; Default          ; Series 50 Ohm without Calibration ; --                        ; no                         ; no                          ; 0                   ; Off                         ; Fitter               ; -                    ; -                   ;
; dataAD[12]        ; Unassigned ; --       ; no              ; no                     ; 1         ; no              ; no         ; no            ; no       ; Off          ; 2.5 V        ; Default          ; Series 50 Ohm without Calibration ; --                        ; no                         ; no                          ; 0                   ; Off                         ; Fitter               ; -                    ; -                   ;
; dataAD[13]        ; Unassigned ; --       ; no              ; no                     ; 1         ; no              ; no         ; no            ; no       ; Off          ; 2.5 V        ; Default          ; Series 50 Ohm without Calibration ; --                        ; no                         ; no                          ; 0                   ; Off                         ; Fitter               ; -                    ; -                   ;
; dataAD[14]        ; Unassigned ; --       ; no              ; no                     ; 1         ; no              ; no         ; no            ; no       ; Off          ; 2.5 V        ; Default          ; Series 50 Ohm without Calibration ; --                        ; no                         ; no                          ; 0                   ; Off                         ; Fitter               ; -                    ; -                   ;
; dataAD[15]        ; Unassigned ; --       ; no              ; no                     ; 1         ; no              ; no         ; no            ; no       ; Off          ; 2.5 V        ; Default          ; Series 50 Ohm without Calibration ; --                        ; no                         ; no                          ; 0                   ; Off                         ; Fitter               ; -                    ; -                   ;
; dataAD[1]         ; Unassigned ; --       ; no              ; no                     ; 1         ; no              ; no         ; no            ; no       ; Off          ; 2.5 V        ; Default          ; Series 50 Ohm without Calibration ; --                        ; no                         ; no                          ; 0                   ; Off                         ; Fitter               ; -                    ; -                   ;
; dataAD[2]         ; Unassigned ; --       ; no              ; no                     ; 1         ; no              ; no         ; no            ; no       ; Off          ; 2.5 V        ; Default          ; Series 50 Ohm without Calibration ; --                        ; no                         ; no                          ; 0                   ; Off                         ; Fitter               ; -                    ; -                   ;
; dataAD[3]         ; Unassigned ; --       ; no              ; no                     ; 1         ; no              ; no         ; no            ; no       ; Off          ; 2.5 V        ; Default          ; Series 50 Ohm without Calibration ; --                        ; no                         ; no                          ; 0                   ; Off                         ; Fitter               ; -                    ; -                   ;
; dataAD[4]         ; Unassigned ; --       ; no              ; no                     ; 1         ; no              ; no         ; no            ; no       ; Off          ; 2.5 V        ; Default          ; Series 50 Ohm without Calibration ; --                        ; no                         ; no                          ; 0                   ; Off                         ; Fitter               ; -                    ; -                   ;
; dataAD[5]         ; Unassigned ; --       ; no              ; no                     ; 1         ; no              ; no         ; no            ; no       ; Off          ; 2.5 V        ; Default          ; Series 50 Ohm without Calibration ; --                        ; no                         ; no                          ; 0                   ; Off                         ; Fitter               ; -                    ; -                   ;
; dataAD[6]         ; Unassigned ; --       ; no              ; no                     ; 1         ; no              ; no         ; no            ; no       ; Off          ; 2.5 V        ; Default          ; Series 50 Ohm without Calibration ; --                        ; no                         ; no                          ; 0                   ; Off                         ; Fitter               ; -                    ; -                   ;
; dataAD[7]         ; Unassigned ; --       ; no              ; no                     ; 1         ; no              ; no         ; no            ; no       ; Off          ; 2.5 V        ; Default          ; Series 50 Ohm without Calibration ; --                        ; no                         ; no                          ; 0                   ; Off                         ; Fitter               ; -                    ; -                   ;
; dataAD[8]         ; Unassigned ; --       ; no              ; no                     ; 1         ; no              ; no         ; no            ; no       ; Off          ; 2.5 V        ; Default          ; Series 50 Ohm without Calibration ; --                        ; no                         ; no                          ; 0                   ; Off                         ; Fitter               ; -                    ; -                   ;
; dataAD[9]         ; Unassigned ; --       ; no              ; no                     ; 1         ; no              ; no         ; no            ; no       ; Off          ; 2.5 V        ; Default          ; Series 50 Ohm without Calibration ; --                        ; no                         ; no                          ; 0                   ; Off                         ; Fitter               ; -                    ; -                   ;
; instructionAD[0]  ; Unassigned ; --       ; no              ; no                     ; 1         ; no              ; no         ; no            ; no       ; Off          ; 2.5 V        ; Default          ; Series 50 Ohm without Calibration ; --                        ; no                         ; no                          ; 0                   ; Off                         ; Fitter               ; -                    ; -                   ;
; instructionAD[10] ; Unassigned ; --       ; no              ; no                     ; 1         ; no              ; no         ; no            ; no       ; Off          ; 2.5 V        ; Default          ; Series 50 Ohm without Calibration ; --                        ; no                         ; no                          ; 0                   ; Off                         ; Fitter               ; -                    ; -                   ;
; instructionAD[11] ; Unassigned ; --       ; no              ; no                     ; 1         ; no              ; no         ; no            ; no       ; Off          ; 2.5 V        ; Default          ; Series 50 Ohm without Calibration ; --                        ; no                         ; no                          ; 0                   ; Off                         ; Fitter               ; -                    ; -                   ;
; instructionAD[12] ; Unassigned ; --       ; no              ; no                     ; 1         ; no              ; no         ; no            ; no       ; Off          ; 2.5 V        ; Default          ; Series 50 Ohm without Calibration ; --                        ; no                         ; no                          ; 0                   ; Off                         ; Fitter               ; -                    ; -                   ;
; instructionAD[13] ; Unassigned ; --       ; no              ; no                     ; 1         ; no              ; no         ; no            ; no       ; Off          ; 2.5 V        ; Default          ; Series 50 Ohm without Calibration ; --                        ; no                         ; no                          ; 0                   ; Off                         ; Fitter               ; -                    ; -                   ;
; instructionAD[14] ; Unassigned ; --       ; no              ; no                     ; 1         ; no              ; no         ; no            ; no       ; Off          ; 2.5 V        ; Default          ; Series 50 Ohm without Calibration ; --                        ; no                         ; no                          ; 0                   ; Off                         ; Fitter               ; -                    ; -                   ;
; instructionAD[15] ; Unassigned ; --       ; no              ; no                     ; 1         ; no              ; no         ; no            ; no       ; Off          ; 2.5 V        ; Default          ; Series 50 Ohm without Calibration ; --                        ; no                         ; no                          ; 0                   ; Off                         ; Fitter               ; -                    ; -                   ;
; instructionAD[1]  ; Unassigned ; --       ; no              ; no                     ; 1         ; no              ; no         ; no            ; no       ; Off          ; 2.5 V        ; Default          ; Series 50 Ohm without Calibration ; --                        ; no                         ; no                          ; 0                   ; Off                         ; Fitter               ; -                    ; -                   ;
; instructionAD[2]  ; Unassigned ; --       ; no              ; no                     ; 1         ; no              ; no         ; no            ; no       ; Off          ; 2.5 V        ; Default          ; Series 50 Ohm without Calibration ; --                        ; no                         ; no                          ; 0                   ; Off                         ; Fitter               ; -                    ; -                   ;
; instructionAD[3]  ; Unassigned ; --       ; no              ; no                     ; 1         ; no              ; no         ; no            ; no       ; Off          ; 2.5 V        ; Default          ; Series 50 Ohm without Calibration ; --                        ; no                         ; no                          ; 0                   ; Off                         ; Fitter               ; -                    ; -                   ;
; instructionAD[4]  ; Unassigned ; --       ; no              ; no                     ; 1         ; no              ; no         ; no            ; no       ; Off          ; 2.5 V        ; Default          ; Series 50 Ohm without Calibration ; --                        ; no                         ; no                          ; 0                   ; Off                         ; Fitter               ; -                    ; -                   ;
; instructionAD[5]  ; Unassigned ; --       ; no              ; no                     ; 1         ; no              ; no         ; no            ; no       ; Off          ; 2.5 V        ; Default          ; Series 50 Ohm without Calibration ; --                        ; no                         ; no                          ; 0                   ; Off                         ; Fitter               ; -                    ; -                   ;
; instructionAD[6]  ; Unassigned ; --       ; no              ; no                     ; 1         ; no              ; no         ; no            ; no       ; Off          ; 2.5 V        ; Default          ; Series 50 Ohm without Calibration ; --                        ; no                         ; no                          ; 0                   ; Off                         ; Fitter               ; -                    ; -                   ;
; instructionAD[7]  ; Unassigned ; --       ; no              ; no                     ; 1         ; no              ; no         ; no            ; no       ; Off          ; 2.5 V        ; Default          ; Series 50 Ohm without Calibration ; --                        ; no                         ; no                          ; 0                   ; Off                         ; Fitter               ; -                    ; -                   ;
; instructionAD[8]  ; Unassigned ; --       ; no              ; no                     ; 1         ; no              ; no         ; no            ; no       ; Off          ; 2.5 V        ; Default          ; Series 50 Ohm without Calibration ; --                        ; no                         ; no                          ; 0                   ; Off                         ; Fitter               ; -                    ; -                   ;
; instructionAD[9]  ; Unassigned ; --       ; no              ; no                     ; 1         ; no              ; no         ; no            ; no       ; Off          ; 2.5 V        ; Default          ; Series 50 Ohm without Calibration ; --                        ; no                         ; no                          ; 0                   ; Off                         ; Fitter               ; -                    ; -                   ;
; keyEnable         ; Unassigned ; --       ; no              ; no                     ; 1         ; no              ; no         ; no            ; no       ; Off          ; 2.5 V        ; Default          ; Series 50 Ohm without Calibration ; --                        ; no                         ; no                          ; 0                   ; Off                         ; Fitter               ; -                    ; -                   ;
; printCode[0]      ; Unassigned ; --       ; no              ; no                     ; 1         ; no              ; no         ; no            ; no       ; Off          ; 2.5 V        ; Default          ; Series 50 Ohm without Calibration ; --                        ; no                         ; no                          ; 0                   ; Off                         ; Fitter               ; -                    ; -                   ;
; printCode[10]     ; Unassigned ; --       ; no              ; no                     ; 1         ; no              ; no         ; no            ; no       ; Off          ; 2.5 V        ; Default          ; Series 50 Ohm without Calibration ; --                        ; no                         ; no                          ; 0                   ; Off                         ; Fitter               ; -                    ; -                   ;
; printCode[11]     ; Unassigned ; --       ; no              ; no                     ; 1         ; no              ; no         ; no            ; no       ; Off          ; 2.5 V        ; Default          ; Series 50 Ohm without Calibration ; --                        ; no                         ; no                          ; 0                   ; Off                         ; Fitter               ; -                    ; -                   ;
; printCode[12]     ; Unassigned ; --       ; no              ; no                     ; 1         ; no              ; no         ; no            ; no       ; Off          ; 2.5 V        ; Default          ; Series 50 Ohm without Calibration ; --                        ; no                         ; no                          ; 0                   ; Off                         ; Fitter               ; -                    ; -                   ;
; printCode[13]     ; Unassigned ; --       ; no              ; no                     ; 1         ; no              ; no         ; no            ; no       ; Off          ; 2.5 V        ; Default          ; Series 50 Ohm without Calibration ; --                        ; no                         ; no                          ; 0                   ; Off                         ; Fitter               ; -                    ; -                   ;
; printCode[14]     ; Unassigned ; --       ; no              ; no                     ; 1         ; no              ; no         ; no            ; no       ; Off          ; 2.5 V        ; Default          ; Series 50 Ohm without Calibration ; --                        ; no                         ; no                          ; 0                   ; Off                         ; Fitter               ; -                    ; -                   ;
; printCode[15]     ; Unassigned ; --       ; no              ; no                     ; 1         ; no              ; no         ; no            ; no       ; Off          ; 2.5 V        ; Default          ; Series 50 Ohm without Calibration ; --                        ; no                         ; no                          ; 0                   ; Off                         ; Fitter               ; -                    ; -                   ;
; printCode[1]      ; Unassigned ; --       ; no              ; no                     ; 1         ; no              ; no         ; no            ; no       ; Off          ; 2.5 V        ; Default          ; Series 50 Ohm without Calibration ; --                        ; no                         ; no                          ; 0                   ; Off                         ; Fitter               ; -                    ; -                   ;
; printCode[2]      ; Unassigned ; --       ; no              ; no                     ; 1         ; no              ; no         ; no            ; no       ; Off          ; 2.5 V        ; Default          ; Series 50 Ohm without Calibration ; --                        ; no                         ; no                          ; 0                   ; Off                         ; Fitter               ; -                    ; -                   ;
; printCode[3]      ; Unassigned ; --       ; no              ; no                     ; 1         ; no              ; no         ; no            ; no       ; Off          ; 2.5 V        ; Default          ; Series 50 Ohm without Calibration ; --                        ; no                         ; no                          ; 0                   ; Off                         ; Fitter               ; -                    ; -                   ;
; printCode[4]      ; Unassigned ; --       ; no              ; no                     ; 1         ; no              ; no         ; no            ; no       ; Off          ; 2.5 V        ; Default          ; Series 50 Ohm without Calibration ; --                        ; no                         ; no                          ; 0                   ; Off                         ; Fitter               ; -                    ; -                   ;
; printCode[5]      ; Unassigned ; --       ; no              ; no                     ; 1         ; no              ; no         ; no            ; no       ; Off          ; 2.5 V        ; Default          ; Series 50 Ohm without Calibration ; --                        ; no                         ; no                          ; 0                   ; Off                         ; Fitter               ; -                    ; -                   ;
; printCode[6]      ; Unassigned ; --       ; no              ; no                     ; 1         ; no              ; no         ; no            ; no       ; Off          ; 2.5 V        ; Default          ; Series 50 Ohm without Calibration ; --                        ; no                         ; no                          ; 0                   ; Off                         ; Fitter               ; -                    ; -                   ;
; printCode[7]      ; Unassigned ; --       ; no              ; no                     ; 1         ; no              ; no         ; no            ; no       ; Off          ; 2.5 V        ; Default          ; Series 50 Ohm without Calibration ; --                        ; no                         ; no                          ; 0                   ; Off                         ; Fitter               ; -                    ; -                   ;
; printCode[8]      ; Unassigned ; --       ; no              ; no                     ; 1         ; no              ; no         ; no            ; no       ; Off          ; 2.5 V        ; Default          ; Series 50 Ohm without Calibration ; --                        ; no                         ; no                          ; 0                   ; Off                         ; Fitter               ; -                    ; -                   ;
; printCode[9]      ; Unassigned ; --       ; no              ; no                     ; 1         ; no              ; no         ; no            ; no       ; Off          ; 2.5 V        ; Default          ; Series 50 Ohm without Calibration ; --                        ; no                         ; no                          ; 0                   ; Off                         ; Fitter               ; -                    ; -                   ;
; printData[0]      ; Unassigned ; --       ; no              ; no                     ; 1         ; no              ; no         ; no            ; no       ; Off          ; 2.5 V        ; Default          ; Series 50 Ohm without Calibration ; --                        ; no                         ; no                          ; 0                   ; Off                         ; Fitter               ; -                    ; -                   ;
; printData[10]     ; Unassigned ; --       ; no              ; no                     ; 1         ; no              ; no         ; no            ; no       ; Off          ; 2.5 V        ; Default          ; Series 50 Ohm without Calibration ; --                        ; no                         ; no                          ; 0                   ; Off                         ; Fitter               ; -                    ; -                   ;
; printData[11]     ; Unassigned ; --       ; no              ; no                     ; 1         ; no              ; no         ; no            ; no       ; Off          ; 2.5 V        ; Default          ; Series 50 Ohm without Calibration ; --                        ; no                         ; no                          ; 0                   ; Off                         ; Fitter               ; -                    ; -                   ;
; printData[12]     ; Unassigned ; --       ; no              ; no                     ; 1         ; no              ; no         ; no            ; no       ; Off          ; 2.5 V        ; Default          ; Series 50 Ohm without Calibration ; --                        ; no                         ; no                          ; 0                   ; Off                         ; Fitter               ; -                    ; -                   ;
; printData[13]     ; Unassigned ; --       ; no              ; no                     ; 1         ; no              ; no         ; no            ; no       ; Off          ; 2.5 V        ; Default          ; Series 50 Ohm without Calibration ; --                        ; no                         ; no                          ; 0                   ; Off                         ; Fitter               ; -                    ; -                   ;
; printData[14]     ; Unassigned ; --       ; no              ; no                     ; 1         ; no              ; no         ; no            ; no       ; Off          ; 2.5 V        ; Default          ; Series 50 Ohm without Calibration ; --                        ; no                         ; no                          ; 0                   ; Off                         ; Fitter               ; -                    ; -                   ;
; printData[15]     ; Unassigned ; --       ; no              ; no                     ; 1         ; no              ; no         ; no            ; no       ; Off          ; 2.5 V        ; Default          ; Series 50 Ohm without Calibration ; --                        ; no                         ; no                          ; 0                   ; Off                         ; Fitter               ; -                    ; -                   ;
; printData[1]      ; Unassigned ; --       ; no              ; no                     ; 1         ; no              ; no         ; no            ; no       ; Off          ; 2.5 V        ; Default          ; Series 50 Ohm without Calibration ; --                        ; no                         ; no                          ; 0                   ; Off                         ; Fitter               ; -                    ; -                   ;
; printData[2]      ; Unassigned ; --       ; no              ; no                     ; 1         ; no              ; no         ; no            ; no       ; Off          ; 2.5 V        ; Default          ; Series 50 Ohm without Calibration ; --                        ; no                         ; no                          ; 0                   ; Off                         ; Fitter               ; -                    ; -                   ;
; printData[3]      ; Unassigned ; --       ; no              ; no                     ; 1         ; no              ; no         ; no            ; no       ; Off          ; 2.5 V        ; Default          ; Series 50 Ohm without Calibration ; --                        ; no                         ; no                          ; 0                   ; Off                         ; Fitter               ; -                    ; -                   ;
; printData[4]      ; Unassigned ; --       ; no              ; no                     ; 1         ; no              ; no         ; no            ; no       ; Off          ; 2.5 V        ; Default          ; Series 50 Ohm without Calibration ; --                        ; no                         ; no                          ; 0                   ; Off                         ; Fitter               ; -                    ; -                   ;
; printData[5]      ; Unassigned ; --       ; no              ; no                     ; 1         ; no              ; no         ; no            ; no       ; Off          ; 2.5 V        ; Default          ; Series 50 Ohm without Calibration ; --                        ; no                         ; no                          ; 0                   ; Off                         ; Fitter               ; -                    ; -                   ;
; printData[6]      ; Unassigned ; --       ; no              ; no                     ; 1         ; no              ; no         ; no            ; no       ; Off          ; 2.5 V        ; Default          ; Series 50 Ohm without Calibration ; --                        ; no                         ; no                          ; 0                   ; Off                         ; Fitter               ; -                    ; -                   ;
; printData[7]      ; Unassigned ; --       ; no              ; no                     ; 1         ; no              ; no         ; no            ; no       ; Off          ; 2.5 V        ; Default          ; Series 50 Ohm without Calibration ; --                        ; no                         ; no                          ; 0                   ; Off                         ; Fitter               ; -                    ; -                   ;
; printData[8]      ; Unassigned ; --       ; no              ; no                     ; 1         ; no              ; no         ; no            ; no       ; Off          ; 2.5 V        ; Default          ; Series 50 Ohm without Calibration ; --                        ; no                         ; no                          ; 0                   ; Off                         ; Fitter               ; -                    ; -                   ;
; printData[9]      ; Unassigned ; --       ; no              ; no                     ; 1         ; no              ; no         ; no            ; no       ; Off          ; 2.5 V        ; Default          ; Series 50 Ohm without Calibration ; --                        ; no                         ; no                          ; 0                   ; Off                         ; Fitter               ; -                    ; -                   ;
; printEnable       ; Unassigned ; --       ; no              ; no                     ; 1         ; no              ; no         ; no            ; no       ; Off          ; 2.5 V        ; Default          ; Series 50 Ohm without Calibration ; --                        ; no                         ; no                          ; 0                   ; Off                         ; Fitter               ; -                    ; -                   ;
; regOUT[0]         ; Unassigned ; --       ; no              ; no                     ; 1         ; no              ; no         ; no            ; no       ; Off          ; 2.5 V        ; Default          ; Series 50 Ohm without Calibration ; --                        ; no                         ; no                          ; 0                   ; Off                         ; Fitter               ; -                    ; -                   ;
; regOUT[100]       ; Unassigned ; --       ; no              ; no                     ; 1         ; no              ; no         ; no            ; no       ; Off          ; 2.5 V        ; Default          ; Series 50 Ohm without Calibration ; --                        ; no                         ; no                          ; 0                   ; Off                         ; Fitter               ; -                    ; -                   ;
; regOUT[101]       ; Unassigned ; --       ; no              ; no                     ; 1         ; no              ; no         ; no            ; no       ; Off          ; 2.5 V        ; Default          ; Series 50 Ohm without Calibration ; --                        ; no                         ; no                          ; 0                   ; Off                         ; Fitter               ; -                    ; -                   ;
; regOUT[102]       ; Unassigned ; --       ; no              ; no                     ; 1         ; no              ; no         ; no            ; no       ; Off          ; 2.5 V        ; Default          ; Series 50 Ohm without Calibration ; --                        ; no                         ; no                          ; 0                   ; Off                         ; Fitter               ; -                    ; -                   ;
; regOUT[103]       ; Unassigned ; --       ; no              ; no                     ; 1         ; no              ; no         ; no            ; no       ; Off          ; 2.5 V        ; Default          ; Series 50 Ohm without Calibration ; --                        ; no                         ; no                          ; 0                   ; Off                         ; Fitter               ; -                    ; -                   ;
; regOUT[104]       ; Unassigned ; --       ; no              ; no                     ; 1         ; no              ; no         ; no            ; no       ; Off          ; 2.5 V        ; Default          ; Series 50 Ohm without Calibration ; --                        ; no                         ; no                          ; 0                   ; Off                         ; Fitter               ; -                    ; -                   ;
; regOUT[105]       ; Unassigned ; --       ; no              ; no                     ; 1         ; no              ; no         ; no            ; no       ; Off          ; 2.5 V        ; Default          ; Series 50 Ohm without Calibration ; --                        ; no                         ; no                          ; 0                   ; Off                         ; Fitter               ; -                    ; -                   ;
; regOUT[106]       ; Unassigned ; --       ; no              ; no                     ; 1         ; no              ; no         ; no            ; no       ; Off          ; 2.5 V        ; Default          ; Series 50 Ohm without Calibration ; --                        ; no                         ; no                          ; 0                   ; Off                         ; Fitter               ; -                    ; -                   ;
; regOUT[107]       ; Unassigned ; --       ; no              ; no                     ; 1         ; no              ; no         ; no            ; no       ; Off          ; 2.5 V        ; Default          ; Series 50 Ohm without Calibration ; --                        ; no                         ; no                          ; 0                   ; Off                         ; Fitter               ; -                    ; -                   ;
; regOUT[108]       ; Unassigned ; --       ; no              ; no                     ; 1         ; no              ; no         ; no            ; no       ; Off          ; 2.5 V        ; Default          ; Series 50 Ohm without Calibration ; --                        ; no                         ; no                          ; 0                   ; Off                         ; Fitter               ; -                    ; -                   ;
; regOUT[109]       ; Unassigned ; --       ; no              ; no                     ; 1         ; no              ; no         ; no            ; no       ; Off          ; 2.5 V        ; Default          ; Series 50 Ohm without Calibration ; --                        ; no                         ; no                          ; 0                   ; Off                         ; Fitter               ; -                    ; -                   ;
; regOUT[10]        ; Unassigned ; --       ; no              ; no                     ; 1         ; no              ; no         ; no            ; no       ; Off          ; 2.5 V        ; Default          ; Series 50 Ohm without Calibration ; --                        ; no                         ; no                          ; 0                   ; Off                         ; Fitter               ; -                    ; -                   ;
; regOUT[110]       ; Unassigned ; --       ; no              ; no                     ; 1         ; no              ; no         ; no            ; no       ; Off          ; 2.5 V        ; Default          ; Series 50 Ohm without Calibration ; --                        ; no                         ; no                          ; 0                   ; Off                         ; Fitter               ; -                    ; -                   ;
; regOUT[111]       ; Unassigned ; --       ; no              ; no                     ; 1         ; no              ; no         ; no            ; no       ; Off          ; 2.5 V        ; Default          ; Series 50 Ohm without Calibration ; --                        ; no                         ; no                          ; 0                   ; Off                         ; Fitter               ; -                    ; -                   ;
; regOUT[112]       ; Unassigned ; --       ; no              ; no                     ; 1         ; no              ; no         ; no            ; no       ; Off          ; 2.5 V        ; Default          ; Series 50 Ohm without Calibration ; --                        ; no                         ; no                          ; 0                   ; Off                         ; Fitter               ; -                    ; -                   ;
; regOUT[113]       ; Unassigned ; --       ; no              ; no                     ; 1         ; no              ; no         ; no            ; no       ; Off          ; 2.5 V        ; Default          ; Series 50 Ohm without Calibration ; --                        ; no                         ; no                          ; 0                   ; Off                         ; Fitter               ; -                    ; -                   ;
; regOUT[114]       ; Unassigned ; --       ; no              ; no                     ; 1         ; no              ; no         ; no            ; no       ; Off          ; 2.5 V        ; Default          ; Series 50 Ohm without Calibration ; --                        ; no                         ; no                          ; 0                   ; Off                         ; Fitter               ; -                    ; -                   ;
; regOUT[115]       ; Unassigned ; --       ; no              ; no                     ; 1         ; no              ; no         ; no            ; no       ; Off          ; 2.5 V        ; Default          ; Series 50 Ohm without Calibration ; --                        ; no                         ; no                          ; 0                   ; Off                         ; Fitter               ; -                    ; -                   ;
; regOUT[116]       ; Unassigned ; --       ; no              ; no                     ; 1         ; no              ; no         ; no            ; no       ; Off          ; 2.5 V        ; Default          ; Series 50 Ohm without Calibration ; --                        ; no                         ; no                          ; 0                   ; Off                         ; Fitter               ; -                    ; -                   ;
; regOUT[117]       ; Unassigned ; --       ; no              ; no                     ; 1         ; no              ; no         ; no            ; no       ; Off          ; 2.5 V        ; Default          ; Series 50 Ohm without Calibration ; --                        ; no                         ; no                          ; 0                   ; Off                         ; Fitter               ; -                    ; -                   ;
; regOUT[118]       ; Unassigned ; --       ; no              ; no                     ; 1         ; no              ; no         ; no            ; no       ; Off          ; 2.5 V        ; Default          ; Series 50 Ohm without Calibration ; --                        ; no                         ; no                          ; 0                   ; Off                         ; Fitter               ; -                    ; -                   ;
; regOUT[119]       ; Unassigned ; --       ; no              ; no                     ; 1         ; no              ; no         ; no            ; no       ; Off          ; 2.5 V        ; Default          ; Series 50 Ohm without Calibration ; --                        ; no                         ; no                          ; 0                   ; Off                         ; Fitter               ; -                    ; -                   ;
; regOUT[11]        ; Unassigned ; --       ; no              ; no                     ; 1         ; no              ; no         ; no            ; no       ; Off          ; 2.5 V        ; Default          ; Series 50 Ohm without Calibration ; --                        ; no                         ; no                          ; 0                   ; Off                         ; Fitter               ; -                    ; -                   ;
; regOUT[120]       ; Unassigned ; --       ; no              ; no                     ; 1         ; no              ; no         ; no            ; no       ; Off          ; 2.5 V        ; Default          ; Series 50 Ohm without Calibration ; --                        ; no                         ; no                          ; 0                   ; Off                         ; Fitter               ; -                    ; -                   ;
; regOUT[121]       ; Unassigned ; --       ; no              ; no                     ; 1         ; no              ; no         ; no            ; no       ; Off          ; 2.5 V        ; Default          ; Series 50 Ohm without Calibration ; --                        ; no                         ; no                          ; 0                   ; Off                         ; Fitter               ; -                    ; -                   ;
; regOUT[122]       ; Unassigned ; --       ; no              ; no                     ; 1         ; no              ; no         ; no            ; no       ; Off          ; 2.5 V        ; Default          ; Series 50 Ohm without Calibration ; --                        ; no                         ; no                          ; 0                   ; Off                         ; Fitter               ; -                    ; -                   ;
; regOUT[123]       ; Unassigned ; --       ; no              ; no                     ; 1         ; no              ; no         ; no            ; no       ; Off          ; 2.5 V        ; Default          ; Series 50 Ohm without Calibration ; --                        ; no                         ; no                          ; 0                   ; Off                         ; Fitter               ; -                    ; -                   ;
; regOUT[124]       ; Unassigned ; --       ; no              ; no                     ; 1         ; no              ; no         ; no            ; no       ; Off          ; 2.5 V        ; Default          ; Series 50 Ohm without Calibration ; --                        ; no                         ; no                          ; 0                   ; Off                         ; Fitter               ; -                    ; -                   ;
; regOUT[125]       ; Unassigned ; --       ; no              ; no                     ; 1         ; no              ; no         ; no            ; no       ; Off          ; 2.5 V        ; Default          ; Series 50 Ohm without Calibration ; --                        ; no                         ; no                          ; 0                   ; Off                         ; Fitter               ; -                    ; -                   ;
; regOUT[126]       ; Unassigned ; --       ; no              ; no                     ; 1         ; no              ; no         ; no            ; no       ; Off          ; 2.5 V        ; Default          ; Series 50 Ohm without Calibration ; --                        ; no                         ; no                          ; 0                   ; Off                         ; Fitter               ; -                    ; -                   ;
; regOUT[127]       ; Unassigned ; --       ; no              ; no                     ; 1         ; no              ; no         ; no            ; no       ; Off          ; 2.5 V        ; Default          ; Series 50 Ohm without Calibration ; --                        ; no                         ; no                          ; 0                   ; Off                         ; Fitter               ; -                    ; -                   ;
; regOUT[128]       ; Unassigned ; --       ; no              ; no                     ; 1         ; no              ; no         ; no            ; no       ; Off          ; 2.5 V        ; Default          ; Series 50 Ohm without Calibration ; --                        ; no                         ; no                          ; 0                   ; Off                         ; Fitter               ; -                    ; -                   ;
; regOUT[129]       ; Unassigned ; --       ; no              ; no                     ; 1         ; no              ; no         ; no            ; no       ; Off          ; 2.5 V        ; Default          ; Series 50 Ohm without Calibration ; --                        ; no                         ; no                          ; 0                   ; Off                         ; Fitter               ; -                    ; -                   ;
; regOUT[12]        ; Unassigned ; --       ; no              ; no                     ; 1         ; no              ; no         ; no            ; no       ; Off          ; 2.5 V        ; Default          ; Series 50 Ohm without Calibration ; --                        ; no                         ; no                          ; 0                   ; Off                         ; Fitter               ; -                    ; -                   ;
; regOUT[130]       ; Unassigned ; --       ; no              ; no                     ; 1         ; no              ; no         ; no            ; no       ; Off          ; 2.5 V        ; Default          ; Series 50 Ohm without Calibration ; --                        ; no                         ; no                          ; 0                   ; Off                         ; Fitter               ; -                    ; -                   ;
; regOUT[131]       ; Unassigned ; --       ; no              ; no                     ; 1         ; no              ; no         ; no            ; no       ; Off          ; 2.5 V        ; Default          ; Series 50 Ohm without Calibration ; --                        ; no                         ; no                          ; 0                   ; Off                         ; Fitter               ; -                    ; -                   ;
; regOUT[132]       ; Unassigned ; --       ; no              ; no                     ; 1         ; no              ; no         ; no            ; no       ; Off          ; 2.5 V        ; Default          ; Series 50 Ohm without Calibration ; --                        ; no                         ; no                          ; 0                   ; Off                         ; Fitter               ; -                    ; -                   ;
; regOUT[133]       ; Unassigned ; --       ; no              ; no                     ; 1         ; no              ; no         ; no            ; no       ; Off          ; 2.5 V        ; Default          ; Series 50 Ohm without Calibration ; --                        ; no                         ; no                          ; 0                   ; Off                         ; Fitter               ; -                    ; -                   ;
; regOUT[134]       ; Unassigned ; --       ; no              ; no                     ; 1         ; no              ; no         ; no            ; no       ; Off          ; 2.5 V        ; Default          ; Series 50 Ohm without Calibration ; --                        ; no                         ; no                          ; 0                   ; Off                         ; Fitter               ; -                    ; -                   ;
; regOUT[135]       ; Unassigned ; --       ; no              ; no                     ; 1         ; no              ; no         ; no            ; no       ; Off          ; 2.5 V        ; Default          ; Series 50 Ohm without Calibration ; --                        ; no                         ; no                          ; 0                   ; Off                         ; Fitter               ; -                    ; -                   ;
; regOUT[136]       ; Unassigned ; --       ; no              ; no                     ; 1         ; no              ; no         ; no            ; no       ; Off          ; 2.5 V        ; Default          ; Series 50 Ohm without Calibration ; --                        ; no                         ; no                          ; 0                   ; Off                         ; Fitter               ; -                    ; -                   ;
; regOUT[137]       ; Unassigned ; --       ; no              ; no                     ; 1         ; no              ; no         ; no            ; no       ; Off          ; 2.5 V        ; Default          ; Series 50 Ohm without Calibration ; --                        ; no                         ; no                          ; 0                   ; Off                         ; Fitter               ; -                    ; -                   ;
; regOUT[138]       ; Unassigned ; --       ; no              ; no                     ; 1         ; no              ; no         ; no            ; no       ; Off          ; 2.5 V        ; Default          ; Series 50 Ohm without Calibration ; --                        ; no                         ; no                          ; 0                   ; Off                         ; Fitter               ; -                    ; -                   ;
; regOUT[139]       ; Unassigned ; --       ; no              ; no                     ; 1         ; no              ; no         ; no            ; no       ; Off          ; 2.5 V        ; Default          ; Series 50 Ohm without Calibration ; --                        ; no                         ; no                          ; 0                   ; Off                         ; Fitter               ; -                    ; -                   ;
; regOUT[13]        ; Unassigned ; --       ; no              ; no                     ; 1         ; no              ; no         ; no            ; no       ; Off          ; 2.5 V        ; Default          ; Series 50 Ohm without Calibration ; --                        ; no                         ; no                          ; 0                   ; Off                         ; Fitter               ; -                    ; -                   ;
; regOUT[140]       ; Unassigned ; --       ; no              ; no                     ; 1         ; no              ; no         ; no            ; no       ; Off          ; 2.5 V        ; Default          ; Series 50 Ohm without Calibration ; --                        ; no                         ; no                          ; 0                   ; Off                         ; Fitter               ; -                    ; -                   ;
; regOUT[141]       ; Unassigned ; --       ; no              ; no                     ; 1         ; no              ; no         ; no            ; no       ; Off          ; 2.5 V        ; Default          ; Series 50 Ohm without Calibration ; --                        ; no                         ; no                          ; 0                   ; Off                         ; Fitter               ; -                    ; -                   ;
; regOUT[142]       ; Unassigned ; --       ; no              ; no                     ; 1         ; no              ; no         ; no            ; no       ; Off          ; 2.5 V        ; Default          ; Series 50 Ohm without Calibration ; --                        ; no                         ; no                          ; 0                   ; Off                         ; Fitter               ; -                    ; -                   ;
; regOUT[143]       ; Unassigned ; --       ; no              ; no                     ; 1         ; no              ; no         ; no            ; no       ; Off          ; 2.5 V        ; Default          ; Series 50 Ohm without Calibration ; --                        ; no                         ; no                          ; 0                   ; Off                         ; Fitter               ; -                    ; -                   ;
; regOUT[14]        ; Unassigned ; --       ; no              ; no                     ; 1         ; no              ; no         ; no            ; no       ; Off          ; 2.5 V        ; Default          ; Series 50 Ohm without Calibration ; --                        ; no                         ; no                          ; 0                   ; Off                         ; Fitter               ; -                    ; -                   ;
; regOUT[15]        ; Unassigned ; --       ; no              ; no                     ; 1         ; no              ; no         ; no            ; no       ; Off          ; 2.5 V        ; Default          ; Series 50 Ohm without Calibration ; --                        ; no                         ; no                          ; 0                   ; Off                         ; Fitter               ; -                    ; -                   ;
; regOUT[16]        ; Unassigned ; --       ; no              ; no                     ; 1         ; no              ; no         ; no            ; no       ; Off          ; 2.5 V        ; Default          ; Series 50 Ohm without Calibration ; --                        ; no                         ; no                          ; 0                   ; Off                         ; Fitter               ; -                    ; -                   ;
; regOUT[17]        ; Unassigned ; --       ; no              ; no                     ; 1         ; no              ; no         ; no            ; no       ; Off          ; 2.5 V        ; Default          ; Series 50 Ohm without Calibration ; --                        ; no                         ; no                          ; 0                   ; Off                         ; Fitter               ; -                    ; -                   ;
; regOUT[18]        ; Unassigned ; --       ; no              ; no                     ; 1         ; no              ; no         ; no            ; no       ; Off          ; 2.5 V        ; Default          ; Series 50 Ohm without Calibration ; --                        ; no                         ; no                          ; 0                   ; Off                         ; Fitter               ; -                    ; -                   ;
; regOUT[19]        ; Unassigned ; --       ; no              ; no                     ; 1         ; no              ; no         ; no            ; no       ; Off          ; 2.5 V        ; Default          ; Series 50 Ohm without Calibration ; --                        ; no                         ; no                          ; 0                   ; Off                         ; Fitter               ; -                    ; -                   ;
; regOUT[1]         ; Unassigned ; --       ; no              ; no                     ; 1         ; no              ; no         ; no            ; no       ; Off          ; 2.5 V        ; Default          ; Series 50 Ohm without Calibration ; --                        ; no                         ; no                          ; 0                   ; Off                         ; Fitter               ; -                    ; -                   ;
; regOUT[20]        ; Unassigned ; --       ; no              ; no                     ; 1         ; no              ; no         ; no            ; no       ; Off          ; 2.5 V        ; Default          ; Series 50 Ohm without Calibration ; --                        ; no                         ; no                          ; 0                   ; Off                         ; Fitter               ; -                    ; -                   ;
; regOUT[21]        ; Unassigned ; --       ; no              ; no                     ; 1         ; no              ; no         ; no            ; no       ; Off          ; 2.5 V        ; Default          ; Series 50 Ohm without Calibration ; --                        ; no                         ; no                          ; 0                   ; Off                         ; Fitter               ; -                    ; -                   ;
; regOUT[22]        ; Unassigned ; --       ; no              ; no                     ; 1         ; no              ; no         ; no            ; no       ; Off          ; 2.5 V        ; Default          ; Series 50 Ohm without Calibration ; --                        ; no                         ; no                          ; 0                   ; Off                         ; Fitter               ; -                    ; -                   ;
; regOUT[23]        ; Unassigned ; --       ; no              ; no                     ; 1         ; no              ; no         ; no            ; no       ; Off          ; 2.5 V        ; Default          ; Series 50 Ohm without Calibration ; --                        ; no                         ; no                          ; 0                   ; Off                         ; Fitter               ; -                    ; -                   ;
; regOUT[24]        ; Unassigned ; --       ; no              ; no                     ; 1         ; no              ; no         ; no            ; no       ; Off          ; 2.5 V        ; Default          ; Series 50 Ohm without Calibration ; --                        ; no                         ; no                          ; 0                   ; Off                         ; Fitter               ; -                    ; -                   ;
; regOUT[25]        ; Unassigned ; --       ; no              ; no                     ; 1         ; no              ; no         ; no            ; no       ; Off          ; 2.5 V        ; Default          ; Series 50 Ohm without Calibration ; --                        ; no                         ; no                          ; 0                   ; Off                         ; Fitter               ; -                    ; -                   ;
; regOUT[26]        ; Unassigned ; --       ; no              ; no                     ; 1         ; no              ; no         ; no            ; no       ; Off          ; 2.5 V        ; Default          ; Series 50 Ohm without Calibration ; --                        ; no                         ; no                          ; 0                   ; Off                         ; Fitter               ; -                    ; -                   ;
; regOUT[27]        ; Unassigned ; --       ; no              ; no                     ; 1         ; no              ; no         ; no            ; no       ; Off          ; 2.5 V        ; Default          ; Series 50 Ohm without Calibration ; --                        ; no                         ; no                          ; 0                   ; Off                         ; Fitter               ; -                    ; -                   ;
; regOUT[28]        ; Unassigned ; --       ; no              ; no                     ; 1         ; no              ; no         ; no            ; no       ; Off          ; 2.5 V        ; Default          ; Series 50 Ohm without Calibration ; --                        ; no                         ; no                          ; 0                   ; Off                         ; Fitter               ; -                    ; -                   ;
; regOUT[29]        ; Unassigned ; --       ; no              ; no                     ; 1         ; no              ; no         ; no            ; no       ; Off          ; 2.5 V        ; Default          ; Series 50 Ohm without Calibration ; --                        ; no                         ; no                          ; 0                   ; Off                         ; Fitter               ; -                    ; -                   ;
; regOUT[2]         ; Unassigned ; --       ; no              ; no                     ; 1         ; no              ; no         ; no            ; no       ; Off          ; 2.5 V        ; Default          ; Series 50 Ohm without Calibration ; --                        ; no                         ; no                          ; 0                   ; Off                         ; Fitter               ; -                    ; -                   ;
; regOUT[30]        ; Unassigned ; --       ; no              ; no                     ; 1         ; no              ; no         ; no            ; no       ; Off          ; 2.5 V        ; Default          ; Series 50 Ohm without Calibration ; --                        ; no                         ; no                          ; 0                   ; Off                         ; Fitter               ; -                    ; -                   ;
; regOUT[31]        ; Unassigned ; --       ; no              ; no                     ; 1         ; no              ; no         ; no            ; no       ; Off          ; 2.5 V        ; Default          ; Series 50 Ohm without Calibration ; --                        ; no                         ; no                          ; 0                   ; Off                         ; Fitter               ; -                    ; -                   ;
; regOUT[32]        ; Unassigned ; --       ; no              ; no                     ; 1         ; no              ; no         ; no            ; no       ; Off          ; 2.5 V        ; Default          ; Series 50 Ohm without Calibration ; --                        ; no                         ; no                          ; 0                   ; Off                         ; Fitter               ; -                    ; -                   ;
; regOUT[33]        ; Unassigned ; --       ; no              ; no                     ; 1         ; no              ; no         ; no            ; no       ; Off          ; 2.5 V        ; Default          ; Series 50 Ohm without Calibration ; --                        ; no                         ; no                          ; 0                   ; Off                         ; Fitter               ; -                    ; -                   ;
; regOUT[34]        ; Unassigned ; --       ; no              ; no                     ; 1         ; no              ; no         ; no            ; no       ; Off          ; 2.5 V        ; Default          ; Series 50 Ohm without Calibration ; --                        ; no                         ; no                          ; 0                   ; Off                         ; Fitter               ; -                    ; -                   ;
; regOUT[35]        ; Unassigned ; --       ; no              ; no                     ; 1         ; no              ; no         ; no            ; no       ; Off          ; 2.5 V        ; Default          ; Series 50 Ohm without Calibration ; --                        ; no                         ; no                          ; 0                   ; Off                         ; Fitter               ; -                    ; -                   ;
; regOUT[36]        ; Unassigned ; --       ; no              ; no                     ; 1         ; no              ; no         ; no            ; no       ; Off          ; 2.5 V        ; Default          ; Series 50 Ohm without Calibration ; --                        ; no                         ; no                          ; 0                   ; Off                         ; Fitter               ; -                    ; -                   ;
; regOUT[37]        ; Unassigned ; --       ; no              ; no                     ; 1         ; no              ; no         ; no            ; no       ; Off          ; 2.5 V        ; Default          ; Series 50 Ohm without Calibration ; --                        ; no                         ; no                          ; 0                   ; Off                         ; Fitter               ; -                    ; -                   ;
; regOUT[38]        ; Unassigned ; --       ; no              ; no                     ; 1         ; no              ; no         ; no            ; no       ; Off          ; 2.5 V        ; Default          ; Series 50 Ohm without Calibration ; --                        ; no                         ; no                          ; 0                   ; Off                         ; Fitter               ; -                    ; -                   ;
; regOUT[39]        ; Unassigned ; --       ; no              ; no                     ; 1         ; no              ; no         ; no            ; no       ; Off          ; 2.5 V        ; Default          ; Series 50 Ohm without Calibration ; --                        ; no                         ; no                          ; 0                   ; Off                         ; Fitter               ; -                    ; -                   ;
; regOUT[3]         ; Unassigned ; --       ; no              ; no                     ; 1         ; no              ; no         ; no            ; no       ; Off          ; 2.5 V        ; Default          ; Series 50 Ohm without Calibration ; --                        ; no                         ; no                          ; 0                   ; Off                         ; Fitter               ; -                    ; -                   ;
; regOUT[40]        ; Unassigned ; --       ; no              ; no                     ; 1         ; no              ; no         ; no            ; no       ; Off          ; 2.5 V        ; Default          ; Series 50 Ohm without Calibration ; --                        ; no                         ; no                          ; 0                   ; Off                         ; Fitter               ; -                    ; -                   ;
; regOUT[41]        ; Unassigned ; --       ; no              ; no                     ; 1         ; no              ; no         ; no            ; no       ; Off          ; 2.5 V        ; Default          ; Series 50 Ohm without Calibration ; --                        ; no                         ; no                          ; 0                   ; Off                         ; Fitter               ; -                    ; -                   ;
; regOUT[42]        ; Unassigned ; --       ; no              ; no                     ; 1         ; no              ; no         ; no            ; no       ; Off          ; 2.5 V        ; Default          ; Series 50 Ohm without Calibration ; --                        ; no                         ; no                          ; 0                   ; Off                         ; Fitter               ; -                    ; -                   ;
; regOUT[43]        ; Unassigned ; --       ; no              ; no                     ; 1         ; no              ; no         ; no            ; no       ; Off          ; 2.5 V        ; Default          ; Series 50 Ohm without Calibration ; --                        ; no                         ; no                          ; 0                   ; Off                         ; Fitter               ; -                    ; -                   ;
; regOUT[44]        ; Unassigned ; --       ; no              ; no                     ; 1         ; no              ; no         ; no            ; no       ; Off          ; 2.5 V        ; Default          ; Series 50 Ohm without Calibration ; --                        ; no                         ; no                          ; 0                   ; Off                         ; Fitter               ; -                    ; -                   ;
; regOUT[45]        ; Unassigned ; --       ; no              ; no                     ; 1         ; no              ; no         ; no            ; no       ; Off          ; 2.5 V        ; Default          ; Series 50 Ohm without Calibration ; --                        ; no                         ; no                          ; 0                   ; Off                         ; Fitter               ; -                    ; -                   ;
; regOUT[46]        ; Unassigned ; --       ; no              ; no                     ; 1         ; no              ; no         ; no            ; no       ; Off          ; 2.5 V        ; Default          ; Series 50 Ohm without Calibration ; --                        ; no                         ; no                          ; 0                   ; Off                         ; Fitter               ; -                    ; -                   ;
; regOUT[47]        ; Unassigned ; --       ; no              ; no                     ; 1         ; no              ; no         ; no            ; no       ; Off          ; 2.5 V        ; Default          ; Series 50 Ohm without Calibration ; --                        ; no                         ; no                          ; 0                   ; Off                         ; Fitter               ; -                    ; -                   ;
; regOUT[48]        ; Unassigned ; --       ; no              ; no                     ; 1         ; no              ; no         ; no            ; no       ; Off          ; 2.5 V        ; Default          ; Series 50 Ohm without Calibration ; --                        ; no                         ; no                          ; 0                   ; Off                         ; Fitter               ; -                    ; -                   ;
; regOUT[49]        ; Unassigned ; --       ; no              ; no                     ; 1         ; no              ; no         ; no            ; no       ; Off          ; 2.5 V        ; Default          ; Series 50 Ohm without Calibration ; --                        ; no                         ; no                          ; 0                   ; Off                         ; Fitter               ; -                    ; -                   ;
; regOUT[4]         ; Unassigned ; --       ; no              ; no                     ; 1         ; no              ; no         ; no            ; no       ; Off          ; 2.5 V        ; Default          ; Series 50 Ohm without Calibration ; --                        ; no                         ; no                          ; 0                   ; Off                         ; Fitter               ; -                    ; -                   ;
; regOUT[50]        ; Unassigned ; --       ; no              ; no                     ; 1         ; no              ; no         ; no            ; no       ; Off          ; 2.5 V        ; Default          ; Series 50 Ohm without Calibration ; --                        ; no                         ; no                          ; 0                   ; Off                         ; Fitter               ; -                    ; -                   ;
; regOUT[51]        ; Unassigned ; --       ; no              ; no                     ; 1         ; no              ; no         ; no            ; no       ; Off          ; 2.5 V        ; Default          ; Series 50 Ohm without Calibration ; --                        ; no                         ; no                          ; 0                   ; Off                         ; Fitter               ; -                    ; -                   ;
; regOUT[52]        ; Unassigned ; --       ; no              ; no                     ; 1         ; no              ; no         ; no            ; no       ; Off          ; 2.5 V        ; Default          ; Series 50 Ohm without Calibration ; --                        ; no                         ; no                          ; 0                   ; Off                         ; Fitter               ; -                    ; -                   ;
; regOUT[53]        ; Unassigned ; --       ; no              ; no                     ; 1         ; no              ; no         ; no            ; no       ; Off          ; 2.5 V        ; Default          ; Series 50 Ohm without Calibration ; --                        ; no                         ; no                          ; 0                   ; Off                         ; Fitter               ; -                    ; -                   ;
; regOUT[54]        ; Unassigned ; --       ; no              ; no                     ; 1         ; no              ; no         ; no            ; no       ; Off          ; 2.5 V        ; Default          ; Series 50 Ohm without Calibration ; --                        ; no                         ; no                          ; 0                   ; Off                         ; Fitter               ; -                    ; -                   ;
; regOUT[55]        ; Unassigned ; --       ; no              ; no                     ; 1         ; no              ; no         ; no            ; no       ; Off          ; 2.5 V        ; Default          ; Series 50 Ohm without Calibration ; --                        ; no                         ; no                          ; 0                   ; Off                         ; Fitter               ; -                    ; -                   ;
; regOUT[56]        ; Unassigned ; --       ; no              ; no                     ; 1         ; no              ; no         ; no            ; no       ; Off          ; 2.5 V        ; Default          ; Series 50 Ohm without Calibration ; --                        ; no                         ; no                          ; 0                   ; Off                         ; Fitter               ; -                    ; -                   ;
; regOUT[57]        ; Unassigned ; --       ; no              ; no                     ; 1         ; no              ; no         ; no            ; no       ; Off          ; 2.5 V        ; Default          ; Series 50 Ohm without Calibration ; --                        ; no                         ; no                          ; 0                   ; Off                         ; Fitter               ; -                    ; -                   ;
; regOUT[58]        ; Unassigned ; --       ; no              ; no                     ; 1         ; no              ; no         ; no            ; no       ; Off          ; 2.5 V        ; Default          ; Series 50 Ohm without Calibration ; --                        ; no                         ; no                          ; 0                   ; Off                         ; Fitter               ; -                    ; -                   ;
; regOUT[59]        ; Unassigned ; --       ; no              ; no                     ; 1         ; no              ; no         ; no            ; no       ; Off          ; 2.5 V        ; Default          ; Series 50 Ohm without Calibration ; --                        ; no                         ; no                          ; 0                   ; Off                         ; Fitter               ; -                    ; -                   ;
; regOUT[5]         ; Unassigned ; --       ; no              ; no                     ; 1         ; no              ; no         ; no            ; no       ; Off          ; 2.5 V        ; Default          ; Series 50 Ohm without Calibration ; --                        ; no                         ; no                          ; 0                   ; Off                         ; Fitter               ; -                    ; -                   ;
; regOUT[60]        ; Unassigned ; --       ; no              ; no                     ; 1         ; no              ; no         ; no            ; no       ; Off          ; 2.5 V        ; Default          ; Series 50 Ohm without Calibration ; --                        ; no                         ; no                          ; 0                   ; Off                         ; Fitter               ; -                    ; -                   ;
; regOUT[61]        ; Unassigned ; --       ; no              ; no                     ; 1         ; no              ; no         ; no            ; no       ; Off          ; 2.5 V        ; Default          ; Series 50 Ohm without Calibration ; --                        ; no                         ; no                          ; 0                   ; Off                         ; Fitter               ; -                    ; -                   ;
; regOUT[62]        ; Unassigned ; --       ; no              ; no                     ; 1         ; no              ; no         ; no            ; no       ; Off          ; 2.5 V        ; Default          ; Series 50 Ohm without Calibration ; --                        ; no                         ; no                          ; 0                   ; Off                         ; Fitter               ; -                    ; -                   ;
; regOUT[63]        ; Unassigned ; --       ; no              ; no                     ; 1         ; no              ; no         ; no            ; no       ; Off          ; 2.5 V        ; Default          ; Series 50 Ohm without Calibration ; --                        ; no                         ; no                          ; 0                   ; Off                         ; Fitter               ; -                    ; -                   ;
; regOUT[64]        ; Unassigned ; --       ; no              ; no                     ; 1         ; no              ; no         ; no            ; no       ; Off          ; 2.5 V        ; Default          ; Series 50 Ohm without Calibration ; --                        ; no                         ; no                          ; 0                   ; Off                         ; Fitter               ; -                    ; -                   ;
; regOUT[65]        ; Unassigned ; --       ; no              ; no                     ; 1         ; no              ; no         ; no            ; no       ; Off          ; 2.5 V        ; Default          ; Series 50 Ohm without Calibration ; --                        ; no                         ; no                          ; 0                   ; Off                         ; Fitter               ; -                    ; -                   ;
; regOUT[66]        ; Unassigned ; --       ; no              ; no                     ; 1         ; no              ; no         ; no            ; no       ; Off          ; 2.5 V        ; Default          ; Series 50 Ohm without Calibration ; --                        ; no                         ; no                          ; 0                   ; Off                         ; Fitter               ; -                    ; -                   ;
; regOUT[67]        ; Unassigned ; --       ; no              ; no                     ; 1         ; no              ; no         ; no            ; no       ; Off          ; 2.5 V        ; Default          ; Series 50 Ohm without Calibration ; --                        ; no                         ; no                          ; 0                   ; Off                         ; Fitter               ; -                    ; -                   ;
; regOUT[68]        ; Unassigned ; --       ; no              ; no                     ; 1         ; no              ; no         ; no            ; no       ; Off          ; 2.5 V        ; Default          ; Series 50 Ohm without Calibration ; --                        ; no                         ; no                          ; 0                   ; Off                         ; Fitter               ; -                    ; -                   ;
; regOUT[69]        ; Unassigned ; --       ; no              ; no                     ; 1         ; no              ; no         ; no            ; no       ; Off          ; 2.5 V        ; Default          ; Series 50 Ohm without Calibration ; --                        ; no                         ; no                          ; 0                   ; Off                         ; Fitter               ; -                    ; -                   ;
; regOUT[6]         ; Unassigned ; --       ; no              ; no                     ; 1         ; no              ; no         ; no            ; no       ; Off          ; 2.5 V        ; Default          ; Series 50 Ohm without Calibration ; --                        ; no                         ; no                          ; 0                   ; Off                         ; Fitter               ; -                    ; -                   ;
; regOUT[70]        ; Unassigned ; --       ; no              ; no                     ; 1         ; no              ; no         ; no            ; no       ; Off          ; 2.5 V        ; Default          ; Series 50 Ohm without Calibration ; --                        ; no                         ; no                          ; 0                   ; Off                         ; Fitter               ; -                    ; -                   ;
; regOUT[71]        ; Unassigned ; --       ; no              ; no                     ; 1         ; no              ; no         ; no            ; no       ; Off          ; 2.5 V        ; Default          ; Series 50 Ohm without Calibration ; --                        ; no                         ; no                          ; 0                   ; Off                         ; Fitter               ; -                    ; -                   ;
; regOUT[72]        ; Unassigned ; --       ; no              ; no                     ; 1         ; no              ; no         ; no            ; no       ; Off          ; 2.5 V        ; Default          ; Series 50 Ohm without Calibration ; --                        ; no                         ; no                          ; 0                   ; Off                         ; Fitter               ; -                    ; -                   ;
; regOUT[73]        ; Unassigned ; --       ; no              ; no                     ; 1         ; no              ; no         ; no            ; no       ; Off          ; 2.5 V        ; Default          ; Series 50 Ohm without Calibration ; --                        ; no                         ; no                          ; 0                   ; Off                         ; Fitter               ; -                    ; -                   ;
; regOUT[74]        ; Unassigned ; --       ; no              ; no                     ; 1         ; no              ; no         ; no            ; no       ; Off          ; 2.5 V        ; Default          ; Series 50 Ohm without Calibration ; --                        ; no                         ; no                          ; 0                   ; Off                         ; Fitter               ; -                    ; -                   ;
; regOUT[75]        ; Unassigned ; --       ; no              ; no                     ; 1         ; no              ; no         ; no            ; no       ; Off          ; 2.5 V        ; Default          ; Series 50 Ohm without Calibration ; --                        ; no                         ; no                          ; 0                   ; Off                         ; Fitter               ; -                    ; -                   ;
; regOUT[76]        ; Unassigned ; --       ; no              ; no                     ; 1         ; no              ; no         ; no            ; no       ; Off          ; 2.5 V        ; Default          ; Series 50 Ohm without Calibration ; --                        ; no                         ; no                          ; 0                   ; Off                         ; Fitter               ; -                    ; -                   ;
; regOUT[77]        ; Unassigned ; --       ; no              ; no                     ; 1         ; no              ; no         ; no            ; no       ; Off          ; 2.5 V        ; Default          ; Series 50 Ohm without Calibration ; --                        ; no                         ; no                          ; 0                   ; Off                         ; Fitter               ; -                    ; -                   ;
; regOUT[78]        ; Unassigned ; --       ; no              ; no                     ; 1         ; no              ; no         ; no            ; no       ; Off          ; 2.5 V        ; Default          ; Series 50 Ohm without Calibration ; --                        ; no                         ; no                          ; 0                   ; Off                         ; Fitter               ; -                    ; -                   ;
; regOUT[79]        ; Unassigned ; --       ; no              ; no                     ; 1         ; no              ; no         ; no            ; no       ; Off          ; 2.5 V        ; Default          ; Series 50 Ohm without Calibration ; --                        ; no                         ; no                          ; 0                   ; Off                         ; Fitter               ; -                    ; -                   ;
; regOUT[7]         ; Unassigned ; --       ; no              ; no                     ; 1         ; no              ; no         ; no            ; no       ; Off          ; 2.5 V        ; Default          ; Series 50 Ohm without Calibration ; --                        ; no                         ; no                          ; 0                   ; Off                         ; Fitter               ; -                    ; -                   ;
; regOUT[80]        ; Unassigned ; --       ; no              ; no                     ; 1         ; no              ; no         ; no            ; no       ; Off          ; 2.5 V        ; Default          ; Series 50 Ohm without Calibration ; --                        ; no                         ; no                          ; 0                   ; Off                         ; Fitter               ; -                    ; -                   ;
; regOUT[81]        ; Unassigned ; --       ; no              ; no                     ; 1         ; no              ; no         ; no            ; no       ; Off          ; 2.5 V        ; Default          ; Series 50 Ohm without Calibration ; --                        ; no                         ; no                          ; 0                   ; Off                         ; Fitter               ; -                    ; -                   ;
; regOUT[82]        ; Unassigned ; --       ; no              ; no                     ; 1         ; no              ; no         ; no            ; no       ; Off          ; 2.5 V        ; Default          ; Series 50 Ohm without Calibration ; --                        ; no                         ; no                          ; 0                   ; Off                         ; Fitter               ; -                    ; -                   ;
; regOUT[83]        ; Unassigned ; --       ; no              ; no                     ; 1         ; no              ; no         ; no            ; no       ; Off          ; 2.5 V        ; Default          ; Series 50 Ohm without Calibration ; --                        ; no                         ; no                          ; 0                   ; Off                         ; Fitter               ; -                    ; -                   ;
; regOUT[84]        ; Unassigned ; --       ; no              ; no                     ; 1         ; no              ; no         ; no            ; no       ; Off          ; 2.5 V        ; Default          ; Series 50 Ohm without Calibration ; --                        ; no                         ; no                          ; 0                   ; Off                         ; Fitter               ; -                    ; -                   ;
; regOUT[85]        ; Unassigned ; --       ; no              ; no                     ; 1         ; no              ; no         ; no            ; no       ; Off          ; 2.5 V        ; Default          ; Series 50 Ohm without Calibration ; --                        ; no                         ; no                          ; 0                   ; Off                         ; Fitter               ; -                    ; -                   ;
; regOUT[86]        ; Unassigned ; --       ; no              ; no                     ; 1         ; no              ; no         ; no            ; no       ; Off          ; 2.5 V        ; Default          ; Series 50 Ohm without Calibration ; --                        ; no                         ; no                          ; 0                   ; Off                         ; Fitter               ; -                    ; -                   ;
; regOUT[87]        ; Unassigned ; --       ; no              ; no                     ; 1         ; no              ; no         ; no            ; no       ; Off          ; 2.5 V        ; Default          ; Series 50 Ohm without Calibration ; --                        ; no                         ; no                          ; 0                   ; Off                         ; Fitter               ; -                    ; -                   ;
; regOUT[88]        ; Unassigned ; --       ; no              ; no                     ; 1         ; no              ; no         ; no            ; no       ; Off          ; 2.5 V        ; Default          ; Series 50 Ohm without Calibration ; --                        ; no                         ; no                          ; 0                   ; Off                         ; Fitter               ; -                    ; -                   ;
; regOUT[89]        ; Unassigned ; --       ; no              ; no                     ; 1         ; no              ; no         ; no            ; no       ; Off          ; 2.5 V        ; Default          ; Series 50 Ohm without Calibration ; --                        ; no                         ; no                          ; 0                   ; Off                         ; Fitter               ; -                    ; -                   ;
; regOUT[8]         ; Unassigned ; --       ; no              ; no                     ; 1         ; no              ; no         ; no            ; no       ; Off          ; 2.5 V        ; Default          ; Series 50 Ohm without Calibration ; --                        ; no                         ; no                          ; 0                   ; Off                         ; Fitter               ; -                    ; -                   ;
; regOUT[90]        ; Unassigned ; --       ; no              ; no                     ; 1         ; no              ; no         ; no            ; no       ; Off          ; 2.5 V        ; Default          ; Series 50 Ohm without Calibration ; --                        ; no                         ; no                          ; 0                   ; Off                         ; Fitter               ; -                    ; -                   ;
; regOUT[91]        ; Unassigned ; --       ; no              ; no                     ; 1         ; no              ; no         ; no            ; no       ; Off          ; 2.5 V        ; Default          ; Series 50 Ohm without Calibration ; --                        ; no                         ; no                          ; 0                   ; Off                         ; Fitter               ; -                    ; -                   ;
; regOUT[92]        ; Unassigned ; --       ; no              ; no                     ; 1         ; no              ; no         ; no            ; no       ; Off          ; 2.5 V        ; Default          ; Series 50 Ohm without Calibration ; --                        ; no                         ; no                          ; 0                   ; Off                         ; Fitter               ; -                    ; -                   ;
; regOUT[93]        ; Unassigned ; --       ; no              ; no                     ; 1         ; no              ; no         ; no            ; no       ; Off          ; 2.5 V        ; Default          ; Series 50 Ohm without Calibration ; --                        ; no                         ; no                          ; 0                   ; Off                         ; Fitter               ; -                    ; -                   ;
; regOUT[94]        ; Unassigned ; --       ; no              ; no                     ; 1         ; no              ; no         ; no            ; no       ; Off          ; 2.5 V        ; Default          ; Series 50 Ohm without Calibration ; --                        ; no                         ; no                          ; 0                   ; Off                         ; Fitter               ; -                    ; -                   ;
; regOUT[95]        ; Unassigned ; --       ; no              ; no                     ; 1         ; no              ; no         ; no            ; no       ; Off          ; 2.5 V        ; Default          ; Series 50 Ohm without Calibration ; --                        ; no                         ; no                          ; 0                   ; Off                         ; Fitter               ; -                    ; -                   ;
; regOUT[96]        ; Unassigned ; --       ; no              ; no                     ; 1         ; no              ; no         ; no            ; no       ; Off          ; 2.5 V        ; Default          ; Series 50 Ohm without Calibration ; --                        ; no                         ; no                          ; 0                   ; Off                         ; Fitter               ; -                    ; -                   ;
; regOUT[97]        ; Unassigned ; --       ; no              ; no                     ; 1         ; no              ; no         ; no            ; no       ; Off          ; 2.5 V        ; Default          ; Series 50 Ohm without Calibration ; --                        ; no                         ; no                          ; 0                   ; Off                         ; Fitter               ; -                    ; -                   ;
; regOUT[98]        ; Unassigned ; --       ; no              ; no                     ; 1         ; no              ; no         ; no            ; no       ; Off          ; 2.5 V        ; Default          ; Series 50 Ohm without Calibration ; --                        ; no                         ; no                          ; 0                   ; Off                         ; Fitter               ; -                    ; -                   ;
; regOUT[99]        ; Unassigned ; --       ; no              ; no                     ; 1         ; no              ; no         ; no            ; no       ; Off          ; 2.5 V        ; Default          ; Series 50 Ohm without Calibration ; --                        ; no                         ; no                          ; 0                   ; Off                         ; Fitter               ; -                    ; -                   ;
; regOUT[9]         ; Unassigned ; --       ; no              ; no                     ; 1         ; no              ; no         ; no            ; no       ; Off          ; 2.5 V        ; Default          ; Series 50 Ohm without Calibration ; --                        ; no                         ; no                          ; 0                   ; Off                         ; Fitter               ; -                    ; -                   ;
; toData[0]         ; Unassigned ; --       ; no              ; no                     ; 1         ; no              ; no         ; no            ; no       ; Off          ; 2.5 V        ; Default          ; Series 50 Ohm without Calibration ; --                        ; no                         ; no                          ; 0                   ; Off                         ; Fitter               ; -                    ; -                   ;
; toData[10]        ; Unassigned ; --       ; no              ; no                     ; 1         ; no              ; no         ; no            ; no       ; Off          ; 2.5 V        ; Default          ; Series 50 Ohm without Calibration ; --                        ; no                         ; no                          ; 0                   ; Off                         ; Fitter               ; -                    ; -                   ;
; toData[11]        ; Unassigned ; --       ; no              ; no                     ; 1         ; no              ; no         ; no            ; no       ; Off          ; 2.5 V        ; Default          ; Series 50 Ohm without Calibration ; --                        ; no                         ; no                          ; 0                   ; Off                         ; Fitter               ; -                    ; -                   ;
; toData[12]        ; Unassigned ; --       ; no              ; no                     ; 1         ; no              ; no         ; no            ; no       ; Off          ; 2.5 V        ; Default          ; Series 50 Ohm without Calibration ; --                        ; no                         ; no                          ; 0                   ; Off                         ; Fitter               ; -                    ; -                   ;
; toData[13]        ; Unassigned ; --       ; no              ; no                     ; 1         ; no              ; no         ; no            ; no       ; Off          ; 2.5 V        ; Default          ; Series 50 Ohm without Calibration ; --                        ; no                         ; no                          ; 0                   ; Off                         ; Fitter               ; -                    ; -                   ;
; toData[14]        ; Unassigned ; --       ; no              ; no                     ; 1         ; no              ; no         ; no            ; no       ; Off          ; 2.5 V        ; Default          ; Series 50 Ohm without Calibration ; --                        ; no                         ; no                          ; 0                   ; Off                         ; Fitter               ; -                    ; -                   ;
; toData[15]        ; Unassigned ; --       ; no              ; no                     ; 1         ; no              ; no         ; no            ; no       ; Off          ; 2.5 V        ; Default          ; Series 50 Ohm without Calibration ; --                        ; no                         ; no                          ; 0                   ; Off                         ; Fitter               ; -                    ; -                   ;
; toData[1]         ; Unassigned ; --       ; no              ; no                     ; 1         ; no              ; no         ; no            ; no       ; Off          ; 2.5 V        ; Default          ; Series 50 Ohm without Calibration ; --                        ; no                         ; no                          ; 0                   ; Off                         ; Fitter               ; -                    ; -                   ;
; toData[2]         ; Unassigned ; --       ; no              ; no                     ; 1         ; no              ; no         ; no            ; no       ; Off          ; 2.5 V        ; Default          ; Series 50 Ohm without Calibration ; --                        ; no                         ; no                          ; 0                   ; Off                         ; Fitter               ; -                    ; -                   ;
; toData[3]         ; Unassigned ; --       ; no              ; no                     ; 1         ; no              ; no         ; no            ; no       ; Off          ; 2.5 V        ; Default          ; Series 50 Ohm without Calibration ; --                        ; no                         ; no                          ; 0                   ; Off                         ; Fitter               ; -                    ; -                   ;
; toData[4]         ; Unassigned ; --       ; no              ; no                     ; 1         ; no              ; no         ; no            ; no       ; Off          ; 2.5 V        ; Default          ; Series 50 Ohm without Calibration ; --                        ; no                         ; no                          ; 0                   ; Off                         ; Fitter               ; -                    ; -                   ;
; toData[5]         ; Unassigned ; --       ; no              ; no                     ; 1         ; no              ; no         ; no            ; no       ; Off          ; 2.5 V        ; Default          ; Series 50 Ohm without Calibration ; --                        ; no                         ; no                          ; 0                   ; Off                         ; Fitter               ; -                    ; -                   ;
; toData[6]         ; Unassigned ; --       ; no              ; no                     ; 1         ; no              ; no         ; no            ; no       ; Off          ; 2.5 V        ; Default          ; Series 50 Ohm without Calibration ; --                        ; no                         ; no                          ; 0                   ; Off                         ; Fitter               ; -                    ; -                   ;
; toData[7]         ; Unassigned ; --       ; no              ; no                     ; 1         ; no              ; no         ; no            ; no       ; Off          ; 2.5 V        ; Default          ; Series 50 Ohm without Calibration ; --                        ; no                         ; no                          ; 0                   ; Off                         ; Fitter               ; -                    ; -                   ;
; toData[8]         ; Unassigned ; --       ; no              ; no                     ; 1         ; no              ; no         ; no            ; no       ; Off          ; 2.5 V        ; Default          ; Series 50 Ohm without Calibration ; --                        ; no                         ; no                          ; 0                   ; Off                         ; Fitter               ; -                    ; -                   ;
; toData[9]         ; Unassigned ; --       ; no              ; no                     ; 1         ; no              ; no         ; no            ; no       ; Off          ; 2.5 V        ; Default          ; Series 50 Ohm without Calibration ; --                        ; no                         ; no                          ; 0                   ; Off                         ; Fitter               ; -                    ; -                   ;
+-------------------+------------+----------+-----------------+------------------------+-----------+-----------------+------------+---------------+----------+--------------+--------------+------------------+-----------------------------------+---------------------------+----------------------------+-----------------------------+---------------------+-----------------------------+----------------------+----------------------+---------------------+


+--------------------------------------------------------------------------+
; I/O Bank Usage                                                           ;
+----------+----------------+---------------+--------------+---------------+
; I/O Bank ; Usage          ; VCCIO Voltage ; VREF Voltage ; VCCPD Voltage ;
+----------+----------------+---------------+--------------+---------------+
; B2L      ; 0 / 0 ( -- )   ; --            ; --           ; --            ;
; B1L      ; 0 / 14 ( 0 % ) ; --            ; --           ; --            ;
; B0L      ; 0 / 14 ( 0 % ) ; --            ; --           ; --            ;
; 3A       ; 0 / 16 ( 0 % ) ; 2.5V          ; --           ; 2.5V          ;
; 3B       ; 0 / 32 ( 0 % ) ; 2.5V          ; --           ; 2.5V          ;
; 4A       ; 0 / 48 ( 0 % ) ; 2.5V          ; --           ; 2.5V          ;
; 5A       ; 0 / 16 ( 0 % ) ; 2.5V          ; --           ; 2.5V          ;
; 5B       ; 0 / 16 ( 0 % ) ; 2.5V          ; --           ; 2.5V          ;
; 7A       ; 0 / 80 ( 0 % ) ; 2.5V          ; --           ; 2.5V          ;
; 8A       ; 0 / 32 ( 0 % ) ; 2.5V          ; --           ; 2.5V          ;
; Unknown  ; 277            ; --            ;              ;               ;
+----------+----------------+---------------+--------------+---------------+


+-----------------------------------------------------------------------------------------------------------------------------------------------------------------------------+
; All Package Pins                                                                                                                                                            ;
+----------+------------+----------+---------------------------------+--------+--------------+---------------------+--------------+-----------------+----------+--------------+
; Location ; Pad Number ; I/O Bank ; Pin Name/Usage                  ; Dir.   ; I/O Standard ; Voltage             ; I/O Type     ; User Assignment ; Bus Hold ; Weak Pull Up ;
+----------+------------+----------+---------------------------------+--------+--------------+---------------------+--------------+-----------------+----------+--------------+
; A1       ;            ;          ; RREF                            ;        ;              ;                     ; --           ;                 ; --       ; --           ;
; A2       ; 538        ; 9A       ; ^MSEL2                          ;        ;              ;                     ; --           ;                 ; --       ; --           ;
; A3       ;            ; --       ; VCCBAT                          ; power  ;              ; 1.2V                ; --           ;                 ; --       ; --           ;
; A4       ; 540        ; 9A       ; ^nCONFIG                        ;        ;              ;                     ; --           ;                 ; --       ; --           ;
; A5       ; 466        ; 8A       ; RESERVED_INPUT_WITH_WEAK_PULLUP ;        ;              ;                     ; Column I/O   ;                 ; no       ; On           ;
; A6       ;            ; 8A       ; VCCIO8A                         ; power  ;              ; 2.5V                ; --           ;                 ; --       ; --           ;
; A7       ; 475        ; 8A       ; RESERVED_INPUT_WITH_WEAK_PULLUP ;        ;              ;                     ; Column I/O   ;                 ; no       ; On           ;
; A8       ; 473        ; 8A       ; RESERVED_INPUT_WITH_WEAK_PULLUP ;        ;              ;                     ; Column I/O   ;                 ; no       ; On           ;
; A9       ; 464        ; 8A       ; RESERVED_INPUT_WITH_WEAK_PULLUP ;        ;              ;                     ; Column I/O   ;                 ; no       ; On           ;
; A10      ; 462        ; 8A       ; RESERVED_INPUT_WITH_WEAK_PULLUP ;        ;              ;                     ; Column I/O   ;                 ; no       ; On           ;
; A11      ;            ;          ; GND                             ; gnd    ;              ;                     ; --           ;                 ; --       ; --           ;
; A12      ; 444        ; 7A       ; RESERVED_INPUT_WITH_WEAK_PULLUP ;        ;              ;                     ; Column I/O   ;                 ; no       ; On           ;
; A13      ; 432        ; 7A       ; RESERVED_INPUT_WITH_WEAK_PULLUP ;        ;              ;                     ; Column I/O   ;                 ; no       ; On           ;
; A14      ; 420        ; 7A       ; RESERVED_INPUT_WITH_WEAK_PULLUP ;        ;              ;                     ; Column I/O   ;                 ; no       ; On           ;
; A15      ; 418        ; 7A       ; RESERVED_INPUT_WITH_WEAK_PULLUP ;        ;              ;                     ; Column I/O   ;                 ; no       ; On           ;
; A16      ;            ; 7A       ; VCCIO7A                         ; power  ;              ; 2.5V                ; --           ;                 ; --       ; --           ;
; A17      ; 403        ; 7A       ; RESERVED_INPUT_WITH_WEAK_PULLUP ;        ;              ;                     ; Column I/O   ;                 ; no       ; On           ;
; A18      ; 401        ; 7A       ; RESERVED_INPUT_WITH_WEAK_PULLUP ;        ;              ;                     ; Column I/O   ;                 ; no       ; On           ;
; A19      ; 404        ; 7A       ; RESERVED_INPUT_WITH_WEAK_PULLUP ;        ;              ;                     ; Column I/O   ;                 ; no       ; On           ;
; A20      ; 402        ; 7A       ; RESERVED_INPUT_WITH_WEAK_PULLUP ;        ;              ;                     ; Column I/O   ;                 ; no       ; On           ;
; A21      ;            ;          ; GND                             ; gnd    ;              ;                     ; --           ;                 ; --       ; --           ;
; A22      ; 396        ; 7A       ; RESERVED_INPUT_WITH_WEAK_PULLUP ;        ;              ;                     ; Column I/O   ;                 ; no       ; On           ;
; AA1      ; 39         ; B0L      ; GND                             ;        ;              ;                     ; --           ;                 ; --       ; --           ;
; AA2      ; 38         ; B0L      ; GND                             ;        ;              ;                     ; --           ;                 ; --       ; --           ;
; AA3      ;            ;          ; GND                             ; gnd    ;              ;                     ; --           ;                 ; --       ; --           ;
; AA4      ;            ;          ; GND                             ; gnd    ;              ;                     ; --           ;                 ; --       ; --           ;
; AA5      ; 47         ; 3A       ; ^AS_DATA2, DATA2                ;        ;              ;                     ; Weak Pull Up ;                 ; --       ; On           ;
; AA6      ;            ;          ; GND                             ; gnd    ;              ;                     ; --           ;                 ; --       ; --           ;
; AA7      ; 105        ; 3B       ; RESERVED_INPUT_WITH_WEAK_PULLUP ;        ;              ;                     ; Column I/O   ;                 ; no       ; On           ;
; AA8      ; 108        ; 3B       ; RESERVED_INPUT_WITH_WEAK_PULLUP ;        ;              ;                     ; Column I/O   ;                 ; no       ; On           ;
; AA9      ; 115        ; 3B       ; RESERVED_INPUT_WITH_WEAK_PULLUP ;        ;              ;                     ; Column I/O   ;                 ; no       ; On           ;
; AA10     ; 113        ; 3B       ; RESERVED_INPUT_WITH_WEAK_PULLUP ;        ;              ;                     ; Column I/O   ;                 ; no       ; On           ;
; AA11     ;            ;          ; GND                             ; gnd    ;              ;                     ; --           ;                 ; --       ; --           ;
; AA12     ; 131        ; 3B       ; RESERVED_INPUT_WITH_WEAK_PULLUP ;        ;              ;                     ; Column I/O   ;                 ; no       ; On           ;
; AA13     ; 139        ; 4A       ; RESERVED_INPUT_WITH_WEAK_PULLUP ;        ;              ;                     ; Column I/O   ;                 ; no       ; On           ;
; AA14     ; 137        ; 4A       ; RESERVED_INPUT_WITH_WEAK_PULLUP ;        ;              ;                     ; Column I/O   ;                 ; no       ; On           ;
; AA15     ; 142        ; 4A       ; RESERVED_INPUT_WITH_WEAK_PULLUP ;        ;              ;                     ; Column I/O   ;                 ; no       ; On           ;
; AA16     ;            ; 4A       ; VCCIO4A                         ; power  ;              ; 2.5V                ; --           ;                 ; --       ; --           ;
; AA17     ; 153        ; 4A       ; RESERVED_INPUT_WITH_WEAK_PULLUP ;        ;              ;                     ; Column I/O   ;                 ; no       ; On           ;
; AA18     ; 155        ; 4A       ; RESERVED_INPUT_WITH_WEAK_PULLUP ;        ;              ;                     ; Column I/O   ;                 ; no       ; On           ;
; AA19     ; 156        ; 4A       ; RESERVED_INPUT_WITH_WEAK_PULLUP ;        ;              ;                     ; Column I/O   ;                 ; no       ; On           ;
; AA20     ; 158        ; 4A       ; RESERVED_INPUT_WITH_WEAK_PULLUP ;        ;              ;                     ; Column I/O   ;                 ; no       ; On           ;
; AA21     ;            ; 4A       ; VCCIO4A                         ; power  ;              ; 2.5V                ; --           ;                 ; --       ; --           ;
; AA22     ; 163        ; 4A       ; RESERVED_INPUT_WITH_WEAK_PULLUP ;        ;              ;                     ; Column I/O   ;                 ; no       ; On           ;
; AB1      ;            ;          ; GND                             ; gnd    ;              ;                     ; --           ;                 ; --       ; --           ;
; AB2      ;            ;          ; GND                             ; gnd    ;              ;                     ; --           ;                 ; --       ; --           ;
; AB3      ; 49         ; 3A       ; ^AS_DATA1, DATA1                ;        ;              ;                     ; Weak Pull Up ;                 ; --       ; On           ;
; AB4      ; 51         ; 3A       ; ^AS_DATA0, ASDO, DATA0          ;        ;              ;                     ; Weak Pull Up ;                 ; --       ; On           ;
; AB5      ; 102        ; 3B       ; RESERVED_INPUT_WITH_WEAK_PULLUP ;        ;              ;                     ; Column I/O   ;                 ; no       ; On           ;
; AB6      ; 100        ; 3B       ; RESERVED_INPUT_WITH_WEAK_PULLUP ;        ;              ;                     ; Column I/O   ;                 ; no       ; On           ;
; AB7      ; 107        ; 3B       ; RESERVED_INPUT_WITH_WEAK_PULLUP ;        ;              ;                     ; Column I/O   ;                 ; no       ; On           ;
; AB8      ; 110        ; 3B       ; RESERVED_INPUT_WITH_WEAK_PULLUP ;        ;              ;                     ; Column I/O   ;                 ; no       ; On           ;
; AB9      ;            ;          ; GND                             ; gnd    ;              ;                     ; --           ;                 ; --       ; --           ;
; AB10     ; 124        ; 3B       ; RESERVED_INPUT_WITH_WEAK_PULLUP ;        ;              ;                     ; Column I/O   ;                 ; no       ; On           ;
; AB11     ; 126        ; 3B       ; RESERVED_INPUT_WITH_WEAK_PULLUP ;        ;              ;                     ; Column I/O   ;                 ; no       ; On           ;
; AB12     ; 134        ; 4A       ; RESERVED_INPUT_WITH_WEAK_PULLUP ;        ;              ;                     ; Column I/O   ;                 ; no       ; On           ;
; AB13     ; 132        ; 4A       ; RESERVED_INPUT_WITH_WEAK_PULLUP ;        ;              ;                     ; Column I/O   ;                 ; no       ; On           ;
; AB14     ;            ;          ; GND                             ; gnd    ;              ;                     ; --           ;                 ; --       ; --           ;
; AB15     ; 140        ; 4A       ; RESERVED_INPUT_WITH_WEAK_PULLUP ;        ;              ;                     ; Column I/O   ;                 ; no       ; On           ;
; AB16     ;            ; 4A       ; VREFB4AN0                       ; power  ;              ;                     ; --           ;                 ; --       ; --           ;
; AB17     ; 145        ; 4A       ; RESERVED_INPUT_WITH_WEAK_PULLUP ;        ;              ;                     ; Column I/O   ;                 ; no       ; On           ;
; AB18     ; 147        ; 4A       ; RESERVED_INPUT_WITH_WEAK_PULLUP ;        ;              ;                     ; Column I/O   ;                 ; no       ; On           ;
; AB19     ;            ;          ; GND                             ; gnd    ;              ;                     ; --           ;                 ; --       ; --           ;
; AB20     ; 148        ; 4A       ; RESERVED_INPUT_WITH_WEAK_PULLUP ;        ;              ;                     ; Column I/O   ;                 ; no       ; On           ;
; AB21     ; 150        ; 4A       ; RESERVED_INPUT_WITH_WEAK_PULLUP ;        ;              ;                     ; Column I/O   ;                 ; no       ; On           ;
; AB22     ; 161        ; 4A       ; RESERVED_INPUT_WITH_WEAK_PULLUP ;        ;              ;                     ; Column I/O   ;                 ; no       ; On           ;
; B1       ;            ;          ; GND                             ; gnd    ;              ;                     ; --           ;                 ; --       ; --           ;
; B2       ;            ;          ; GND                             ; gnd    ;              ;                     ; --           ;                 ; --       ; --           ;
; B3       ;            ;          ; DNU                             ;        ;              ;                     ; --           ;                 ; --       ; --           ;
; B4       ;            ;          ; DNU                             ;        ;              ;                     ; --           ;                 ; --       ; --           ;
; B5       ; 468        ; 8A       ; RESERVED_INPUT_WITH_WEAK_PULLUP ;        ;              ;                     ; Column I/O   ;                 ; no       ; On           ;
; B6       ; 470        ; 8A       ; RESERVED_INPUT_WITH_WEAK_PULLUP ;        ;              ;                     ; Column I/O   ;                 ; no       ; On           ;
; B7       ; 472        ; 8A       ; RESERVED_INPUT_WITH_WEAK_PULLUP ;        ;              ;                     ; Column I/O   ;                 ; no       ; On           ;
; B8       ;            ; 8A       ; VREFB8AN0                       ; power  ;              ;                     ; --           ;                 ; --       ; --           ;
; B9       ;            ;          ; GND                             ; gnd    ;              ;                     ; --           ;                 ; --       ; --           ;
; B10      ; 465        ; 8A       ; RESERVED_INPUT_WITH_WEAK_PULLUP ;        ;              ;                     ; Column I/O   ;                 ; no       ; On           ;
; B11      ; 452        ; 7A       ; RESERVED_INPUT_WITH_WEAK_PULLUP ;        ;              ;                     ; Column I/O   ;                 ; no       ; On           ;
; B12      ; 442        ; 7A       ; RESERVED_INPUT_WITH_WEAK_PULLUP ;        ;              ;                     ; Column I/O   ;                 ; no       ; On           ;
; B13      ; 430        ; 7A       ; RESERVED_INPUT_WITH_WEAK_PULLUP ;        ;              ;                     ; Column I/O   ;                 ; no       ; On           ;
; B14      ;            ;          ; GND                             ; gnd    ;              ;                     ; --           ;                 ; --       ; --           ;
; B15      ; 427        ; 7A       ; RESERVED_INPUT_WITH_WEAK_PULLUP ;        ;              ;                     ; Column I/O   ;                 ; no       ; On           ;
; B16      ; 406        ; 7A       ; RESERVED_INPUT_WITH_WEAK_PULLUP ;        ;              ;                     ; Column I/O   ;                 ; no       ; On           ;
; B17      ; 384        ; 7A       ; RESERVED_INPUT_WITH_WEAK_PULLUP ;        ;              ;                     ; Column I/O   ;                 ; no       ; On           ;
; B18      ; 382        ; 7A       ; RESERVED_INPUT_WITH_WEAK_PULLUP ;        ;              ;                     ; Column I/O   ;                 ; no       ; On           ;
; B19      ;            ; 7A       ; VCCIO7A                         ; power  ;              ; 2.5V                ; --           ;                 ; --       ; --           ;
; B20      ; 380        ; 7A       ; RESERVED_INPUT_WITH_WEAK_PULLUP ;        ;              ;                     ; Column I/O   ;                 ; no       ; On           ;
; B21      ; 387        ; 7A       ; RESERVED_INPUT_WITH_WEAK_PULLUP ;        ;              ;                     ; Column I/O   ;                 ; no       ; On           ;
; B22      ; 394        ; 7A       ; RESERVED_INPUT_WITH_WEAK_PULLUP ;        ;              ;                     ; Column I/O   ;                 ; no       ; On           ;
; C1       ; 19         ; B1L      ; GND                             ;        ;              ;                     ; --           ;                 ; --       ; --           ;
; C2       ; 18         ; B1L      ; GND                             ;        ;              ;                     ; --           ;                 ; --       ; --           ;
; C3       ;            ;          ; GND                             ; gnd    ;              ;                     ; --           ;                 ; --       ; --           ;
; C4       ;            ;          ; GND                             ; gnd    ;              ;                     ; --           ;                 ; --       ; --           ;
; C5       ; 542        ; 9A       ; ^GND                            ;        ;              ;                     ; --           ;                 ; --       ; --           ;
; C6       ; 474        ; 8A       ; RESERVED_INPUT_WITH_WEAK_PULLUP ;        ;              ;                     ; Column I/O   ;                 ; no       ; On           ;
; C7       ;            ; 8A       ; VCCIO8A                         ; power  ;              ; 2.5V                ; --           ;                 ; --       ; --           ;
; C8       ; 480        ; 8A       ; RESERVED_INPUT_WITH_WEAK_PULLUP ;        ;              ;                     ; Column I/O   ;                 ; no       ; On           ;
; C9       ; 467        ; 8A       ; RESERVED_INPUT_WITH_WEAK_PULLUP ;        ;              ;                     ; Column I/O   ;                 ; no       ; On           ;
; C10      ;            ; 7A, 8A   ; VCCPD7A8A                       ; power  ;              ; 2.5V                ; --           ;                 ; --       ; --           ;
; C11      ; 450        ; 7A       ; RESERVED_INPUT_WITH_WEAK_PULLUP ;        ;              ;                     ; Column I/O   ;                 ; no       ; On           ;
; C12      ;            ; 7A       ; VCCIO7A                         ; power  ;              ; 2.5V                ; --           ;                 ; --       ; --           ;
; C13      ; 443        ; 7A       ; RESERVED_INPUT_WITH_WEAK_PULLUP ;        ;              ;                     ; Column I/O   ;                 ; no       ; On           ;
; C14      ;            ; 7A       ; VREFB7AN0                       ; power  ;              ;                     ; --           ;                 ; --       ; --           ;
; C15      ; 425        ; 7A       ; RESERVED_INPUT_WITH_WEAK_PULLUP ;        ;              ;                     ; Column I/O   ;                 ; no       ; On           ;
; C16      ; 408        ; 7A       ; RESERVED_INPUT_WITH_WEAK_PULLUP ;        ;              ;                     ; Column I/O   ;                 ; no       ; On           ;
; C17      ;            ;          ; GND                             ; gnd    ;              ;                     ; --           ;                 ; --       ; --           ;
; C18      ; 395        ; 7A       ; RESERVED_INPUT_WITH_WEAK_PULLUP ;        ;              ;                     ; Column I/O   ;                 ; no       ; On           ;
; C19      ; 393        ; 7A       ; RESERVED_INPUT_WITH_WEAK_PULLUP ;        ;              ;                     ; Column I/O   ;                 ; no       ; On           ;
; C20      ; 378        ; 7A       ; RESERVED_INPUT_WITH_WEAK_PULLUP ;        ;              ;                     ; Column I/O   ;                 ; no       ; On           ;
; C21      ; 385        ; 7A       ; RESERVED_INPUT_WITH_WEAK_PULLUP ;        ;              ;                     ; Column I/O   ;                 ; no       ; On           ;
; C22      ;            ; 7A       ; VCCIO7A                         ; power  ;              ; 2.5V                ; --           ;                 ; --       ; --           ;
; D1       ;            ;          ; GND                             ; gnd    ;              ;                     ; --           ;                 ; --       ; --           ;
; D2       ;            ;          ; GND                             ; gnd    ;              ;                     ; --           ;                 ; --       ; --           ;
; D3       ; 16         ; B1L      ; GXB_NC                          ;        ;              ;                     ; --           ;                 ; --       ; --           ;
; D4       ; 17         ; B1L      ; GXB_NC                          ;        ;              ;                     ; --           ;                 ; --       ; --           ;
; D5       ;            ;          ; GND                             ; gnd    ;              ;                     ; --           ;                 ; --       ; --           ;
; D6       ; 476        ; 8A       ; RESERVED_INPUT_WITH_WEAK_PULLUP ;        ;              ;                     ; Column I/O   ;                 ; no       ; On           ;
; D7       ; 478        ; 8A       ; RESERVED_INPUT_WITH_WEAK_PULLUP ;        ;              ;                     ; Column I/O   ;                 ; no       ; On           ;
; D8       ;            ; 7A, 8A   ; VCCPD7A8A                       ; power  ;              ; 2.5V                ; --           ;                 ; --       ; --           ;
; D9       ; 479        ; 8A       ; RESERVED_INPUT_WITH_WEAK_PULLUP ;        ;              ;                     ; Column I/O   ;                 ; no       ; On           ;
; D10      ;            ;          ; GND                             ; gnd    ;              ;                     ; --           ;                 ; --       ; --           ;
; D11      ;            ; --       ; VCC_AUX                         ; power  ;              ; 2.5V                ; --           ;                 ; --       ; --           ;
; D12      ; 449        ; 7A       ; RESERVED_INPUT_WITH_WEAK_PULLUP ;        ;              ;                     ; Column I/O   ;                 ; no       ; On           ;
; D13      ; 441        ; 7A       ; RESERVED_INPUT_WITH_WEAK_PULLUP ;        ;              ;                     ; Column I/O   ;                 ; no       ; On           ;
; D14      ;            ; 7A, 8A   ; VCCPD7A8A                       ; power  ;              ; 2.5V                ; --           ;                 ; --       ; --           ;
; D15      ;            ; 7A       ; VCCIO7A                         ; power  ;              ; 2.5V                ; --           ;                 ; --       ; --           ;
; D16      ;            ; 7A, 8A   ; VCCPD7A8A                       ; power  ;              ; 2.5V                ; --           ;                 ; --       ; --           ;
; D17      ; 409        ; 7A       ; RESERVED_INPUT_WITH_WEAK_PULLUP ;        ;              ;                     ; Column I/O   ;                 ; no       ; On           ;
; D18      ;            ; --       ; VCC_AUX                         ; power  ;              ; 2.5V                ; --           ;                 ; --       ; --           ;
; D19      ; 379        ; 7A       ; RESERVED_INPUT_WITH_WEAK_PULLUP ;        ;              ;                     ; Column I/O   ;                 ; no       ; On           ;
; D20      ;            ;          ; GND                             ; gnd    ;              ;                     ; --           ;                 ; --       ; --           ;
; D21      ; 376        ; 7A       ; RESERVED_INPUT_WITH_WEAK_PULLUP ;        ;              ;                     ; Column I/O   ;                 ; no       ; On           ;
; D22      ; 392        ; 7A       ; RESERVED_INPUT_WITH_WEAK_PULLUP ;        ;              ;                     ; Column I/O   ;                 ; no       ; On           ;
; E1       ; 20         ; B1L      ; GXB_NC                          ;        ;              ;                     ; --           ;                 ; --       ; --           ;
; E2       ; 21         ; B1L      ; GXB_NC                          ;        ;              ;                     ; --           ;                 ; --       ; --           ;
; E3       ;            ;          ; GND                             ; gnd    ;              ;                     ; --           ;                 ; --       ; --           ;
; E4       ;            ;          ; GND                             ; gnd    ;              ;                     ; --           ;                 ; --       ; --           ;
; E5       ; 539        ; 9A       ; ^MSEL3                          ;        ;              ;                     ; --           ;                 ; --       ; --           ;
; E6       ;            ; --       ; VCC_AUX                         ; power  ;              ; 2.5V                ; --           ;                 ; --       ; --           ;
; E7       ; 484        ; 8A       ; RESERVED_INPUT_WITH_WEAK_PULLUP ;        ;              ;                     ; Column I/O   ;                 ; no       ; On           ;
; E8       ;            ; 8A       ; VCCIO8A                         ; power  ;              ; 2.5V                ; --           ;                 ; --       ; --           ;
; E9       ; 477        ; 8A       ; RESERVED_INPUT_WITH_WEAK_PULLUP ;        ;              ;                     ; Column I/O   ;                 ; no       ; On           ;
; E10      ; 469        ; 8A       ; RESERVED_INPUT_WITH_WEAK_PULLUP ;        ;              ;                     ; Column I/O   ;                 ; no       ; On           ;
; E11      ;            ; 7A, 8A   ; VCCPD7A8A                       ; power  ;              ; 2.5V                ; --           ;                 ; --       ; --           ;
; E12      ; 451        ; 7A       ; RESERVED_INPUT_WITH_WEAK_PULLUP ;        ;              ;                     ; Column I/O   ;                 ; no       ; On           ;
; E13      ;            ;          ; GND                             ; gnd    ;              ;                     ; --           ;                 ; --       ; --           ;
; E14      ; 433        ; 7A       ; RESERVED_INPUT_WITH_WEAK_PULLUP ;        ;              ;                     ; Column I/O   ;                 ; no       ; On           ;
; E15      ; 417        ; 7A       ; RESERVED_INPUT_WITH_WEAK_PULLUP ;        ;              ;                     ; Column I/O   ;                 ; no       ; On           ;
; E16      ; 411        ; 7A       ; RESERVED_INPUT_WITH_WEAK_PULLUP ;        ;              ;                     ; Column I/O   ;                 ; no       ; On           ;
; E17      ;            ;          ; DNU                             ;        ;              ;                     ; --           ;                 ; --       ; --           ;
; E18      ;            ; 7A       ; VCCIO7A                         ; power  ;              ; 2.5V                ; --           ;                 ; --       ; --           ;
; E19      ; 377        ; 7A       ; RESERVED_INPUT_WITH_WEAK_PULLUP ;        ;              ;                     ; Column I/O   ;                 ; no       ; On           ;
; E20      ; 398        ; 7A       ; RESERVED_INPUT_WITH_WEAK_PULLUP ;        ;              ;                     ; Column I/O   ;                 ; no       ; On           ;
; E21      ; 374        ; 7A       ; RESERVED_INPUT_WITH_WEAK_PULLUP ;        ;              ;                     ; Column I/O   ;                 ; no       ; On           ;
; E22      ; 390        ; 7A       ; RESERVED_INPUT_WITH_WEAK_PULLUP ;        ;              ;                     ; Column I/O   ;                 ; no       ; On           ;
; F1       ;            ;          ; GND                             ; gnd    ;              ;                     ; --           ;                 ; --       ; --           ;
; F2       ;            ;          ; GND                             ; gnd    ;              ;                     ; --           ;                 ; --       ; --           ;
; F3       ; 541        ; 9A       ; ^MSEL4                          ;        ;              ;                     ; --           ;                 ; --       ; --           ;
; F4       ;            ; --       ; VCCA_FPLL                       ; power  ;              ; 2.5V                ; --           ;                 ; --       ; --           ;
; F5       ; 14         ; B1L      ; GND                             ;        ;              ;                     ; Row I/O      ;                 ; --       ; --           ;
; F6       ;            ;          ; GND                             ; gnd    ;              ;                     ; --           ;                 ; --       ; --           ;
; F7       ; 482        ; 8A       ; RESERVED_INPUT_WITH_WEAK_PULLUP ;        ;              ;                     ; Column I/O   ;                 ; no       ; On           ;
; F8       ;            ; --       ; VCCPGM                          ; power  ;              ; 1.8V/2.5V/3.0V/3.3V ; --           ;                 ; --       ; --           ;
; F9       ; 471        ; 8A       ; RESERVED_INPUT_WITH_WEAK_PULLUP ;        ;              ;                     ; Column I/O   ;                 ; no       ; On           ;
; F10      ; 455        ; 8A       ; RESERVED_INPUT_WITH_WEAK_PULLUP ;        ;              ;                     ; Column I/O   ;                 ; no       ; On           ;
; F11      ;            ; 7A       ; VCCIO7A                         ; power  ;              ; 2.5V                ; --           ;                 ; --       ; --           ;
; F12      ; 440        ; 7A       ; RESERVED_INPUT_WITH_WEAK_PULLUP ;        ;              ;                     ; Column I/O   ;                 ; no       ; On           ;
; F13      ; 435        ; 7A       ; RESERVED_INPUT_WITH_WEAK_PULLUP ;        ;              ;                     ; Column I/O   ;                 ; no       ; On           ;
; F14      ; 428        ; 7A       ; RESERVED_INPUT_WITH_WEAK_PULLUP ;        ;              ;                     ; Column I/O   ;                 ; no       ; On           ;
; F15      ; 419        ; 7A       ; RESERVED_INPUT_WITH_WEAK_PULLUP ;        ;              ;                     ; Column I/O   ;                 ; no       ; On           ;
; F16      ;            ;          ; GND                             ; gnd    ;              ;                     ; --           ;                 ; --       ; --           ;
; F17      ; 372        ; 7A       ; ^GND                            ;        ;              ;                     ; --           ;                 ; --       ; --           ;
; F18      ; 399        ; 7A       ; RESERVED_INPUT_WITH_WEAK_PULLUP ;        ;              ;                     ; Column I/O   ;                 ; no       ; On           ;
; F19      ; 397        ; 7A       ; RESERVED_INPUT_WITH_WEAK_PULLUP ;        ;              ;                     ; Column I/O   ;                 ; no       ; On           ;
; F20      ; 400        ; 7A       ; RESERVED_INPUT_WITH_WEAK_PULLUP ;        ;              ;                     ; Column I/O   ;                 ; no       ; On           ;
; F21      ;            ; 7A       ; VCCIO7A                         ; power  ;              ; 2.5V                ; --           ;                 ; --       ; --           ;
; F22      ; 388        ; 7A       ; RESERVED_INPUT_WITH_WEAK_PULLUP ;        ;              ;                     ; Column I/O   ;                 ; no       ; On           ;
; G1       ; 23         ; B1L      ; GND                             ;        ;              ;                     ; --           ;                 ; --       ; --           ;
; G2       ; 22         ; B1L      ; GND                             ;        ;              ;                     ; --           ;                 ; --       ; --           ;
; G3       ;            ;          ; GND                             ; gnd    ;              ;                     ; --           ;                 ; --       ; --           ;
; G4       ; 15         ; B1L      ; GND                             ;        ;              ;                     ; Row I/O      ;                 ; --       ; --           ;
; G5       ; 537        ; 9A       ; ^nCE                            ;        ;              ;                     ; --           ;                 ; --       ; --           ;
; G6       ; 481        ; 8A       ; RESERVED_INPUT_WITH_WEAK_PULLUP ;        ;              ;                     ; Column I/O   ;                 ; no       ; On           ;
; G7       ;            ; 8A       ; VCCIO8A                         ; power  ;              ; 2.5V                ; --           ;                 ; --       ; --           ;
; G8       ; 460        ; 8A       ; RESERVED_INPUT_WITH_WEAK_PULLUP ;        ;              ;                     ; Column I/O   ;                 ; no       ; On           ;
; G9       ;            ;          ; GND                             ; gnd    ;              ;                     ; --           ;                 ; --       ; --           ;
; G10      ; 453        ; 8A       ; RESERVED_INPUT_WITH_WEAK_PULLUP ;        ;              ;                     ; Column I/O   ;                 ; no       ; On           ;
; G11      ; 438        ; 7A       ; RESERVED_INPUT_WITH_WEAK_PULLUP ;        ;              ;                     ; Column I/O   ;                 ; no       ; On           ;
; G12      ; 447        ; 7A       ; RESERVED_INPUT_WITH_WEAK_PULLUP ;        ;              ;                     ; Column I/O   ;                 ; no       ; On           ;
; G13      ; 439        ; 7A       ; RESERVED_INPUT_WITH_WEAK_PULLUP ;        ;              ;                     ; Column I/O   ;                 ; no       ; On           ;
; G14      ;            ; 7A       ; VCCIO7A                         ; power  ;              ; 2.5V                ; --           ;                 ; --       ; --           ;
; G15      ; 426        ; 7A       ; RESERVED_INPUT_WITH_WEAK_PULLUP ;        ;              ;                     ; Column I/O   ;                 ; no       ; On           ;
; G16      ; 412        ; 7A       ; RESERVED_INPUT_WITH_WEAK_PULLUP ;        ;              ;                     ; Column I/O   ;                 ; no       ; On           ;
; G17      ; 410        ; 7A       ; RESERVED_INPUT_WITH_WEAK_PULLUP ;        ;              ;                     ; Column I/O   ;                 ; no       ; On           ;
; G18      ; 413        ; 7A       ; RESERVED_INPUT_WITH_WEAK_PULLUP ;        ;              ;                     ; Column I/O   ;                 ; no       ; On           ;
; G19      ;            ;          ; GND                             ; gnd    ;              ;                     ; --           ;                 ; --       ; --           ;
; G20      ; 389        ; 7A       ; RESERVED_INPUT_WITH_WEAK_PULLUP ;        ;              ;                     ; Column I/O   ;                 ; no       ; On           ;
; G21      ; 375        ; 7A       ; RESERVED_INPUT_WITH_WEAK_PULLUP ;        ;              ;                     ; Column I/O   ;                 ; no       ; On           ;
; G22      ; 386        ; 7A       ; RESERVED_INPUT_WITH_WEAK_PULLUP ;        ;              ;                     ; Column I/O   ;                 ; no       ; On           ;
; H1       ;            ;          ; GND                             ; gnd    ;              ;                     ; --           ;                 ; --       ; --           ;
; H2       ;            ;          ; GND                             ; gnd    ;              ;                     ; --           ;                 ; --       ; --           ;
; H3       ;            ;          ; GND                             ; gnd    ;              ;                     ; --           ;                 ; --       ; --           ;
; H4       ;            ;          ; GND                             ; gnd    ;              ;                     ; --           ;                 ; --       ; --           ;
; H5       ; 536        ; 9A       ; ^nSTATUS                        ;        ;              ;                     ; --           ;                 ; --       ; --           ;
; H6       ; 483        ; 8A       ; RESERVED_INPUT_WITH_WEAK_PULLUP ;        ;              ;                     ; Column I/O   ;                 ; no       ; On           ;
; H7       ;            ;          ; GND                             ; gnd    ;              ;                     ; --           ;                 ; --       ; --           ;
; H8       ; 458        ; 8A       ; RESERVED_INPUT_WITH_WEAK_PULLUP ;        ;              ;                     ; Column I/O   ;                 ; no       ; On           ;
; H9       ; 463        ; 8A       ; RESERVED_INPUT_WITH_WEAK_PULLUP ;        ;              ;                     ; Column I/O   ;                 ; no       ; On           ;
; H10      ; 436        ; 7A       ; RESERVED_INPUT_WITH_WEAK_PULLUP ;        ;              ;                     ; Column I/O   ;                 ; no       ; On           ;
; H11      ; 445        ; 7A       ; RESERVED_INPUT_WITH_WEAK_PULLUP ;        ;              ;                     ; Column I/O   ;                 ; no       ; On           ;
; H12      ;            ;          ; GND                             ; gnd    ;              ;                     ; --           ;                 ; --       ; --           ;
; H13      ; 437        ; 7A       ; RESERVED_INPUT_WITH_WEAK_PULLUP ;        ;              ;                     ; Column I/O   ;                 ; no       ; On           ;
; H14      ; 429        ; 7A       ; RESERVED_INPUT_WITH_WEAK_PULLUP ;        ;              ;                     ; Column I/O   ;                 ; no       ; On           ;
; H15      ; 423        ; 7A       ; RESERVED_INPUT_WITH_WEAK_PULLUP ;        ;              ;                     ; Column I/O   ;                 ; no       ; On           ;
; H16      ; 421        ; 7A       ; RESERVED_INPUT_WITH_WEAK_PULLUP ;        ;              ;                     ; Column I/O   ;                 ; no       ; On           ;
; H17      ;            ; 7A       ; VCCIO7A                         ; power  ;              ; 2.5V                ; --           ;                 ; --       ; --           ;
; H18      ; 415        ; 7A       ; RESERVED_INPUT_WITH_WEAK_PULLUP ;        ;              ;                     ; Column I/O   ;                 ; no       ; On           ;
; H19      ;            ; --       ; VCCA_FPLL                       ; power  ;              ; 2.5V                ; --           ;                 ; --       ; --           ;
; H20      ; 391        ; 7A       ; RESERVED_INPUT_WITH_WEAK_PULLUP ;        ;              ;                     ; Column I/O   ;                 ; no       ; On           ;
; H21      ; 373        ; 7A       ; RESERVED_INPUT_WITH_WEAK_PULLUP ;        ;              ;                     ; Column I/O   ;                 ; no       ; On           ;
; H22      ;            ;          ; GND                             ; gnd    ;              ;                     ; --           ;                 ; --       ; --           ;
; J1       ; 24         ; B1L      ; GXB_NC                          ;        ;              ;                     ; --           ;                 ; --       ; --           ;
; J2       ; 25         ; B1L      ; GXB_NC                          ;        ;              ;                     ; --           ;                 ; --       ; --           ;
; J3       ;            ;          ; GND                             ; gnd    ;              ;                     ; --           ;                 ; --       ; --           ;
; J4       ;            ; --       ; VCCE_GXBL                       ; power  ;              ; 1.1V                ; --           ;                 ; --       ; --           ;
; J5       ;            ;          ; GND                             ; gnd    ;              ;                     ; --           ;                 ; --       ; --           ;
; J6       ; 535        ; 9A       ; ^MSEL1                          ;        ;              ;                     ; --           ;                 ; --       ; --           ;
; J7       ; 457        ; 8A       ; RESERVED_INPUT_WITH_WEAK_PULLUP ;        ;              ;                     ; Column I/O   ;                 ; no       ; On           ;
; J8       ; 459        ; 8A       ; RESERVED_INPUT_WITH_WEAK_PULLUP ;        ;              ;                     ; Column I/O   ;                 ; no       ; On           ;
; J9       ; 461        ; 8A       ; RESERVED_INPUT_WITH_WEAK_PULLUP ;        ;              ;                     ; Column I/O   ;                 ; no       ; On           ;
; J10      ;            ; --       ; VCC                             ; power  ;              ; 1.1V                ; --           ;                 ; --       ; --           ;
; J11      ; 434        ; 7A       ; RESERVED_INPUT_WITH_WEAK_PULLUP ;        ;              ;                     ; Column I/O   ;                 ; no       ; On           ;
; J12      ;            ; --       ; VCC                             ; power  ;              ; 1.1V                ; --           ;                 ; --       ; --           ;
; J13      ; 431        ; 7A       ; RESERVED_INPUT_WITH_WEAK_PULLUP ;        ;              ;                     ; Column I/O   ;                 ; no       ; On           ;
; J14      ;            ; --       ; VCC                             ; power  ;              ; 1.1V                ; --           ;                 ; --       ; --           ;
; J15      ;            ;          ; GND                             ; gnd    ;              ;                     ; --           ;                 ; --       ; --           ;
; J16      ;            ; --       ; VCC                             ; power  ;              ; 1.1V                ; --           ;                 ; --       ; --           ;
; J17      ; 422        ; 7A       ; RESERVED_INPUT_WITH_WEAK_PULLUP ;        ;              ;                     ; Column I/O   ;                 ; no       ; On           ;
; J18      ; 416        ; 7A       ; RESERVED_INPUT_WITH_WEAK_PULLUP ;        ;              ;                     ; Column I/O   ;                 ; no       ; On           ;
; J19      ; 414        ; 7A       ; RESERVED_INPUT_WITH_WEAK_PULLUP ;        ;              ;                     ; Column I/O   ;                 ; no       ; On           ;
; J20      ;            ;          ; GND                             ; gnd    ;              ;                     ; --           ;                 ; --       ; --           ;
; J21      ; 381        ; 7A       ; RESERVED_INPUT_WITH_WEAK_PULLUP ;        ;              ;                     ; Column I/O   ;                 ; no       ; On           ;
; J22      ; 383        ; 7A       ; RESERVED_INPUT_WITH_WEAK_PULLUP ;        ;              ;                     ; Column I/O   ;                 ; no       ; On           ;
; K1       ;            ;          ; GND                             ; gnd    ;              ;                     ; --           ;                 ; --       ; --           ;
; K2       ;            ;          ; GND                             ; gnd    ;              ;                     ; --           ;                 ; --       ; --           ;
; K3       ;            ; --       ; VCCL_GXBL                       ; power  ;              ; 1.1V                ; --           ;                 ; --       ; --           ;
; K4       ;            ;          ; GND                             ; gnd    ;              ;                     ; --           ;                 ; --       ; --           ;
; K5       ;            ; --       ; VCCE_GXBL                       ; power  ;              ; 1.1V                ; --           ;                 ; --       ; --           ;
; K6       ; 534        ; 9A       ; ^CONF_DONE                      ;        ;              ;                     ; --           ;                 ; --       ; --           ;
; K7       ; 456        ; 8A       ; RESERVED_INPUT_WITH_WEAK_PULLUP ;        ;              ;                     ; Column I/O   ;                 ; no       ; On           ;
; K8       ;            ;          ; GND                             ; gnd    ;              ;                     ; --           ;                 ; --       ; --           ;
; K9       ; 448        ; 7A       ; RESERVED_INPUT_WITH_WEAK_PULLUP ;        ;              ;                     ; Column I/O   ;                 ; no       ; On           ;
; K10      ;            ;          ; GND                             ; gnd    ;              ;                     ; --           ;                 ; --       ; --           ;
; K11      ;            ; --       ; VCC                             ; power  ;              ; 1.1V                ; --           ;                 ; --       ; --           ;
; K12      ;            ;          ; GND                             ; gnd    ;              ;                     ; --           ;                 ; --       ; --           ;
; K13      ;            ; --       ; VCC                             ; power  ;              ; 1.1V                ; --           ;                 ; --       ; --           ;
; K14      ;            ;          ; GND                             ; gnd    ;              ;                     ; --           ;                 ; --       ; --           ;
; K15      ;            ; --       ; VCC                             ; power  ;              ; 1.1V                ; --           ;                 ; --       ; --           ;
; K16      ; 424        ; 7A       ; RESERVED_INPUT_WITH_WEAK_PULLUP ;        ;              ;                     ; Column I/O   ;                 ; no       ; On           ;
; K17      ; 284        ; 5B       ; RESERVED_INPUT_WITH_WEAK_PULLUP ;        ;              ;                     ; Row I/O      ;                 ; no       ; On           ;
; K18      ;            ; 5B       ; VCCIO5B                         ; power  ;              ; 2.5V                ; --           ;                 ; --       ; --           ;
; K19      ; 407        ; 7A       ; RESERVED_INPUT_WITH_WEAK_PULLUP ;        ;              ;                     ; Column I/O   ;                 ; no       ; On           ;
; K20      ; 405        ; 7A       ; RESERVED_INPUT_WITH_WEAK_PULLUP ;        ;              ;                     ; Column I/O   ;                 ; no       ; On           ;
; K21      ; 289        ; 5B       ; RESERVED_INPUT_WITH_WEAK_PULLUP ;        ;              ;                     ; Row I/O      ;                 ; no       ; On           ;
; K22      ; 291        ; 5B       ; RESERVED_INPUT_WITH_WEAK_PULLUP ;        ;              ;                     ; Row I/O      ;                 ; no       ; On           ;
; L1       ; 27         ; B1L      ; GND                             ;        ;              ;                     ; --           ;                 ; --       ; --           ;
; L2       ; 26         ; B1L      ; GND                             ;        ;              ;                     ; --           ;                 ; --       ; --           ;
; L3       ;            ;          ; GND                             ; gnd    ;              ;                     ; --           ;                 ; --       ; --           ;
; L4       ;            ; --       ; VCCE_GXBL                       ; power  ;              ; 1.1V                ; --           ;                 ; --       ; --           ;
; L5       ;            ;          ; GND                             ; gnd    ;              ;                     ; --           ;                 ; --       ; --           ;
; L6       ; 533        ; 9A       ; ^MSEL0                          ;        ;              ;                     ; --           ;                 ; --       ; --           ;
; L7       ; 454        ; 8A       ; RESERVED_INPUT_WITH_WEAK_PULLUP ;        ;              ;                     ; Column I/O   ;                 ; no       ; On           ;
; L8       ; 446        ; 7A       ; RESERVED_INPUT_WITH_WEAK_PULLUP ;        ;              ;                     ; Column I/O   ;                 ; no       ; On           ;
; L9       ;            ;          ; DNU                             ;        ;              ;                     ; --           ;                 ; --       ; --           ;
; L10      ;            ; --       ; VCC                             ; power  ;              ; 1.1V                ; --           ;                 ; --       ; --           ;
; L11      ;            ;          ; GND                             ; gnd    ;              ;                     ; --           ;                 ; --       ; --           ;
; L12      ;            ; --       ; VCC                             ; power  ;              ; 1.1V                ; --           ;                 ; --       ; --           ;
; L13      ;            ;          ; GND                             ; gnd    ;              ;                     ; --           ;                 ; --       ; --           ;
; L14      ;            ; --       ; VCC                             ; power  ;              ; 1.1V                ; --           ;                 ; --       ; --           ;
; L15      ;            ;          ; GND                             ; gnd    ;              ;                     ; --           ;                 ; --       ; --           ;
; L16      ;            ; --       ; VCC                             ; power  ;              ; 1.1V                ; --           ;                 ; --       ; --           ;
; L17      ; 286        ; 5B       ; RESERVED_INPUT_WITH_WEAK_PULLUP ;        ;              ;                     ; Row I/O      ;                 ; no       ; On           ;
; L18      ; 290        ; 5B       ; RESERVED_INPUT_WITH_WEAK_PULLUP ;        ;              ;                     ; Row I/O      ;                 ; no       ; On           ;
; L19      ; 288        ; 5B       ; RESERVED_INPUT_WITH_WEAK_PULLUP ;        ;              ;                     ; Row I/O      ;                 ; no       ; On           ;
; L20      ;            ; 5B       ; VREFB5BN0                       ; power  ;              ;                     ; --           ;                 ; --       ; --           ;
; L21      ;            ;          ; GND                             ; gnd    ;              ;                     ; --           ;                 ; --       ; --           ;
; L22      ; 283        ; 5B       ; RESERVED_INPUT_WITH_WEAK_PULLUP ;        ;              ;                     ; Row I/O      ;                 ; no       ; On           ;
; M1       ;            ;          ; GND                             ; gnd    ;              ;                     ; --           ;                 ; --       ; --           ;
; M2       ;            ;          ; GND                             ; gnd    ;              ;                     ; --           ;                 ; --       ; --           ;
; M3       ;            ; --       ; VCCH_GXBL                       ; power  ;              ; 2.5V                ; --           ;                 ; --       ; --           ;
; M4       ;            ;          ; GND                             ; gnd    ;              ;                     ; --           ;                 ; --       ; --           ;
; M5       ; 42         ; 3A       ; #TDO                            ; output ;              ;                     ; --           ;                 ; --       ; --           ;
; M6       ; 64         ; 3A       ; RESERVED_INPUT_WITH_WEAK_PULLUP ;        ;              ;                     ; Column I/O   ;                 ; no       ; On           ;
; M7       ; 66         ; 3A       ; RESERVED_INPUT_WITH_WEAK_PULLUP ;        ;              ;                     ; Column I/O   ;                 ; no       ; On           ;
; M8       ; 112        ; 3B       ; RESERVED_INPUT_WITH_WEAK_PULLUP ;        ;              ;                     ; Column I/O   ;                 ; no       ; On           ;
; M9       ; 114        ; 3B       ; RESERVED_INPUT_WITH_WEAK_PULLUP ;        ;              ;                     ; Column I/O   ;                 ; no       ; On           ;
; M10      ;            ;          ; GND                             ; gnd    ;              ;                     ; --           ;                 ; --       ; --           ;
; M11      ;            ; --       ; VCC                             ; power  ;              ; 1.1V                ; --           ;                 ; --       ; --           ;
; M12      ;            ;          ; GND                             ; gnd    ;              ;                     ; --           ;                 ; --       ; --           ;
; M13      ;            ; --       ; VCC                             ; power  ;              ; 1.1V                ; --           ;                 ; --       ; --           ;
; M14      ;            ;          ; GND                             ; gnd    ;              ;                     ; --           ;                 ; --       ; --           ;
; M15      ;            ; --       ; VCC                             ; power  ;              ; 1.1V                ; --           ;                 ; --       ; --           ;
; M16      ; 278        ; 5B       ; RESERVED_INPUT_WITH_WEAK_PULLUP ;        ;              ;                     ; Row I/O      ;                 ; no       ; On           ;
; M17      ;            ; 5B       ; VCCPD5B                         ; power  ;              ; 2.5V                ; --           ;                 ; --       ; --           ;
; M18      ; 282        ; 5B       ; RESERVED_INPUT_WITH_WEAK_PULLUP ;        ;              ;                     ; Row I/O      ;                 ; no       ; On           ;
; M19      ;            ; 5B       ; VCCIO5B                         ; power  ;              ; 2.5V                ; --           ;                 ; --       ; --           ;
; M20      ; 285        ; 5B       ; RESERVED_INPUT_WITH_WEAK_PULLUP ;        ;              ;                     ; Row I/O      ;                 ; no       ; On           ;
; M21      ; 287        ; 5B       ; RESERVED_INPUT_WITH_WEAK_PULLUP ;        ;              ;                     ; Row I/O      ;                 ; no       ; On           ;
; M22      ; 281        ; 5B       ; RESERVED_INPUT_WITH_WEAK_PULLUP ;        ;              ;                     ; Row I/O      ;                 ; no       ; On           ;
; N1       ; 28         ; B0L      ; GXB_NC                          ;        ;              ;                     ; --           ;                 ; --       ; --           ;
; N2       ; 29         ; B0L      ; GXB_NC                          ;        ;              ;                     ; --           ;                 ; --       ; --           ;
; N3       ;            ;          ; GND                             ; gnd    ;              ;                     ; --           ;                 ; --       ; --           ;
; N4       ;            ; --       ; VCCE_GXBL                       ; power  ;              ; 1.1V                ; --           ;                 ; --       ; --           ;
; N5       ;            ;          ; GND                             ; gnd    ;              ;                     ; --           ;                 ; --       ; --           ;
; N6       ; 58         ; 3A       ; RESERVED_INPUT_WITH_WEAK_PULLUP ;        ;              ;                     ; Column I/O   ;                 ; no       ; On           ;
; N7       ;            ;          ; GND                             ; gnd    ;              ;                     ; --           ;                 ; --       ; --           ;
; N8       ; 106        ; 3B       ; RESERVED_INPUT_WITH_WEAK_PULLUP ;        ;              ;                     ; Column I/O   ;                 ; no       ; On           ;
; N9       ; 130        ; 3B       ; RESERVED_INPUT_WITH_WEAK_PULLUP ;        ;              ;                     ; Column I/O   ;                 ; no       ; On           ;
; N10      ;            ; --       ; VCC                             ; power  ;              ; 1.1V                ; --           ;                 ; --       ; --           ;
; N11      ;            ;          ; GND                             ; gnd    ;              ;                     ; --           ;                 ; --       ; --           ;
; N12      ;            ; --       ; VCC                             ; power  ;              ; 1.1V                ; --           ;                 ; --       ; --           ;
; N13      ;            ;          ; GND                             ; gnd    ;              ;                     ; --           ;                 ; --       ; --           ;
; N14      ;            ; --       ; VCC                             ; power  ;              ; 1.1V                ; --           ;                 ; --       ; --           ;
; N15      ;            ;          ; GND                             ; gnd    ;              ;                     ; --           ;                 ; --       ; --           ;
; N16      ; 276        ; 5B       ; RESERVED_INPUT_WITH_WEAK_PULLUP ;        ;              ;                     ; Row I/O      ;                 ; no       ; On           ;
; N17      ;            ;          ; GND                             ; gnd    ;              ;                     ; --           ;                 ; --       ; --           ;
; N18      ;            ; 5B       ; VCCPD5B                         ; power  ;              ; 2.5V                ; --           ;                 ; --       ; --           ;
; N19      ; 280        ; 5B       ; RESERVED_INPUT_WITH_WEAK_PULLUP ;        ;              ;                     ; Row I/O      ;                 ; no       ; On           ;
; N20      ; 277        ; 5B       ; RESERVED_INPUT_WITH_WEAK_PULLUP ;        ;              ;                     ; Row I/O      ;                 ; no       ; On           ;
; N21      ; 279        ; 5B       ; RESERVED_INPUT_WITH_WEAK_PULLUP ;        ;              ;                     ; Row I/O      ;                 ; no       ; On           ;
; N22      ;            ;          ; GND                             ; gnd    ;              ;                     ; --           ;                 ; --       ; --           ;
; P1       ;            ;          ; GND                             ; gnd    ;              ;                     ; --           ;                 ; --       ; --           ;
; P2       ;            ;          ; GND                             ; gnd    ;              ;                     ; --           ;                 ; --       ; --           ;
; P3       ;            ; --       ; VCCL_GXBL                       ; power  ;              ; 1.1V                ; --           ;                 ; --       ; --           ;
; P4       ;            ;          ; GND                             ; gnd    ;              ;                     ; --           ;                 ; --       ; --           ;
; P5       ; 44         ; 3A       ; #TMS                            ; input  ;              ;                     ; --           ;                 ; --       ; --           ;
; P6       ; 56         ; 3A       ; RESERVED_INPUT_WITH_WEAK_PULLUP ;        ;              ;                     ; Column I/O   ;                 ; no       ; On           ;
; P7       ; 67         ; 3A       ; RESERVED_INPUT_WITH_WEAK_PULLUP ;        ;              ;                     ; Column I/O   ;                 ; no       ; On           ;
; P8       ; 104        ; 3B       ; RESERVED_INPUT_WITH_WEAK_PULLUP ;        ;              ;                     ; Column I/O   ;                 ; no       ; On           ;
; P9       ; 128        ; 3B       ; RESERVED_INPUT_WITH_WEAK_PULLUP ;        ;              ;                     ; Column I/O   ;                 ; no       ; On           ;
; P10      ;            ;          ; GND                             ; gnd    ;              ;                     ; --           ;                 ; --       ; --           ;
; P11      ;            ; --       ; VCC                             ; power  ;              ; 1.1V                ; --           ;                 ; --       ; --           ;
; P12      ; 123        ; 3B       ; RESERVED_INPUT_WITH_WEAK_PULLUP ;        ;              ;                     ; Column I/O   ;                 ; no       ; On           ;
; P13      ;            ; --       ; VCC                             ; power  ;              ; 1.1V                ; --           ;                 ; --       ; --           ;
; P14      ; 168        ; 4A       ; RESERVED_INPUT_WITH_WEAK_PULLUP ;        ;              ;                     ; Column I/O   ;                 ; no       ; On           ;
; P15      ;            ; --       ; VCC                             ; power  ;              ; 1.1V                ; --           ;                 ; --       ; --           ;
; P16      ; 225        ; 5A       ; RESERVED_INPUT_WITH_WEAK_PULLUP ;        ;              ;                     ; Row I/O      ;                 ; no       ; On           ;
; P17      ; 227        ; 5A       ; RESERVED_INPUT_WITH_WEAK_PULLUP ;        ;              ;                     ; Row I/O      ;                 ; no       ; On           ;
; P18      ; 226        ; 5A       ; RESERVED_INPUT_WITH_WEAK_PULLUP ;        ;              ;                     ; Row I/O      ;                 ; no       ; On           ;
; P19      ; 224        ; 5A       ; RESERVED_INPUT_WITH_WEAK_PULLUP ;        ;              ;                     ; Row I/O      ;                 ; no       ; On           ;
; P20      ;            ; 5A       ; VCCIO5A                         ; power  ;              ; 2.5V                ; --           ;                 ; --       ; --           ;
; P21      ;            ; 5A       ; VCCPD5A                         ; power  ;              ; 2.5V                ; --           ;                 ; --       ; --           ;
; P22      ; 222        ; 5A       ; RESERVED_INPUT_WITH_WEAK_PULLUP ;        ;              ;                     ; Row I/O      ;                 ; no       ; On           ;
; R1       ; 31         ; B0L      ; GND                             ;        ;              ;                     ; --           ;                 ; --       ; --           ;
; R2       ; 30         ; B0L      ; GND                             ;        ;              ;                     ; --           ;                 ; --       ; --           ;
; R3       ;            ;          ; GND                             ; gnd    ;              ;                     ; --           ;                 ; --       ; --           ;
; R4       ; 43         ; 3A       ; ^nCSO, DATA4                    ;        ;              ;                     ; Weak Pull Up ;                 ; --       ; On           ;
; R5       ; 54         ; 3A       ; RESERVED_INPUT_WITH_WEAK_PULLUP ;        ;              ;                     ; Column I/O   ;                 ; no       ; On           ;
; R6       ; 52         ; 3A       ; RESERVED_INPUT_WITH_WEAK_PULLUP ;        ;              ;                     ; Column I/O   ;                 ; no       ; On           ;
; R7       ; 65         ; 3A       ; RESERVED_INPUT_WITH_WEAK_PULLUP ;        ;              ;                     ; Column I/O   ;                 ; no       ; On           ;
; R8       ;            ; 3B       ; VCCIO3B                         ; power  ;              ; 2.5V                ; --           ;                 ; --       ; --           ;
; R9       ; 119        ; 3B       ; RESERVED_INPUT_WITH_WEAK_PULLUP ;        ;              ;                     ; Column I/O   ;                 ; no       ; On           ;
; R10      ; 125        ; 3B       ; RESERVED_INPUT_WITH_WEAK_PULLUP ;        ;              ;                     ; Column I/O   ;                 ; no       ; On           ;
; R11      ; 127        ; 3B       ; RESERVED_INPUT_WITH_WEAK_PULLUP ;        ;              ;                     ; Column I/O   ;                 ; no       ; On           ;
; R12      ; 121        ; 3B       ; RESERVED_INPUT_WITH_WEAK_PULLUP ;        ;              ;                     ; Column I/O   ;                 ; no       ; On           ;
; R13      ;            ;          ; GND                             ; gnd    ;              ;                     ; --           ;                 ; --       ; --           ;
; R14      ; 170        ; 4A       ; RESERVED_INPUT_WITH_WEAK_PULLUP ;        ;              ;                     ; Column I/O   ;                 ; no       ; On           ;
; R15      ; 219        ; 5A       ; RESERVED_INPUT_WITH_WEAK_PULLUP ;        ;              ;                     ; Row I/O      ;                 ; no       ; On           ;
; R16      ; 221        ; 5A       ; RESERVED_INPUT_WITH_WEAK_PULLUP ;        ;              ;                     ; Row I/O      ;                 ; no       ; On           ;
; R17      ; 223        ; 5A       ; RESERVED_INPUT_WITH_WEAK_PULLUP ;        ;              ;                     ; Row I/O      ;                 ; no       ; On           ;
; R18      ;            ; 5A       ; VCCIO5A                         ; power  ;              ; 2.5V                ; --           ;                 ; --       ; --           ;
; R19      ;            ; --       ; VCCPGM                          ; power  ;              ; 1.8V/2.5V/3.0V/3.3V ; --           ;                 ; --       ; --           ;
; R20      ;            ; 5A       ; VREFB5AN0                       ; power  ;              ;                     ; --           ;                 ; --       ; --           ;
; R21      ; 220        ; 5A       ; RESERVED_INPUT_WITH_WEAK_PULLUP ;        ;              ;                     ; Row I/O      ;                 ; no       ; On           ;
; R22      ; 218        ; 5A       ; RESERVED_INPUT_WITH_WEAK_PULLUP ;        ;              ;                     ; Row I/O      ;                 ; no       ; On           ;
; T1       ;            ;          ; GND                             ; gnd    ;              ;                     ; --           ;                 ; --       ; --           ;
; T2       ;            ;          ; GND                             ; gnd    ;              ;                     ; --           ;                 ; --       ; --           ;
; T3       ;            ; --       ; VCCH_GXBL                       ; power  ;              ; 2.5V                ; --           ;                 ; --       ; --           ;
; T4       ; 45         ; 3A       ; ^AS_DATA3, DATA3                ;        ;              ;                     ; Weak Pull Up ;                 ; --       ; On           ;
; T5       ;            ; --       ; VCCA_FPLL                       ; power  ;              ; 2.5V                ; --           ;                 ; --       ; --           ;
; T6       ;            ; 3A       ; VCCIO3A                         ; power  ;              ; 2.5V                ; --           ;                 ; --       ; --           ;
; T7       ; 60         ; 3A       ; RESERVED_INPUT_WITH_WEAK_PULLUP ;        ;              ;                     ; Column I/O   ;                 ; no       ; On           ;
; T8       ; 62         ; 3A       ; RESERVED_INPUT_WITH_WEAK_PULLUP ;        ;              ;                     ; Column I/O   ;                 ; no       ; On           ;
; T9       ; 109        ; 3B       ; RESERVED_INPUT_WITH_WEAK_PULLUP ;        ;              ;                     ; Column I/O   ;                 ; no       ; On           ;
; T10      ; 117        ; 3B       ; RESERVED_INPUT_WITH_WEAK_PULLUP ;        ;              ;                     ; Column I/O   ;                 ; no       ; On           ;
; T11      ;            ; 3B       ; VCCIO3B                         ; power  ;              ; 2.5V                ; --           ;                 ; --       ; --           ;
; T12      ; 136        ; 4A       ; RESERVED_INPUT_WITH_WEAK_PULLUP ;        ;              ;                     ; Column I/O   ;                 ; no       ; On           ;
; T13      ; 138        ; 4A       ; RESERVED_INPUT_WITH_WEAK_PULLUP ;        ;              ;                     ; Column I/O   ;                 ; no       ; On           ;
; T14      ; 152        ; 4A       ; RESERVED_INPUT_WITH_WEAK_PULLUP ;        ;              ;                     ; Column I/O   ;                 ; no       ; On           ;
; T15      ; 217        ; 5A       ; RESERVED_INPUT_WITH_WEAK_PULLUP ;        ;              ;                     ; Row I/O      ;                 ; no       ; On           ;
; T16      ;            ;          ; GND                             ; gnd    ;              ;                     ; --           ;                 ; --       ; --           ;
; T17      ; 215        ; 5A       ; RESERVED_INPUT_WITH_WEAK_PULLUP ;        ;              ;                     ; Row I/O      ;                 ; no       ; On           ;
; T18      ; 213        ; 5A       ; RESERVED_INPUT_WITH_WEAK_PULLUP ;        ;              ;                     ; Row I/O      ;                 ; no       ; On           ;
; T19      ; 212        ; 5A       ; RESERVED_INPUT_WITH_WEAK_PULLUP ;        ;              ;                     ; Row I/O      ;                 ; no       ; On           ;
; T20      ; 214        ; 5A       ; RESERVED_INPUT_WITH_WEAK_PULLUP ;        ;              ;                     ; Row I/O      ;                 ; no       ; On           ;
; T21      ;            ;          ; GND                             ; gnd    ;              ;                     ; --           ;                 ; --       ; --           ;
; T22      ; 216        ; 5A       ; RESERVED_INPUT_WITH_WEAK_PULLUP ;        ;              ;                     ; Row I/O      ;                 ; no       ; On           ;
; U1       ; 32         ; B0L      ; GXB_NC                          ;        ;              ;                     ; --           ;                 ; --       ; --           ;
; U2       ; 33         ; B0L      ; GXB_NC                          ;        ;              ;                     ; --           ;                 ; --       ; --           ;
; U3       ;            ;          ; GND                             ; gnd    ;              ;                     ; --           ;                 ; --       ; --           ;
; U4       ; 41         ; B0L      ; GND                             ;        ;              ;                     ; Row I/O      ;                 ; --       ; --           ;
; U5       ;            ;          ; GND                             ; gnd    ;              ;                     ; --           ;                 ; --       ; --           ;
; U6       ; 61         ; 3A       ; RESERVED_INPUT_WITH_WEAK_PULLUP ;        ;              ;                     ; Column I/O   ;                 ; no       ; On           ;
; U7       ; 53         ; 3A       ; RESERVED_INPUT_WITH_WEAK_PULLUP ;        ;              ;                     ; Column I/O   ;                 ; no       ; On           ;
; U8       ; 55         ; 3A       ; RESERVED_INPUT_WITH_WEAK_PULLUP ;        ;              ;                     ; Column I/O   ;                 ; no       ; On           ;
; U9       ;            ;          ; GND                             ; gnd    ;              ;                     ; --           ;                 ; --       ; --           ;
; U10      ; 111        ; 3B       ; RESERVED_INPUT_WITH_WEAK_PULLUP ;        ;              ;                     ; Column I/O   ;                 ; no       ; On           ;
; U11      ; 120        ; 3B       ; RESERVED_INPUT_WITH_WEAK_PULLUP ;        ;              ;                     ; Column I/O   ;                 ; no       ; On           ;
; U12      ; 122        ; 3B       ; RESERVED_INPUT_WITH_WEAK_PULLUP ;        ;              ;                     ; Column I/O   ;                 ; no       ; On           ;
; U13      ; 135        ; 4A       ; RESERVED_INPUT_WITH_WEAK_PULLUP ;        ;              ;                     ; Column I/O   ;                 ; no       ; On           ;
; U14      ;            ; 4A       ; VCCIO4A                         ; power  ;              ; 2.5V                ; --           ;                 ; --       ; --           ;
; U15      ; 154        ; 4A       ; RESERVED_INPUT_WITH_WEAK_PULLUP ;        ;              ;                     ; Column I/O   ;                 ; no       ; On           ;
; U16      ; 176        ; 4A       ; RESERVED_INPUT_WITH_WEAK_PULLUP ;        ;              ;                     ; Column I/O   ;                 ; no       ; On           ;
; U17      ; 178        ; 4A       ; RESERVED_INPUT_WITH_WEAK_PULLUP ;        ;              ;                     ; Column I/O   ;                 ; no       ; On           ;
; U18      ;            ; --       ; VCCA_FPLL                       ; power  ;              ; 2.5V                ; --           ;                 ; --       ; --           ;
; U19      ;            ; 4A       ; VCCIO4A                         ; power  ;              ; 2.5V                ; --           ;                 ; --       ; --           ;
; U20      ; 179        ; 4A       ; RESERVED_INPUT_WITH_WEAK_PULLUP ;        ;              ;                     ; Column I/O   ;                 ; no       ; On           ;
; U21      ; 177        ; 4A       ; RESERVED_INPUT_WITH_WEAK_PULLUP ;        ;              ;                     ; Column I/O   ;                 ; no       ; On           ;
; U22      ; 172        ; 4A       ; RESERVED_INPUT_WITH_WEAK_PULLUP ;        ;              ;                     ; Column I/O   ;                 ; no       ; On           ;
; V1       ;            ;          ; GND                             ; gnd    ;              ;                     ; --           ;                 ; --       ; --           ;
; V2       ;            ;          ; GND                             ; gnd    ;              ;                     ; --           ;                 ; --       ; --           ;
; V3       ; 50         ; 3A       ; ^DCLK                           ;        ;              ;                     ; Weak Pull Up ;                 ; --       ; On           ;
; V4       ; 40         ; B0L      ; GND                             ;        ;              ;                     ; Row I/O      ;                 ; --       ; --           ;
; V5       ; 46         ; 3A       ; #TCK                            ; input  ;              ;                     ; --           ;                 ; --       ; --           ;
; V6       ; 63         ; 3A       ; RESERVED_INPUT_WITH_WEAK_PULLUP ;        ;              ;                     ; Column I/O   ;                 ; no       ; On           ;
; V7       ;            ;          ; GND                             ; gnd    ;              ;                     ; --           ;                 ; --       ; --           ;
; V8       ;            ; --       ; VCCPGM                          ; power  ;              ; 1.8V/2.5V/3.0V/3.3V ; --           ;                 ; --       ; --           ;
; V9       ; 101        ; 3B       ; RESERVED_INPUT_WITH_WEAK_PULLUP ;        ;              ;                     ; Column I/O   ;                 ; no       ; On           ;
; V10      ; 103        ; 3B       ; RESERVED_INPUT_WITH_WEAK_PULLUP ;        ;              ;                     ; Column I/O   ;                 ; no       ; On           ;
; V11      ;            ;          ; DNU                             ;        ;              ;                     ; --           ;                 ; --       ; --           ;
; V12      ;            ;          ; GND                             ; gnd    ;              ;                     ; --           ;                 ; --       ; --           ;
; V13      ; 133        ; 4A       ; RESERVED_INPUT_WITH_WEAK_PULLUP ;        ;              ;                     ; Column I/O   ;                 ; no       ; On           ;
; V14      ; 144        ; 4A       ; RESERVED_INPUT_WITH_WEAK_PULLUP ;        ;              ;                     ; Column I/O   ;                 ; no       ; On           ;
; V15      ; 146        ; 4A       ; RESERVED_INPUT_WITH_WEAK_PULLUP ;        ;              ;                     ; Column I/O   ;                 ; no       ; On           ;
; V16      ; 160        ; 4A       ; RESERVED_INPUT_WITH_WEAK_PULLUP ;        ;              ;                     ; Column I/O   ;                 ; no       ; On           ;
; V17      ;            ;          ; GND                             ; gnd    ;              ;                     ; --           ;                 ; --       ; --           ;
; V18      ; 175        ; 4A       ; RESERVED_INPUT_WITH_WEAK_PULLUP ;        ;              ;                     ; Column I/O   ;                 ; no       ; On           ;
; V19      ; 173        ; 4A       ; RESERVED_INPUT_WITH_WEAK_PULLUP ;        ;              ;                     ; Column I/O   ;                 ; no       ; On           ;
; V20      ; 157        ; 4A       ; RESERVED_INPUT_WITH_WEAK_PULLUP ;        ;              ;                     ; Column I/O   ;                 ; no       ; On           ;
; V21      ; 174        ; 4A       ; RESERVED_INPUT_WITH_WEAK_PULLUP ;        ;              ;                     ; Column I/O   ;                 ; no       ; On           ;
; V22      ;            ;          ; GND                             ; gnd    ;              ;                     ; --           ;                 ; --       ; --           ;
; W1       ; 35         ; B0L      ; GND                             ;        ;              ;                     ; --           ;                 ; --       ; --           ;
; W2       ; 34         ; B0L      ; GND                             ;        ;              ;                     ; --           ;                 ; --       ; --           ;
; W3       ;            ;          ; GND                             ; gnd    ;              ;                     ; --           ;                 ; --       ; --           ;
; W4       ;            ;          ; GND                             ; gnd    ;              ;                     ; --           ;                 ; --       ; --           ;
; W5       ; 48         ; 3A       ; #TDI                            ; input  ;              ;                     ; --           ;                 ; --       ; --           ;
; W6       ;            ; 3A       ; VCCPD3A                         ; power  ;              ; 2.5V                ; --           ;                 ; --       ; --           ;
; W7       ;            ; --       ; VCC_AUX                         ; power  ;              ; 2.5V                ; --           ;                 ; --       ; --           ;
; W8       ; 57         ; 3A       ; RESERVED_INPUT_WITH_WEAK_PULLUP ;        ;              ;                     ; Column I/O   ;                 ; no       ; On           ;
; W9       ; 59         ; 3A       ; RESERVED_INPUT_WITH_WEAK_PULLUP ;        ;              ;                     ; Column I/O   ;                 ; no       ; On           ;
; W10      ;            ; 3B       ; VCCIO3B                         ; power  ;              ; 2.5V                ; --           ;                 ; --       ; --           ;
; W11      ;            ; 3B, 4A   ; VCCPD3B4A                       ; power  ;              ; 2.5V                ; --           ;                 ; --       ; --           ;
; W12      ;            ; 3B, 4A   ; VCCPD3B4A                       ; power  ;              ; 2.5V                ; --           ;                 ; --       ; --           ;
; W13      ;            ; --       ; VCC_AUX                         ; power  ;              ; 2.5V                ; --           ;                 ; --       ; --           ;
; W14      ;            ; 3B, 4A   ; VCCPD3B4A                       ; power  ;              ; 2.5V                ; --           ;                 ; --       ; --           ;
; W15      ;            ; 4A       ; VCCIO4A                         ; power  ;              ; 2.5V                ; --           ;                 ; --       ; --           ;
; W16      ; 162        ; 4A       ; RESERVED_INPUT_WITH_WEAK_PULLUP ;        ;              ;                     ; Column I/O   ;                 ; no       ; On           ;
; W17      ;            ; 3B, 4A   ; VCCPD3B4A                       ; power  ;              ; 2.5V                ; --           ;                 ; --       ; --           ;
; W18      ;            ; --       ; VCC_AUX                         ; power  ;              ; 2.5V                ; --           ;                 ; --       ; --           ;
; W19      ; 159        ; 4A       ; RESERVED_INPUT_WITH_WEAK_PULLUP ;        ;              ;                     ; Column I/O   ;                 ; no       ; On           ;
; W20      ;            ; 4A       ; VCCIO4A                         ; power  ;              ; 2.5V                ; --           ;                 ; --       ; --           ;
; W21      ; 171        ; 4A       ; RESERVED_INPUT_WITH_WEAK_PULLUP ;        ;              ;                     ; Column I/O   ;                 ; no       ; On           ;
; W22      ; 166        ; 4A       ; RESERVED_INPUT_WITH_WEAK_PULLUP ;        ;              ;                     ; Column I/O   ;                 ; no       ; On           ;
; Y1       ;            ;          ; GND                             ; gnd    ;              ;                     ; --           ;                 ; --       ; --           ;
; Y2       ;            ;          ; GND                             ; gnd    ;              ;                     ; --           ;                 ; --       ; --           ;
; Y3       ; 36         ; B0L      ; GXB_NC                          ;        ;              ;                     ; --           ;                 ; --       ; --           ;
; Y4       ; 37         ; B0L      ; GXB_NC                          ;        ;              ;                     ; --           ;                 ; --       ; --           ;
; Y5       ;            ;          ; GND                             ; gnd    ;              ;                     ; --           ;                 ; --       ; --           ;
; Y6       ;            ;          ; DNU                             ;        ;              ;                     ; --           ;                 ; --       ; --           ;
; Y7       ;            ; 3A       ; VREFB3AN0                       ; power  ;              ;                     ; --           ;                 ; --       ; --           ;
; Y8       ;            ; 3A       ; VCCIO3A                         ; power  ;              ; 2.5V                ; --           ;                 ; --       ; --           ;
; Y9       ; 118        ; 3B       ; RESERVED_INPUT_WITH_WEAK_PULLUP ;        ;              ;                     ; Column I/O   ;                 ; no       ; On           ;
; Y10      ; 116        ; 3B       ; RESERVED_INPUT_WITH_WEAK_PULLUP ;        ;              ;                     ; Column I/O   ;                 ; no       ; On           ;
; Y11      ; 129        ; 3B       ; RESERVED_INPUT_WITH_WEAK_PULLUP ;        ;              ;                     ; Column I/O   ;                 ; no       ; On           ;
; Y12      ;            ; 3B       ; VREFB3BN0                       ; power  ;              ;                     ; --           ;                 ; --       ; --           ;
; Y13      ;            ; 3B       ; VCCIO3B                         ; power  ;              ; 2.5V                ; --           ;                 ; --       ; --           ;
; Y14      ; 141        ; 4A       ; RESERVED_INPUT_WITH_WEAK_PULLUP ;        ;              ;                     ; Column I/O   ;                 ; no       ; On           ;
; Y15      ; 143        ; 4A       ; RESERVED_INPUT_WITH_WEAK_PULLUP ;        ;              ;                     ; Column I/O   ;                 ; no       ; On           ;
; Y16      ; 149        ; 4A       ; RESERVED_INPUT_WITH_WEAK_PULLUP ;        ;              ;                     ; Column I/O   ;                 ; no       ; On           ;
; Y17      ; 151        ; 4A       ; RESERVED_INPUT_WITH_WEAK_PULLUP ;        ;              ;                     ; Column I/O   ;                 ; no       ; On           ;
; Y18      ;            ;          ; GND                             ; gnd    ;              ;                     ; --           ;                 ; --       ; --           ;
; Y19      ; 167        ; 4A       ; RESERVED_INPUT_WITH_WEAK_PULLUP ;        ;              ;                     ; Column I/O   ;                 ; no       ; On           ;
; Y20      ; 165        ; 4A       ; RESERVED_INPUT_WITH_WEAK_PULLUP ;        ;              ;                     ; Column I/O   ;                 ; no       ; On           ;
; Y21      ; 169        ; 4A       ; RESERVED_INPUT_WITH_WEAK_PULLUP ;        ;              ;                     ; Column I/O   ;                 ; no       ; On           ;
; Y22      ; 164        ; 4A       ; RESERVED_INPUT_WITH_WEAK_PULLUP ;        ;              ;                     ; Column I/O   ;                 ; no       ; On           ;
+----------+------------+----------+---------------------------------+--------+--------------+---------------------+--------------+-----------------+----------+--------------+
Note: Pin directions (input, output or bidir) are based on device operating in user mode.


+---------------------------------------------------+
; I/O Assignment Warnings                           ;
+-------------------+-------------------------------+
; Pin Name          ; Reason                        ;
+-------------------+-------------------------------+
; keyData[0]        ; Incomplete set of assignments ;
; keyData[1]        ; Incomplete set of assignments ;
; keyData[2]        ; Incomplete set of assignments ;
; keyData[3]        ; Incomplete set of assignments ;
; keyData[4]        ; Incomplete set of assignments ;
; keyData[5]        ; Incomplete set of assignments ;
; keyData[6]        ; Incomplete set of assignments ;
; keyData[7]        ; Incomplete set of assignments ;
; keyData[8]        ; Incomplete set of assignments ;
; keyData[9]        ; Incomplete set of assignments ;
; keyData[10]       ; Incomplete set of assignments ;
; keyData[11]       ; Incomplete set of assignments ;
; keyData[12]       ; Incomplete set of assignments ;
; keyData[13]       ; Incomplete set of assignments ;
; keyData[14]       ; Incomplete set of assignments ;
; keyData[15]       ; Incomplete set of assignments ;
; fromData[0]       ; Incomplete set of assignments ;
; fromData[1]       ; Incomplete set of assignments ;
; fromData[2]       ; Incomplete set of assignments ;
; fromData[3]       ; Incomplete set of assignments ;
; fromData[4]       ; Incomplete set of assignments ;
; fromData[5]       ; Incomplete set of assignments ;
; fromData[6]       ; Incomplete set of assignments ;
; fromData[7]       ; Incomplete set of assignments ;
; fromData[8]       ; Incomplete set of assignments ;
; fromData[9]       ; Incomplete set of assignments ;
; fromData[10]      ; Incomplete set of assignments ;
; fromData[11]      ; Incomplete set of assignments ;
; fromData[12]      ; Incomplete set of assignments ;
; fromData[13]      ; Incomplete set of assignments ;
; fromData[14]      ; Incomplete set of assignments ;
; fromData[15]      ; Incomplete set of assignments ;
; instr[0]          ; Incomplete set of assignments ;
; instr[1]          ; Incomplete set of assignments ;
; instr[2]          ; Incomplete set of assignments ;
; instr[3]          ; Incomplete set of assignments ;
; instr[4]          ; Incomplete set of assignments ;
; instr[5]          ; Incomplete set of assignments ;
; instr[6]          ; Incomplete set of assignments ;
; instr[7]          ; Incomplete set of assignments ;
; instr[8]          ; Incomplete set of assignments ;
; instr[9]          ; Incomplete set of assignments ;
; instr[10]         ; Incomplete set of assignments ;
; instr[11]         ; Incomplete set of assignments ;
; clock2            ; Incomplete set of assignments ;
; printEnable       ; Incomplete set of assignments ;
; keyEnable         ; Incomplete set of assignments ;
; DataWriteFlag     ; Incomplete set of assignments ;
; dataAD[0]         ; Incomplete set of assignments ;
; dataAD[1]         ; Incomplete set of assignments ;
; dataAD[2]         ; Incomplete set of assignments ;
; dataAD[3]         ; Incomplete set of assignments ;
; dataAD[4]         ; Incomplete set of assignments ;
; dataAD[5]         ; Incomplete set of assignments ;
; dataAD[6]         ; Incomplete set of assignments ;
; dataAD[7]         ; Incomplete set of assignments ;
; dataAD[8]         ; Incomplete set of assignments ;
; dataAD[9]         ; Incomplete set of assignments ;
; dataAD[10]        ; Incomplete set of assignments ;
; dataAD[11]        ; Incomplete set of assignments ;
; dataAD[12]        ; Incomplete set of assignments ;
; dataAD[13]        ; Incomplete set of assignments ;
; dataAD[14]        ; Incomplete set of assignments ;
; dataAD[15]        ; Incomplete set of assignments ;
; toData[0]         ; Incomplete set of assignments ;
; toData[1]         ; Incomplete set of assignments ;
; toData[2]         ; Incomplete set of assignments ;
; toData[3]         ; Incomplete set of assignments ;
; toData[4]         ; Incomplete set of assignments ;
; toData[5]         ; Incomplete set of assignments ;
; toData[6]         ; Incomplete set of assignments ;
; toData[7]         ; Incomplete set of assignments ;
; toData[8]         ; Incomplete set of assignments ;
; toData[9]         ; Incomplete set of assignments ;
; toData[10]        ; Incomplete set of assignments ;
; toData[11]        ; Incomplete set of assignments ;
; toData[12]        ; Incomplete set of assignments ;
; toData[13]        ; Incomplete set of assignments ;
; toData[14]        ; Incomplete set of assignments ;
; toData[15]        ; Incomplete set of assignments ;
; printCode[0]      ; Incomplete set of assignments ;
; printCode[1]      ; Incomplete set of assignments ;
; printCode[2]      ; Incomplete set of assignments ;
; printCode[3]      ; Incomplete set of assignments ;
; printCode[4]      ; Incomplete set of assignments ;
; printCode[5]      ; Incomplete set of assignments ;
; printCode[6]      ; Incomplete set of assignments ;
; printCode[7]      ; Incomplete set of assignments ;
; printCode[8]      ; Incomplete set of assignments ;
; printCode[9]      ; Incomplete set of assignments ;
; printCode[10]     ; Incomplete set of assignments ;
; printCode[11]     ; Incomplete set of assignments ;
; printCode[12]     ; Incomplete set of assignments ;
; printCode[13]     ; Incomplete set of assignments ;
; printCode[14]     ; Incomplete set of assignments ;
; printCode[15]     ; Incomplete set of assignments ;
; printData[0]      ; Incomplete set of assignments ;
; printData[1]      ; Incomplete set of assignments ;
; printData[2]      ; Incomplete set of assignments ;
; printData[3]      ; Incomplete set of assignments ;
; printData[4]      ; Incomplete set of assignments ;
; printData[5]      ; Incomplete set of assignments ;
; printData[6]      ; Incomplete set of assignments ;
; printData[7]      ; Incomplete set of assignments ;
; printData[8]      ; Incomplete set of assignments ;
; printData[9]      ; Incomplete set of assignments ;
; printData[10]     ; Incomplete set of assignments ;
; printData[11]     ; Incomplete set of assignments ;
; printData[12]     ; Incomplete set of assignments ;
; printData[13]     ; Incomplete set of assignments ;
; printData[14]     ; Incomplete set of assignments ;
; printData[15]     ; Incomplete set of assignments ;
; regOUT[0]         ; Incomplete set of assignments ;
; regOUT[1]         ; Incomplete set of assignments ;
; regOUT[2]         ; Incomplete set of assignments ;
; regOUT[3]         ; Incomplete set of assignments ;
; regOUT[4]         ; Incomplete set of assignments ;
; regOUT[5]         ; Incomplete set of assignments ;
; regOUT[6]         ; Incomplete set of assignments ;
; regOUT[7]         ; Incomplete set of assignments ;
; regOUT[8]         ; Incomplete set of assignments ;
; regOUT[9]         ; Incomplete set of assignments ;
; regOUT[10]        ; Incomplete set of assignments ;
; regOUT[11]        ; Incomplete set of assignments ;
; regOUT[12]        ; Incomplete set of assignments ;
; regOUT[13]        ; Incomplete set of assignments ;
; regOUT[14]        ; Incomplete set of assignments ;
; regOUT[15]        ; Incomplete set of assignments ;
; regOUT[16]        ; Incomplete set of assignments ;
; regOUT[17]        ; Incomplete set of assignments ;
; regOUT[18]        ; Incomplete set of assignments ;
; regOUT[19]        ; Incomplete set of assignments ;
; regOUT[20]        ; Incomplete set of assignments ;
; regOUT[21]        ; Incomplete set of assignments ;
; regOUT[22]        ; Incomplete set of assignments ;
; regOUT[23]        ; Incomplete set of assignments ;
; regOUT[24]        ; Incomplete set of assignments ;
; regOUT[25]        ; Incomplete set of assignments ;
; regOUT[26]        ; Incomplete set of assignments ;
; regOUT[27]        ; Incomplete set of assignments ;
; regOUT[28]        ; Incomplete set of assignments ;
; regOUT[29]        ; Incomplete set of assignments ;
; regOUT[30]        ; Incomplete set of assignments ;
; regOUT[31]        ; Incomplete set of assignments ;
; regOUT[32]        ; Incomplete set of assignments ;
; regOUT[33]        ; Incomplete set of assignments ;
; regOUT[34]        ; Incomplete set of assignments ;
; regOUT[35]        ; Incomplete set of assignments ;
; regOUT[36]        ; Incomplete set of assignments ;
; regOUT[37]        ; Incomplete set of assignments ;
; regOUT[38]        ; Incomplete set of assignments ;
; regOUT[39]        ; Incomplete set of assignments ;
; regOUT[40]        ; Incomplete set of assignments ;
; regOUT[41]        ; Incomplete set of assignments ;
; regOUT[42]        ; Incomplete set of assignments ;
; regOUT[43]        ; Incomplete set of assignments ;
; regOUT[44]        ; Incomplete set of assignments ;
; regOUT[45]        ; Incomplete set of assignments ;
; regOUT[46]        ; Incomplete set of assignments ;
; regOUT[47]        ; Incomplete set of assignments ;
; regOUT[48]        ; Incomplete set of assignments ;
; regOUT[49]        ; Incomplete set of assignments ;
; regOUT[50]        ; Incomplete set of assignments ;
; regOUT[51]        ; Incomplete set of assignments ;
; regOUT[52]        ; Incomplete set of assignments ;
; regOUT[53]        ; Incomplete set of assignments ;
; regOUT[54]        ; Incomplete set of assignments ;
; regOUT[55]        ; Incomplete set of assignments ;
; regOUT[56]        ; Incomplete set of assignments ;
; regOUT[57]        ; Incomplete set of assignments ;
; regOUT[58]        ; Incomplete set of assignments ;
; regOUT[59]        ; Incomplete set of assignments ;
; regOUT[60]        ; Incomplete set of assignments ;
; regOUT[61]        ; Incomplete set of assignments ;
; regOUT[62]        ; Incomplete set of assignments ;
; regOUT[63]        ; Incomplete set of assignments ;
; regOUT[64]        ; Incomplete set of assignments ;
; regOUT[65]        ; Incomplete set of assignments ;
; regOUT[66]        ; Incomplete set of assignments ;
; regOUT[67]        ; Incomplete set of assignments ;
; regOUT[68]        ; Incomplete set of assignments ;
; regOUT[69]        ; Incomplete set of assignments ;
; regOUT[70]        ; Incomplete set of assignments ;
; regOUT[71]        ; Incomplete set of assignments ;
; regOUT[72]        ; Incomplete set of assignments ;
; regOUT[73]        ; Incomplete set of assignments ;
; regOUT[74]        ; Incomplete set of assignments ;
; regOUT[75]        ; Incomplete set of assignments ;
; regOUT[76]        ; Incomplete set of assignments ;
; regOUT[77]        ; Incomplete set of assignments ;
; regOUT[78]        ; Incomplete set of assignments ;
; regOUT[79]        ; Incomplete set of assignments ;
; regOUT[80]        ; Incomplete set of assignments ;
; regOUT[81]        ; Incomplete set of assignments ;
; regOUT[82]        ; Incomplete set of assignments ;
; regOUT[83]        ; Incomplete set of assignments ;
; regOUT[84]        ; Incomplete set of assignments ;
; regOUT[85]        ; Incomplete set of assignments ;
; regOUT[86]        ; Incomplete set of assignments ;
; regOUT[87]        ; Incomplete set of assignments ;
; regOUT[88]        ; Incomplete set of assignments ;
; regOUT[89]        ; Incomplete set of assignments ;
; regOUT[90]        ; Incomplete set of assignments ;
; regOUT[91]        ; Incomplete set of assignments ;
; regOUT[92]        ; Incomplete set of assignments ;
; regOUT[93]        ; Incomplete set of assignments ;
; regOUT[94]        ; Incomplete set of assignments ;
; regOUT[95]        ; Incomplete set of assignments ;
; regOUT[96]        ; Incomplete set of assignments ;
; regOUT[97]        ; Incomplete set of assignments ;
; regOUT[98]        ; Incomplete set of assignments ;
; regOUT[99]        ; Incomplete set of assignments ;
; regOUT[100]       ; Incomplete set of assignments ;
; regOUT[101]       ; Incomplete set of assignments ;
; regOUT[102]       ; Incomplete set of assignments ;
; regOUT[103]       ; Incomplete set of assignments ;
; regOUT[104]       ; Incomplete set of assignments ;
; regOUT[105]       ; Incomplete set of assignments ;
; regOUT[106]       ; Incomplete set of assignments ;
; regOUT[107]       ; Incomplete set of assignments ;
; regOUT[108]       ; Incomplete set of assignments ;
; regOUT[109]       ; Incomplete set of assignments ;
; regOUT[110]       ; Incomplete set of assignments ;
; regOUT[111]       ; Incomplete set of assignments ;
; regOUT[112]       ; Incomplete set of assignments ;
; regOUT[113]       ; Incomplete set of assignments ;
; regOUT[114]       ; Incomplete set of assignments ;
; regOUT[115]       ; Incomplete set of assignments ;
; regOUT[116]       ; Incomplete set of assignments ;
; regOUT[117]       ; Incomplete set of assignments ;
; regOUT[118]       ; Incomplete set of assignments ;
; regOUT[119]       ; Incomplete set of assignments ;
; regOUT[120]       ; Incomplete set of assignments ;
; regOUT[121]       ; Incomplete set of assignments ;
; regOUT[122]       ; Incomplete set of assignments ;
; regOUT[123]       ; Incomplete set of assignments ;
; regOUT[124]       ; Incomplete set of assignments ;
; regOUT[125]       ; Incomplete set of assignments ;
; regOUT[126]       ; Incomplete set of assignments ;
; regOUT[127]       ; Incomplete set of assignments ;
; regOUT[128]       ; Incomplete set of assignments ;
; regOUT[129]       ; Incomplete set of assignments ;
; regOUT[130]       ; Incomplete set of assignments ;
; regOUT[131]       ; Incomplete set of assignments ;
; regOUT[132]       ; Incomplete set of assignments ;
; regOUT[133]       ; Incomplete set of assignments ;
; regOUT[134]       ; Incomplete set of assignments ;
; regOUT[135]       ; Incomplete set of assignments ;
; regOUT[136]       ; Incomplete set of assignments ;
; regOUT[137]       ; Incomplete set of assignments ;
; regOUT[138]       ; Incomplete set of assignments ;
; regOUT[139]       ; Incomplete set of assignments ;
; regOUT[140]       ; Incomplete set of assignments ;
; regOUT[141]       ; Incomplete set of assignments ;
; regOUT[142]       ; Incomplete set of assignments ;
; regOUT[143]       ; Incomplete set of assignments ;
; instructionAD[0]  ; Incomplete set of assignments ;
; instructionAD[1]  ; Incomplete set of assignments ;
; instructionAD[2]  ; Incomplete set of assignments ;
; instructionAD[3]  ; Incomplete set of assignments ;
; instructionAD[4]  ; Incomplete set of assignments ;
; instructionAD[5]  ; Incomplete set of assignments ;
; instructionAD[6]  ; Incomplete set of assignments ;
; instructionAD[7]  ; Incomplete set of assignments ;
; instructionAD[8]  ; Incomplete set of assignments ;
; instructionAD[9]  ; Incomplete set of assignments ;
; instructionAD[10] ; Incomplete set of assignments ;
; instructionAD[11] ; Incomplete set of assignments ;
; instructionAD[12] ; Incomplete set of assignments ;
; instructionAD[13] ; Incomplete set of assignments ;
; instructionAD[14] ; Incomplete set of assignments ;
; instructionAD[15] ; Incomplete set of assignments ;
; clock             ; Incomplete set of assignments ;
; instr[12]         ; Incomplete set of assignments ;
; instr[13]         ; Incomplete set of assignments ;
; instr[14]         ; Incomplete set of assignments ;
; instr[15]         ; Incomplete set of assignments ;
; keyData[0]        ; Missing location assignment   ;
; keyData[1]        ; Missing location assignment   ;
; keyData[2]        ; Missing location assignment   ;
; keyData[3]        ; Missing location assignment   ;
; keyData[4]        ; Missing location assignment   ;
; keyData[5]        ; Missing location assignment   ;
; keyData[6]        ; Missing location assignment   ;
; keyData[7]        ; Missing location assignment   ;
; keyData[8]        ; Missing location assignment   ;
; keyData[9]        ; Missing location assignment   ;
; keyData[10]       ; Missing location assignment   ;
; keyData[11]       ; Missing location assignment   ;
; keyData[12]       ; Missing location assignment   ;
; keyData[13]       ; Missing location assignment   ;
; keyData[14]       ; Missing location assignment   ;
; keyData[15]       ; Missing location assignment   ;
; fromData[0]       ; Missing location assignment   ;
; fromData[1]       ; Missing location assignment   ;
; fromData[2]       ; Missing location assignment   ;
; fromData[3]       ; Missing location assignment   ;
; fromData[4]       ; Missing location assignment   ;
; fromData[5]       ; Missing location assignment   ;
; fromData[6]       ; Missing location assignment   ;
; fromData[7]       ; Missing location assignment   ;
; fromData[8]       ; Missing location assignment   ;
; fromData[9]       ; Missing location assignment   ;
; fromData[10]      ; Missing location assignment   ;
; fromData[11]      ; Missing location assignment   ;
; fromData[12]      ; Missing location assignment   ;
; fromData[13]      ; Missing location assignment   ;
; fromData[14]      ; Missing location assignment   ;
; fromData[15]      ; Missing location assignment   ;
; instr[0]          ; Missing location assignment   ;
; instr[1]          ; Missing location assignment   ;
; instr[2]          ; Missing location assignment   ;
; instr[3]          ; Missing location assignment   ;
; instr[4]          ; Missing location assignment   ;
; instr[5]          ; Missing location assignment   ;
; instr[6]          ; Missing location assignment   ;
; instr[7]          ; Missing location assignment   ;
; instr[8]          ; Missing location assignment   ;
; instr[9]          ; Missing location assignment   ;
; instr[10]         ; Missing location assignment   ;
; instr[11]         ; Missing location assignment   ;
; clock2            ; Missing location assignment   ;
; printEnable       ; Missing location assignment   ;
; keyEnable         ; Missing location assignment   ;
; DataWriteFlag     ; Missing location assignment   ;
; dataAD[0]         ; Missing location assignment   ;
; dataAD[1]         ; Missing location assignment   ;
; dataAD[2]         ; Missing location assignment   ;
; dataAD[3]         ; Missing location assignment   ;
; dataAD[4]         ; Missing location assignment   ;
; dataAD[5]         ; Missing location assignment   ;
; dataAD[6]         ; Missing location assignment   ;
; dataAD[7]         ; Missing location assignment   ;
; dataAD[8]         ; Missing location assignment   ;
; dataAD[9]         ; Missing location assignment   ;
; dataAD[10]        ; Missing location assignment   ;
; dataAD[11]        ; Missing location assignment   ;
; dataAD[12]        ; Missing location assignment   ;
; dataAD[13]        ; Missing location assignment   ;
; dataAD[14]        ; Missing location assignment   ;
; dataAD[15]        ; Missing location assignment   ;
; toData[0]         ; Missing location assignment   ;
; toData[1]         ; Missing location assignment   ;
; toData[2]         ; Missing location assignment   ;
; toData[3]         ; Missing location assignment   ;
; toData[4]         ; Missing location assignment   ;
; toData[5]         ; Missing location assignment   ;
; toData[6]         ; Missing location assignment   ;
; toData[7]         ; Missing location assignment   ;
; toData[8]         ; Missing location assignment   ;
; toData[9]         ; Missing location assignment   ;
; toData[10]        ; Missing location assignment   ;
; toData[11]        ; Missing location assignment   ;
; toData[12]        ; Missing location assignment   ;
; toData[13]        ; Missing location assignment   ;
; toData[14]        ; Missing location assignment   ;
; toData[15]        ; Missing location assignment   ;
; printCode[0]      ; Missing location assignment   ;
; printCode[1]      ; Missing location assignment   ;
; printCode[2]      ; Missing location assignment   ;
; printCode[3]      ; Missing location assignment   ;
; printCode[4]      ; Missing location assignment   ;
; printCode[5]      ; Missing location assignment   ;
; printCode[6]      ; Missing location assignment   ;
; printCode[7]      ; Missing location assignment   ;
; printCode[8]      ; Missing location assignment   ;
; printCode[9]      ; Missing location assignment   ;
; printCode[10]     ; Missing location assignment   ;
; printCode[11]     ; Missing location assignment   ;
; printCode[12]     ; Missing location assignment   ;
; printCode[13]     ; Missing location assignment   ;
; printCode[14]     ; Missing location assignment   ;
; printCode[15]     ; Missing location assignment   ;
; printData[0]      ; Missing location assignment   ;
; printData[1]      ; Missing location assignment   ;
; printData[2]      ; Missing location assignment   ;
; printData[3]      ; Missing location assignment   ;
; printData[4]      ; Missing location assignment   ;
; printData[5]      ; Missing location assignment   ;
; printData[6]      ; Missing location assignment   ;
; printData[7]      ; Missing location assignment   ;
; printData[8]      ; Missing location assignment   ;
; printData[9]      ; Missing location assignment   ;
; printData[10]     ; Missing location assignment   ;
; printData[11]     ; Missing location assignment   ;
; printData[12]     ; Missing location assignment   ;
; printData[13]     ; Missing location assignment   ;
; printData[14]     ; Missing location assignment   ;
; printData[15]     ; Missing location assignment   ;
; regOUT[0]         ; Missing location assignment   ;
; regOUT[1]         ; Missing location assignment   ;
; regOUT[2]         ; Missing location assignment   ;
; regOUT[3]         ; Missing location assignment   ;
; regOUT[4]         ; Missing location assignment   ;
; regOUT[5]         ; Missing location assignment   ;
; regOUT[6]         ; Missing location assignment   ;
; regOUT[7]         ; Missing location assignment   ;
; regOUT[8]         ; Missing location assignment   ;
; regOUT[9]         ; Missing location assignment   ;
; regOUT[10]        ; Missing location assignment   ;
; regOUT[11]        ; Missing location assignment   ;
; regOUT[12]        ; Missing location assignment   ;
; regOUT[13]        ; Missing location assignment   ;
; regOUT[14]        ; Missing location assignment   ;
; regOUT[15]        ; Missing location assignment   ;
; regOUT[16]        ; Missing location assignment   ;
; regOUT[17]        ; Missing location assignment   ;
; regOUT[18]        ; Missing location assignment   ;
; regOUT[19]        ; Missing location assignment   ;
; regOUT[20]        ; Missing location assignment   ;
; regOUT[21]        ; Missing location assignment   ;
; regOUT[22]        ; Missing location assignment   ;
; regOUT[23]        ; Missing location assignment   ;
; regOUT[24]        ; Missing location assignment   ;
; regOUT[25]        ; Missing location assignment   ;
; regOUT[26]        ; Missing location assignment   ;
; regOUT[27]        ; Missing location assignment   ;
; regOUT[28]        ; Missing location assignment   ;
; regOUT[29]        ; Missing location assignment   ;
; regOUT[30]        ; Missing location assignment   ;
; regOUT[31]        ; Missing location assignment   ;
; regOUT[32]        ; Missing location assignment   ;
; regOUT[33]        ; Missing location assignment   ;
; regOUT[34]        ; Missing location assignment   ;
; regOUT[35]        ; Missing location assignment   ;
; regOUT[36]        ; Missing location assignment   ;
; regOUT[37]        ; Missing location assignment   ;
; regOUT[38]        ; Missing location assignment   ;
; regOUT[39]        ; Missing location assignment   ;
; regOUT[40]        ; Missing location assignment   ;
; regOUT[41]        ; Missing location assignment   ;
; regOUT[42]        ; Missing location assignment   ;
; regOUT[43]        ; Missing location assignment   ;
; regOUT[44]        ; Missing location assignment   ;
; regOUT[45]        ; Missing location assignment   ;
; regOUT[46]        ; Missing location assignment   ;
; regOUT[47]        ; Missing location assignment   ;
; regOUT[48]        ; Missing location assignment   ;
; regOUT[49]        ; Missing location assignment   ;
; regOUT[50]        ; Missing location assignment   ;
; regOUT[51]        ; Missing location assignment   ;
; regOUT[52]        ; Missing location assignment   ;
; regOUT[53]        ; Missing location assignment   ;
; regOUT[54]        ; Missing location assignment   ;
; regOUT[55]        ; Missing location assignment   ;
; regOUT[56]        ; Missing location assignment   ;
; regOUT[57]        ; Missing location assignment   ;
; regOUT[58]        ; Missing location assignment   ;
; regOUT[59]        ; Missing location assignment   ;
; regOUT[60]        ; Missing location assignment   ;
; regOUT[61]        ; Missing location assignment   ;
; regOUT[62]        ; Missing location assignment   ;
; regOUT[63]        ; Missing location assignment   ;
; regOUT[64]        ; Missing location assignment   ;
; regOUT[65]        ; Missing location assignment   ;
; regOUT[66]        ; Missing location assignment   ;
; regOUT[67]        ; Missing location assignment   ;
; regOUT[68]        ; Missing location assignment   ;
; regOUT[69]        ; Missing location assignment   ;
; regOUT[70]        ; Missing location assignment   ;
; regOUT[71]        ; Missing location assignment   ;
; regOUT[72]        ; Missing location assignment   ;
; regOUT[73]        ; Missing location assignment   ;
; regOUT[74]        ; Missing location assignment   ;
; regOUT[75]        ; Missing location assignment   ;
; regOUT[76]        ; Missing location assignment   ;
; regOUT[77]        ; Missing location assignment   ;
; regOUT[78]        ; Missing location assignment   ;
; regOUT[79]        ; Missing location assignment   ;
; regOUT[80]        ; Missing location assignment   ;
; regOUT[81]        ; Missing location assignment   ;
; regOUT[82]        ; Missing location assignment   ;
; regOUT[83]        ; Missing location assignment   ;
; regOUT[84]        ; Missing location assignment   ;
; regOUT[85]        ; Missing location assignment   ;
; regOUT[86]        ; Missing location assignment   ;
; regOUT[87]        ; Missing location assignment   ;
; regOUT[88]        ; Missing location assignment   ;
; regOUT[89]        ; Missing location assignment   ;
; regOUT[90]        ; Missing location assignment   ;
; regOUT[91]        ; Missing location assignment   ;
; regOUT[92]        ; Missing location assignment   ;
; regOUT[93]        ; Missing location assignment   ;
; regOUT[94]        ; Missing location assignment   ;
; regOUT[95]        ; Missing location assignment   ;
; regOUT[96]        ; Missing location assignment   ;
; regOUT[97]        ; Missing location assignment   ;
; regOUT[98]        ; Missing location assignment   ;
; regOUT[99]        ; Missing location assignment   ;
; regOUT[100]       ; Missing location assignment   ;
; regOUT[101]       ; Missing location assignment   ;
; regOUT[102]       ; Missing location assignment   ;
; regOUT[103]       ; Missing location assignment   ;
; regOUT[104]       ; Missing location assignment   ;
; regOUT[105]       ; Missing location assignment   ;
; regOUT[106]       ; Missing location assignment   ;
; regOUT[107]       ; Missing location assignment   ;
; regOUT[108]       ; Missing location assignment   ;
; regOUT[109]       ; Missing location assignment   ;
; regOUT[110]       ; Missing location assignment   ;
; regOUT[111]       ; Missing location assignment   ;
; regOUT[112]       ; Missing location assignment   ;
; regOUT[113]       ; Missing location assignment   ;
; regOUT[114]       ; Missing location assignment   ;
; regOUT[115]       ; Missing location assignment   ;
; regOUT[116]       ; Missing location assignment   ;
; regOUT[117]       ; Missing location assignment   ;
; regOUT[118]       ; Missing location assignment   ;
; regOUT[119]       ; Missing location assignment   ;
; regOUT[120]       ; Missing location assignment   ;
; regOUT[121]       ; Missing location assignment   ;
; regOUT[122]       ; Missing location assignment   ;
; regOUT[123]       ; Missing location assignment   ;
; regOUT[124]       ; Missing location assignment   ;
; regOUT[125]       ; Missing location assignment   ;
; regOUT[126]       ; Missing location assignment   ;
; regOUT[127]       ; Missing location assignment   ;
; regOUT[128]       ; Missing location assignment   ;
; regOUT[129]       ; Missing location assignment   ;
; regOUT[130]       ; Missing location assignment   ;
; regOUT[131]       ; Missing location assignment   ;
; regOUT[132]       ; Missing location assignment   ;
; regOUT[133]       ; Missing location assignment   ;
; regOUT[134]       ; Missing location assignment   ;
; regOUT[135]       ; Missing location assignment   ;
; regOUT[136]       ; Missing location assignment   ;
; regOUT[137]       ; Missing location assignment   ;
; regOUT[138]       ; Missing location assignment   ;
; regOUT[139]       ; Missing location assignment   ;
; regOUT[140]       ; Missing location assignment   ;
; regOUT[141]       ; Missing location assignment   ;
; regOUT[142]       ; Missing location assignment   ;
; regOUT[143]       ; Missing location assignment   ;
; instructionAD[0]  ; Missing location assignment   ;
; instructionAD[1]  ; Missing location assignment   ;
; instructionAD[2]  ; Missing location assignment   ;
; instructionAD[3]  ; Missing location assignment   ;
; instructionAD[4]  ; Missing location assignment   ;
; instructionAD[5]  ; Missing location assignment   ;
; instructionAD[6]  ; Missing location assignment   ;
; instructionAD[7]  ; Missing location assignment   ;
; instructionAD[8]  ; Missing location assignment   ;
; instructionAD[9]  ; Missing location assignment   ;
; instructionAD[10] ; Missing location assignment   ;
; instructionAD[11] ; Missing location assignment   ;
; instructionAD[12] ; Missing location assignment   ;
; instructionAD[13] ; Missing location assignment   ;
; instructionAD[14] ; Missing location assignment   ;
; instructionAD[15] ; Missing location assignment   ;
; clock             ; Missing location assignment   ;
; instr[12]         ; Missing location assignment   ;
; instr[13]         ; Missing location assignment   ;
; instr[14]         ; Missing location assignment   ;
; instr[15]         ; Missing location assignment   ;
+-------------------+-------------------------------+


+---------------------------------------------------------------------------------------------------------------------------------------------------------------------------------------------------------------------------------------------------------------------------------------------------------------------------------------------------------------------------------------------------------------------------------------------+
; Fitter Resource Utilization by Entity                                                                                                                                                                                                                                                                                                                                                                                                       ;
+------------------------------------------+----------------------+----------------------------------+---------------------------------------------------+----------------------------------+----------------------+---------------------+---------------------------+---------------+-------------------+------------+------+--------------+----------------------------------------------------------------+-----------------+--------------+
; Compilation Hierarchy Node               ; ALMs needed [=A-B+C] ; [A] ALMs used in final placement ; [B] Estimate of ALMs recoverable by dense packing ; [C] Estimate of ALMs unavailable ; ALMs used for memory ; Combinational ALUTs ; Dedicated Logic Registers ; I/O Registers ; Block Memory Bits ; DSP Blocks ; Pins ; Virtual Pins ; Full Hierarchy Name                                            ; Entity Name     ; Library Name ;
+------------------------------------------+----------------------+----------------------------------+---------------------------------------------------+----------------------------------+----------------------+---------------------+---------------------------+---------------+-------------------+------------+------+--------------+----------------------------------------------------------------+-----------------+--------------+
; |Processor                               ; 17.5 (0.5)           ; 17.5 (0.5)                       ; 0.0 (0.0)                                         ; 0.0 (0.0)                        ; 0.0 (0.0)            ; 34 (1)              ; 16 (0)                    ; 0 (0)         ; 0                 ; 0          ; 277  ; 0            ; |Processor                                                     ; Processor       ; work         ;
;    |MyRegister16bit:PC|                  ; 4.2 (0.0)            ; 4.2 (0.0)                        ; 0.0 (0.0)                                         ; 0.0 (0.0)                        ; 0.0 (0.0)            ; 0 (0)               ; 16 (0)                    ; 0 (0)         ; 0                 ; 0          ; 0    ; 0            ; |Processor|MyRegister16bit:PC                                  ; MyRegister16bit ; work         ;
;       |flipflopR_1:\gen_register:0:vff|  ; 0.3 (0.3)            ; 0.3 (0.3)                        ; 0.0 (0.0)                                         ; 0.0 (0.0)                        ; 0.0 (0.0)            ; 0 (0)               ; 1 (1)                     ; 0 (0)         ; 0                 ; 0          ; 0    ; 0            ; |Processor|MyRegister16bit:PC|flipflopR_1:\gen_register:0:vff  ; flipflopR_1     ; work         ;
;       |flipflopR_1:\gen_register:10:vff| ; 0.3 (0.3)            ; 0.3 (0.3)                        ; 0.0 (0.0)                                         ; 0.0 (0.0)                        ; 0.0 (0.0)            ; 0 (0)               ; 1 (1)                     ; 0 (0)         ; 0                 ; 0          ; 0    ; 0            ; |Processor|MyRegister16bit:PC|flipflopR_1:\gen_register:10:vff ; flipflopR_1     ; work         ;
;       |flipflopR_1:\gen_register:11:vff| ; 0.3 (0.3)            ; 0.3 (0.3)                        ; 0.0 (0.0)                                         ; 0.0 (0.0)                        ; 0.0 (0.0)            ; 0 (0)               ; 1 (1)                     ; 0 (0)         ; 0                 ; 0          ; 0    ; 0            ; |Processor|MyRegister16bit:PC|flipflopR_1:\gen_register:11:vff ; flipflopR_1     ; work         ;
;       |flipflopR_1:\gen_register:12:vff| ; 0.3 (0.3)            ; 0.3 (0.3)                        ; 0.0 (0.0)                                         ; 0.0 (0.0)                        ; 0.0 (0.0)            ; 0 (0)               ; 1 (1)                     ; 0 (0)         ; 0                 ; 0          ; 0    ; 0            ; |Processor|MyRegister16bit:PC|flipflopR_1:\gen_register:12:vff ; flipflopR_1     ; work         ;
;       |flipflopR_1:\gen_register:13:vff| ; 0.3 (0.3)            ; 0.3 (0.3)                        ; 0.0 (0.0)                                         ; 0.0 (0.0)                        ; 0.0 (0.0)            ; 0 (0)               ; 1 (1)                     ; 0 (0)         ; 0                 ; 0          ; 0    ; 0            ; |Processor|MyRegister16bit:PC|flipflopR_1:\gen_register:13:vff ; flipflopR_1     ; work         ;
;       |flipflopR_1:\gen_register:14:vff| ; 0.3 (0.3)            ; 0.3 (0.3)                        ; 0.0 (0.0)                                         ; 0.0 (0.0)                        ; 0.0 (0.0)            ; 0 (0)               ; 1 (1)                     ; 0 (0)         ; 0                 ; 0          ; 0    ; 0            ; |Processor|MyRegister16bit:PC|flipflopR_1:\gen_register:14:vff ; flipflopR_1     ; work         ;
;       |flipflopR_1:\gen_register:15:vff| ; 0.3 (0.3)            ; 0.3 (0.3)                        ; 0.0 (0.0)                                         ; 0.0 (0.0)                        ; 0.0 (0.0)            ; 0 (0)               ; 1 (1)                     ; 0 (0)         ; 0                 ; 0          ; 0    ; 0            ; |Processor|MyRegister16bit:PC|flipflopR_1:\gen_register:15:vff ; flipflopR_1     ; work         ;
;       |flipflopR_1:\gen_register:1:vff|  ; 0.3 (0.3)            ; 0.3 (0.3)                        ; 0.0 (0.0)                                         ; 0.0 (0.0)                        ; 0.0 (0.0)            ; 0 (0)               ; 1 (1)                     ; 0 (0)         ; 0                 ; 0          ; 0    ; 0            ; |Processor|MyRegister16bit:PC|flipflopR_1:\gen_register:1:vff  ; flipflopR_1     ; work         ;
;       |flipflopR_1:\gen_register:2:vff|  ; 0.3 (0.3)            ; 0.3 (0.3)                        ; 0.0 (0.0)                                         ; 0.0 (0.0)                        ; 0.0 (0.0)            ; 0 (0)               ; 1 (1)                     ; 0 (0)         ; 0                 ; 0          ; 0    ; 0            ; |Processor|MyRegister16bit:PC|flipflopR_1:\gen_register:2:vff  ; flipflopR_1     ; work         ;
;       |flipflopR_1:\gen_register:3:vff|  ; 0.3 (0.3)            ; 0.3 (0.3)                        ; 0.0 (0.0)                                         ; 0.0 (0.0)                        ; 0.0 (0.0)            ; 0 (0)               ; 1 (1)                     ; 0 (0)         ; 0                 ; 0          ; 0    ; 0            ; |Processor|MyRegister16bit:PC|flipflopR_1:\gen_register:3:vff  ; flipflopR_1     ; work         ;
;       |flipflopR_1:\gen_register:4:vff|  ; 0.3 (0.3)            ; 0.3 (0.3)                        ; 0.0 (0.0)                                         ; 0.0 (0.0)                        ; 0.0 (0.0)            ; 0 (0)               ; 1 (1)                     ; 0 (0)         ; 0                 ; 0          ; 0    ; 0            ; |Processor|MyRegister16bit:PC|flipflopR_1:\gen_register:4:vff  ; flipflopR_1     ; work         ;
;       |flipflopR_1:\gen_register:5:vff|  ; 0.3 (0.3)            ; 0.3 (0.3)                        ; 0.0 (0.0)                                         ; 0.0 (0.0)                        ; 0.0 (0.0)            ; 0 (0)               ; 1 (1)                     ; 0 (0)         ; 0                 ; 0          ; 0    ; 0            ; |Processor|MyRegister16bit:PC|flipflopR_1:\gen_register:5:vff  ; flipflopR_1     ; work         ;
;       |flipflopR_1:\gen_register:6:vff|  ; 0.3 (0.3)            ; 0.3 (0.3)                        ; 0.0 (0.0)                                         ; 0.0 (0.0)                        ; 0.0 (0.0)            ; 0 (0)               ; 1 (1)                     ; 0 (0)         ; 0                 ; 0          ; 0    ; 0            ; |Processor|MyRegister16bit:PC|flipflopR_1:\gen_register:6:vff  ; flipflopR_1     ; work         ;
;       |flipflopR_1:\gen_register:7:vff|  ; 0.3 (0.3)            ; 0.3 (0.3)                        ; 0.0 (0.0)                                         ; 0.0 (0.0)                        ; 0.0 (0.0)            ; 0 (0)               ; 1 (1)                     ; 0 (0)         ; 0                 ; 0          ; 0    ; 0            ; |Processor|MyRegister16bit:PC|flipflopR_1:\gen_register:7:vff  ; flipflopR_1     ; work         ;
;       |flipflopR_1:\gen_register:8:vff|  ; 0.3 (0.3)            ; 0.3 (0.3)                        ; 0.0 (0.0)                                         ; 0.0 (0.0)                        ; 0.0 (0.0)            ; 0 (0)               ; 1 (1)                     ; 0 (0)         ; 0                 ; 0          ; 0    ; 0            ; |Processor|MyRegister16bit:PC|flipflopR_1:\gen_register:8:vff  ; flipflopR_1     ; work         ;
;       |flipflopR_1:\gen_register:9:vff|  ; 0.3 (0.3)            ; 0.3 (0.3)                        ; 0.0 (0.0)                                         ; 0.0 (0.0)                        ; 0.0 (0.0)            ; 0 (0)               ; 1 (1)                     ; 0 (0)         ; 0                 ; 0          ; 0    ; 0            ; |Processor|MyRegister16bit:PC|flipflopR_1:\gen_register:9:vff  ; flipflopR_1     ; work         ;
;    |register_IF_ID:IFIDREG|              ; 12.5 (12.5)          ; 12.5 (12.5)                      ; 0.0 (0.0)                                         ; 0.0 (0.0)                        ; 0.0 (0.0)            ; 32 (32)             ; 0 (0)                     ; 0 (0)         ; 0                 ; 0          ; 0    ; 0            ; |Processor|register_IF_ID:IFIDREG                              ; register_IF_ID  ; work         ;
;    |trapUnit:Trap|                       ; 0.3 (0.3)            ; 0.3 (0.3)                        ; 0.0 (0.0)                                         ; 0.0 (0.0)                        ; 0.0 (0.0)            ; 1 (1)               ; 0 (0)                     ; 0 (0)         ; 0                 ; 0          ; 0    ; 0            ; |Processor|trapUnit:Trap                                       ; trapUnit        ; work         ;
+------------------------------------------+----------------------+----------------------------------+---------------------------------------------------+----------------------------------+----------------------+---------------------+---------------------------+---------------+-------------------+------------+------+--------------+----------------------------------------------------------------+-----------------+--------------+
Note: For table entries with two numbers listed, the numbers in parentheses indicate the number of resources of the given type used by the specific entity alone. The numbers listed outside of parentheses indicate the total resources of the given type used by the specific entity and all of its sub-entities in the hierarchy.


+--------------------------------------------------------------------------------------------------------------------------------+
; Delay Chain Summary                                                                                                            ;
+-------------------+----------+----+------+------+----+----+-------+--------+------------------------+--------------------------+
; Name              ; Pin Type ; D1 ; D3_0 ; D3_1 ; D4 ; D5 ; D5 OE ; D5 OCT ; T11 (Postamble Gating) ; T11 (Postamble Ungating) ;
+-------------------+----------+----+------+------+----+----+-------+--------+------------------------+--------------------------+
; keyData[0]        ; Input    ; -- ; --   ; --   ; -- ; -- ; --    ; --     ; --                     ; --                       ;
; keyData[1]        ; Input    ; -- ; --   ; --   ; -- ; -- ; --    ; --     ; --                     ; --                       ;
; keyData[2]        ; Input    ; -- ; --   ; --   ; -- ; -- ; --    ; --     ; --                     ; --                       ;
; keyData[3]        ; Input    ; -- ; --   ; --   ; -- ; -- ; --    ; --     ; --                     ; --                       ;
; keyData[4]        ; Input    ; -- ; --   ; --   ; -- ; -- ; --    ; --     ; --                     ; --                       ;
; keyData[5]        ; Input    ; -- ; --   ; --   ; -- ; -- ; --    ; --     ; --                     ; --                       ;
; keyData[6]        ; Input    ; -- ; --   ; --   ; -- ; -- ; --    ; --     ; --                     ; --                       ;
; keyData[7]        ; Input    ; -- ; --   ; --   ; -- ; -- ; --    ; --     ; --                     ; --                       ;
; keyData[8]        ; Input    ; -- ; --   ; --   ; -- ; -- ; --    ; --     ; --                     ; --                       ;
; keyData[9]        ; Input    ; -- ; --   ; --   ; -- ; -- ; --    ; --     ; --                     ; --                       ;
; keyData[10]       ; Input    ; -- ; --   ; --   ; -- ; -- ; --    ; --     ; --                     ; --                       ;
; keyData[11]       ; Input    ; -- ; --   ; --   ; -- ; -- ; --    ; --     ; --                     ; --                       ;
; keyData[12]       ; Input    ; -- ; --   ; --   ; -- ; -- ; --    ; --     ; --                     ; --                       ;
; keyData[13]       ; Input    ; -- ; --   ; --   ; -- ; -- ; --    ; --     ; --                     ; --                       ;
; keyData[14]       ; Input    ; -- ; --   ; --   ; -- ; -- ; --    ; --     ; --                     ; --                       ;
; keyData[15]       ; Input    ; -- ; --   ; --   ; -- ; -- ; --    ; --     ; --                     ; --                       ;
; fromData[0]       ; Input    ; -- ; --   ; --   ; -- ; -- ; --    ; --     ; --                     ; --                       ;
; fromData[1]       ; Input    ; -- ; --   ; --   ; -- ; -- ; --    ; --     ; --                     ; --                       ;
; fromData[2]       ; Input    ; -- ; --   ; --   ; -- ; -- ; --    ; --     ; --                     ; --                       ;
; fromData[3]       ; Input    ; -- ; --   ; --   ; -- ; -- ; --    ; --     ; --                     ; --                       ;
; fromData[4]       ; Input    ; -- ; --   ; --   ; -- ; -- ; --    ; --     ; --                     ; --                       ;
; fromData[5]       ; Input    ; -- ; --   ; --   ; -- ; -- ; --    ; --     ; --                     ; --                       ;
; fromData[6]       ; Input    ; -- ; --   ; --   ; -- ; -- ; --    ; --     ; --                     ; --                       ;
; fromData[7]       ; Input    ; -- ; --   ; --   ; -- ; -- ; --    ; --     ; --                     ; --                       ;
; fromData[8]       ; Input    ; -- ; --   ; --   ; -- ; -- ; --    ; --     ; --                     ; --                       ;
; fromData[9]       ; Input    ; -- ; --   ; --   ; -- ; -- ; --    ; --     ; --                     ; --                       ;
; fromData[10]      ; Input    ; -- ; --   ; --   ; -- ; -- ; --    ; --     ; --                     ; --                       ;
; fromData[11]      ; Input    ; -- ; --   ; --   ; -- ; -- ; --    ; --     ; --                     ; --                       ;
; fromData[12]      ; Input    ; -- ; --   ; --   ; -- ; -- ; --    ; --     ; --                     ; --                       ;
; fromData[13]      ; Input    ; -- ; --   ; --   ; -- ; -- ; --    ; --     ; --                     ; --                       ;
; fromData[14]      ; Input    ; -- ; --   ; --   ; -- ; -- ; --    ; --     ; --                     ; --                       ;
; fromData[15]      ; Input    ; -- ; --   ; --   ; -- ; -- ; --    ; --     ; --                     ; --                       ;
; instr[0]          ; Input    ; -- ; --   ; --   ; -- ; -- ; --    ; --     ; --                     ; --                       ;
; instr[1]          ; Input    ; -- ; --   ; --   ; -- ; -- ; --    ; --     ; --                     ; --                       ;
; instr[2]          ; Input    ; -- ; --   ; --   ; -- ; -- ; --    ; --     ; --                     ; --                       ;
; instr[3]          ; Input    ; -- ; --   ; --   ; -- ; -- ; --    ; --     ; --                     ; --                       ;
; instr[4]          ; Input    ; -- ; --   ; --   ; -- ; -- ; --    ; --     ; --                     ; --                       ;
; instr[5]          ; Input    ; -- ; --   ; --   ; -- ; -- ; --    ; --     ; --                     ; --                       ;
; instr[6]          ; Input    ; -- ; --   ; --   ; -- ; -- ; --    ; --     ; --                     ; --                       ;
; instr[7]          ; Input    ; -- ; --   ; --   ; -- ; -- ; --    ; --     ; --                     ; --                       ;
; instr[8]          ; Input    ; -- ; --   ; --   ; -- ; -- ; --    ; --     ; --                     ; --                       ;
; instr[9]          ; Input    ; -- ; --   ; --   ; -- ; -- ; --    ; --     ; --                     ; --                       ;
; instr[10]         ; Input    ; -- ; --   ; --   ; -- ; -- ; --    ; --     ; --                     ; --                       ;
; instr[11]         ; Input    ; -- ; --   ; --   ; -- ; -- ; --    ; --     ; --                     ; --                       ;
; clock2            ; Input    ; -- ; --   ; --   ; -- ; -- ; --    ; --     ; --                     ; --                       ;
; printEnable       ; Output   ; -- ; --   ; --   ; -- ; 0  ; 0     ; --     ; --                     ; --                       ;
; keyEnable         ; Output   ; -- ; --   ; --   ; -- ; 0  ; 0     ; --     ; --                     ; --                       ;
; DataWriteFlag     ; Output   ; -- ; --   ; --   ; -- ; 0  ; 0     ; --     ; --                     ; --                       ;
; dataAD[0]         ; Output   ; -- ; --   ; --   ; -- ; 0  ; 0     ; --     ; --                     ; --                       ;
; dataAD[1]         ; Output   ; -- ; --   ; --   ; -- ; 0  ; 0     ; --     ; --                     ; --                       ;
; dataAD[2]         ; Output   ; -- ; --   ; --   ; -- ; 0  ; 0     ; --     ; --                     ; --                       ;
; dataAD[3]         ; Output   ; -- ; --   ; --   ; -- ; 0  ; 0     ; --     ; --                     ; --                       ;
; dataAD[4]         ; Output   ; -- ; --   ; --   ; -- ; 0  ; 0     ; --     ; --                     ; --                       ;
; dataAD[5]         ; Output   ; -- ; --   ; --   ; -- ; 0  ; 0     ; --     ; --                     ; --                       ;
; dataAD[6]         ; Output   ; -- ; --   ; --   ; -- ; 0  ; 0     ; --     ; --                     ; --                       ;
; dataAD[7]         ; Output   ; -- ; --   ; --   ; -- ; 0  ; 0     ; --     ; --                     ; --                       ;
; dataAD[8]         ; Output   ; -- ; --   ; --   ; -- ; 0  ; 0     ; --     ; --                     ; --                       ;
; dataAD[9]         ; Output   ; -- ; --   ; --   ; -- ; 0  ; 0     ; --     ; --                     ; --                       ;
; dataAD[10]        ; Output   ; -- ; --   ; --   ; -- ; 0  ; 0     ; --     ; --                     ; --                       ;
; dataAD[11]        ; Output   ; -- ; --   ; --   ; -- ; 0  ; 0     ; --     ; --                     ; --                       ;
; dataAD[12]        ; Output   ; -- ; --   ; --   ; -- ; 0  ; 0     ; --     ; --                     ; --                       ;
; dataAD[13]        ; Output   ; -- ; --   ; --   ; -- ; 0  ; 0     ; --     ; --                     ; --                       ;
; dataAD[14]        ; Output   ; -- ; --   ; --   ; -- ; 0  ; 0     ; --     ; --                     ; --                       ;
; dataAD[15]        ; Output   ; -- ; --   ; --   ; -- ; 0  ; 0     ; --     ; --                     ; --                       ;
; toData[0]         ; Output   ; -- ; --   ; --   ; -- ; 0  ; 0     ; --     ; --                     ; --                       ;
; toData[1]         ; Output   ; -- ; --   ; --   ; -- ; 0  ; 0     ; --     ; --                     ; --                       ;
; toData[2]         ; Output   ; -- ; --   ; --   ; -- ; 0  ; 0     ; --     ; --                     ; --                       ;
; toData[3]         ; Output   ; -- ; --   ; --   ; -- ; 0  ; 0     ; --     ; --                     ; --                       ;
; toData[4]         ; Output   ; -- ; --   ; --   ; -- ; 0  ; 0     ; --     ; --                     ; --                       ;
; toData[5]         ; Output   ; -- ; --   ; --   ; -- ; 0  ; 0     ; --     ; --                     ; --                       ;
; toData[6]         ; Output   ; -- ; --   ; --   ; -- ; 0  ; 0     ; --     ; --                     ; --                       ;
; toData[7]         ; Output   ; -- ; --   ; --   ; -- ; 0  ; 0     ; --     ; --                     ; --                       ;
; toData[8]         ; Output   ; -- ; --   ; --   ; -- ; 0  ; 0     ; --     ; --                     ; --                       ;
; toData[9]         ; Output   ; -- ; --   ; --   ; -- ; 0  ; 0     ; --     ; --                     ; --                       ;
; toData[10]        ; Output   ; -- ; --   ; --   ; -- ; 0  ; 0     ; --     ; --                     ; --                       ;
; toData[11]        ; Output   ; -- ; --   ; --   ; -- ; 0  ; 0     ; --     ; --                     ; --                       ;
; toData[12]        ; Output   ; -- ; --   ; --   ; -- ; 0  ; 0     ; --     ; --                     ; --                       ;
; toData[13]        ; Output   ; -- ; --   ; --   ; -- ; 0  ; 0     ; --     ; --                     ; --                       ;
; toData[14]        ; Output   ; -- ; --   ; --   ; -- ; 0  ; 0     ; --     ; --                     ; --                       ;
; toData[15]        ; Output   ; -- ; --   ; --   ; -- ; 0  ; 0     ; --     ; --                     ; --                       ;
; printCode[0]      ; Output   ; -- ; --   ; --   ; -- ; 0  ; 0     ; --     ; --                     ; --                       ;
; printCode[1]      ; Output   ; -- ; --   ; --   ; -- ; 0  ; 0     ; --     ; --                     ; --                       ;
; printCode[2]      ; Output   ; -- ; --   ; --   ; -- ; 0  ; 0     ; --     ; --                     ; --                       ;
; printCode[3]      ; Output   ; -- ; --   ; --   ; -- ; 0  ; 0     ; --     ; --                     ; --                       ;
; printCode[4]      ; Output   ; -- ; --   ; --   ; -- ; 0  ; 0     ; --     ; --                     ; --                       ;
; printCode[5]      ; Output   ; -- ; --   ; --   ; -- ; 0  ; 0     ; --     ; --                     ; --                       ;
; printCode[6]      ; Output   ; -- ; --   ; --   ; -- ; 0  ; 0     ; --     ; --                     ; --                       ;
; printCode[7]      ; Output   ; -- ; --   ; --   ; -- ; 0  ; 0     ; --     ; --                     ; --                       ;
; printCode[8]      ; Output   ; -- ; --   ; --   ; -- ; 0  ; 0     ; --     ; --                     ; --                       ;
; printCode[9]      ; Output   ; -- ; --   ; --   ; -- ; 0  ; 0     ; --     ; --                     ; --                       ;
; printCode[10]     ; Output   ; -- ; --   ; --   ; -- ; 0  ; 0     ; --     ; --                     ; --                       ;
; printCode[11]     ; Output   ; -- ; --   ; --   ; -- ; 0  ; 0     ; --     ; --                     ; --                       ;
; printCode[12]     ; Output   ; -- ; --   ; --   ; -- ; 0  ; 0     ; --     ; --                     ; --                       ;
; printCode[13]     ; Output   ; -- ; --   ; --   ; -- ; 0  ; 0     ; --     ; --                     ; --                       ;
; printCode[14]     ; Output   ; -- ; --   ; --   ; -- ; 0  ; 0     ; --     ; --                     ; --                       ;
; printCode[15]     ; Output   ; -- ; --   ; --   ; -- ; 0  ; 0     ; --     ; --                     ; --                       ;
; printData[0]      ; Output   ; -- ; --   ; --   ; -- ; 0  ; 0     ; --     ; --                     ; --                       ;
; printData[1]      ; Output   ; -- ; --   ; --   ; -- ; 0  ; 0     ; --     ; --                     ; --                       ;
; printData[2]      ; Output   ; -- ; --   ; --   ; -- ; 0  ; 0     ; --     ; --                     ; --                       ;
; printData[3]      ; Output   ; -- ; --   ; --   ; -- ; 0  ; 0     ; --     ; --                     ; --                       ;
; printData[4]      ; Output   ; -- ; --   ; --   ; -- ; 0  ; 0     ; --     ; --                     ; --                       ;
; printData[5]      ; Output   ; -- ; --   ; --   ; -- ; 0  ; 0     ; --     ; --                     ; --                       ;
; printData[6]      ; Output   ; -- ; --   ; --   ; -- ; 0  ; 0     ; --     ; --                     ; --                       ;
; printData[7]      ; Output   ; -- ; --   ; --   ; -- ; 0  ; 0     ; --     ; --                     ; --                       ;
; printData[8]      ; Output   ; -- ; --   ; --   ; -- ; 0  ; 0     ; --     ; --                     ; --                       ;
; printData[9]      ; Output   ; -- ; --   ; --   ; -- ; 0  ; 0     ; --     ; --                     ; --                       ;
; printData[10]     ; Output   ; -- ; --   ; --   ; -- ; 0  ; 0     ; --     ; --                     ; --                       ;
; printData[11]     ; Output   ; -- ; --   ; --   ; -- ; 0  ; 0     ; --     ; --                     ; --                       ;
; printData[12]     ; Output   ; -- ; --   ; --   ; -- ; 0  ; 0     ; --     ; --                     ; --                       ;
; printData[13]     ; Output   ; -- ; --   ; --   ; -- ; 0  ; 0     ; --     ; --                     ; --                       ;
; printData[14]     ; Output   ; -- ; --   ; --   ; -- ; 0  ; 0     ; --     ; --                     ; --                       ;
; printData[15]     ; Output   ; -- ; --   ; --   ; -- ; 0  ; 0     ; --     ; --                     ; --                       ;
; regOUT[0]         ; Output   ; -- ; --   ; --   ; -- ; 0  ; 0     ; --     ; --                     ; --                       ;
; regOUT[1]         ; Output   ; -- ; --   ; --   ; -- ; 0  ; 0     ; --     ; --                     ; --                       ;
; regOUT[2]         ; Output   ; -- ; --   ; --   ; -- ; 0  ; 0     ; --     ; --                     ; --                       ;
; regOUT[3]         ; Output   ; -- ; --   ; --   ; -- ; 0  ; 0     ; --     ; --                     ; --                       ;
; regOUT[4]         ; Output   ; -- ; --   ; --   ; -- ; 0  ; 0     ; --     ; --                     ; --                       ;
; regOUT[5]         ; Output   ; -- ; --   ; --   ; -- ; 0  ; 0     ; --     ; --                     ; --                       ;
; regOUT[6]         ; Output   ; -- ; --   ; --   ; -- ; 0  ; 0     ; --     ; --                     ; --                       ;
; regOUT[7]         ; Output   ; -- ; --   ; --   ; -- ; 0  ; 0     ; --     ; --                     ; --                       ;
; regOUT[8]         ; Output   ; -- ; --   ; --   ; -- ; 0  ; 0     ; --     ; --                     ; --                       ;
; regOUT[9]         ; Output   ; -- ; --   ; --   ; -- ; 0  ; 0     ; --     ; --                     ; --                       ;
; regOUT[10]        ; Output   ; -- ; --   ; --   ; -- ; 0  ; 0     ; --     ; --                     ; --                       ;
; regOUT[11]        ; Output   ; -- ; --   ; --   ; -- ; 0  ; 0     ; --     ; --                     ; --                       ;
; regOUT[12]        ; Output   ; -- ; --   ; --   ; -- ; 0  ; 0     ; --     ; --                     ; --                       ;
; regOUT[13]        ; Output   ; -- ; --   ; --   ; -- ; 0  ; 0     ; --     ; --                     ; --                       ;
; regOUT[14]        ; Output   ; -- ; --   ; --   ; -- ; 0  ; 0     ; --     ; --                     ; --                       ;
; regOUT[15]        ; Output   ; -- ; --   ; --   ; -- ; 0  ; 0     ; --     ; --                     ; --                       ;
; regOUT[16]        ; Output   ; -- ; --   ; --   ; -- ; 0  ; 0     ; --     ; --                     ; --                       ;
; regOUT[17]        ; Output   ; -- ; --   ; --   ; -- ; 0  ; 0     ; --     ; --                     ; --                       ;
; regOUT[18]        ; Output   ; -- ; --   ; --   ; -- ; 0  ; 0     ; --     ; --                     ; --                       ;
; regOUT[19]        ; Output   ; -- ; --   ; --   ; -- ; 0  ; 0     ; --     ; --                     ; --                       ;
; regOUT[20]        ; Output   ; -- ; --   ; --   ; -- ; 0  ; 0     ; --     ; --                     ; --                       ;
; regOUT[21]        ; Output   ; -- ; --   ; --   ; -- ; 0  ; 0     ; --     ; --                     ; --                       ;
; regOUT[22]        ; Output   ; -- ; --   ; --   ; -- ; 0  ; 0     ; --     ; --                     ; --                       ;
; regOUT[23]        ; Output   ; -- ; --   ; --   ; -- ; 0  ; 0     ; --     ; --                     ; --                       ;
; regOUT[24]        ; Output   ; -- ; --   ; --   ; -- ; 0  ; 0     ; --     ; --                     ; --                       ;
; regOUT[25]        ; Output   ; -- ; --   ; --   ; -- ; 0  ; 0     ; --     ; --                     ; --                       ;
; regOUT[26]        ; Output   ; -- ; --   ; --   ; -- ; 0  ; 0     ; --     ; --                     ; --                       ;
; regOUT[27]        ; Output   ; -- ; --   ; --   ; -- ; 0  ; 0     ; --     ; --                     ; --                       ;
; regOUT[28]        ; Output   ; -- ; --   ; --   ; -- ; 0  ; 0     ; --     ; --                     ; --                       ;
; regOUT[29]        ; Output   ; -- ; --   ; --   ; -- ; 0  ; 0     ; --     ; --                     ; --                       ;
; regOUT[30]        ; Output   ; -- ; --   ; --   ; -- ; 0  ; 0     ; --     ; --                     ; --                       ;
; regOUT[31]        ; Output   ; -- ; --   ; --   ; -- ; 0  ; 0     ; --     ; --                     ; --                       ;
; regOUT[32]        ; Output   ; -- ; --   ; --   ; -- ; 0  ; 0     ; --     ; --                     ; --                       ;
; regOUT[33]        ; Output   ; -- ; --   ; --   ; -- ; 0  ; 0     ; --     ; --                     ; --                       ;
; regOUT[34]        ; Output   ; -- ; --   ; --   ; -- ; 0  ; 0     ; --     ; --                     ; --                       ;
; regOUT[35]        ; Output   ; -- ; --   ; --   ; -- ; 0  ; 0     ; --     ; --                     ; --                       ;
; regOUT[36]        ; Output   ; -- ; --   ; --   ; -- ; 0  ; 0     ; --     ; --                     ; --                       ;
; regOUT[37]        ; Output   ; -- ; --   ; --   ; -- ; 0  ; 0     ; --     ; --                     ; --                       ;
; regOUT[38]        ; Output   ; -- ; --   ; --   ; -- ; 0  ; 0     ; --     ; --                     ; --                       ;
; regOUT[39]        ; Output   ; -- ; --   ; --   ; -- ; 0  ; 0     ; --     ; --                     ; --                       ;
; regOUT[40]        ; Output   ; -- ; --   ; --   ; -- ; 0  ; 0     ; --     ; --                     ; --                       ;
; regOUT[41]        ; Output   ; -- ; --   ; --   ; -- ; 0  ; 0     ; --     ; --                     ; --                       ;
; regOUT[42]        ; Output   ; -- ; --   ; --   ; -- ; 0  ; 0     ; --     ; --                     ; --                       ;
; regOUT[43]        ; Output   ; -- ; --   ; --   ; -- ; 0  ; 0     ; --     ; --                     ; --                       ;
; regOUT[44]        ; Output   ; -- ; --   ; --   ; -- ; 0  ; 0     ; --     ; --                     ; --                       ;
; regOUT[45]        ; Output   ; -- ; --   ; --   ; -- ; 0  ; 0     ; --     ; --                     ; --                       ;
; regOUT[46]        ; Output   ; -- ; --   ; --   ; -- ; 0  ; 0     ; --     ; --                     ; --                       ;
; regOUT[47]        ; Output   ; -- ; --   ; --   ; -- ; 0  ; 0     ; --     ; --                     ; --                       ;
; regOUT[48]        ; Output   ; -- ; --   ; --   ; -- ; 0  ; 0     ; --     ; --                     ; --                       ;
; regOUT[49]        ; Output   ; -- ; --   ; --   ; -- ; 0  ; 0     ; --     ; --                     ; --                       ;
; regOUT[50]        ; Output   ; -- ; --   ; --   ; -- ; 0  ; 0     ; --     ; --                     ; --                       ;
; regOUT[51]        ; Output   ; -- ; --   ; --   ; -- ; 0  ; 0     ; --     ; --                     ; --                       ;
; regOUT[52]        ; Output   ; -- ; --   ; --   ; -- ; 0  ; 0     ; --     ; --                     ; --                       ;
; regOUT[53]        ; Output   ; -- ; --   ; --   ; -- ; 0  ; 0     ; --     ; --                     ; --                       ;
; regOUT[54]        ; Output   ; -- ; --   ; --   ; -- ; 0  ; 0     ; --     ; --                     ; --                       ;
; regOUT[55]        ; Output   ; -- ; --   ; --   ; -- ; 0  ; 0     ; --     ; --                     ; --                       ;
; regOUT[56]        ; Output   ; -- ; --   ; --   ; -- ; 0  ; 0     ; --     ; --                     ; --                       ;
; regOUT[57]        ; Output   ; -- ; --   ; --   ; -- ; 0  ; 0     ; --     ; --                     ; --                       ;
; regOUT[58]        ; Output   ; -- ; --   ; --   ; -- ; 0  ; 0     ; --     ; --                     ; --                       ;
; regOUT[59]        ; Output   ; -- ; --   ; --   ; -- ; 0  ; 0     ; --     ; --                     ; --                       ;
; regOUT[60]        ; Output   ; -- ; --   ; --   ; -- ; 0  ; 0     ; --     ; --                     ; --                       ;
; regOUT[61]        ; Output   ; -- ; --   ; --   ; -- ; 0  ; 0     ; --     ; --                     ; --                       ;
; regOUT[62]        ; Output   ; -- ; --   ; --   ; -- ; 0  ; 0     ; --     ; --                     ; --                       ;
; regOUT[63]        ; Output   ; -- ; --   ; --   ; -- ; 0  ; 0     ; --     ; --                     ; --                       ;
; regOUT[64]        ; Output   ; -- ; --   ; --   ; -- ; 0  ; 0     ; --     ; --                     ; --                       ;
; regOUT[65]        ; Output   ; -- ; --   ; --   ; -- ; 0  ; 0     ; --     ; --                     ; --                       ;
; regOUT[66]        ; Output   ; -- ; --   ; --   ; -- ; 0  ; 0     ; --     ; --                     ; --                       ;
; regOUT[67]        ; Output   ; -- ; --   ; --   ; -- ; 0  ; 0     ; --     ; --                     ; --                       ;
; regOUT[68]        ; Output   ; -- ; --   ; --   ; -- ; 0  ; 0     ; --     ; --                     ; --                       ;
; regOUT[69]        ; Output   ; -- ; --   ; --   ; -- ; 0  ; 0     ; --     ; --                     ; --                       ;
; regOUT[70]        ; Output   ; -- ; --   ; --   ; -- ; 0  ; 0     ; --     ; --                     ; --                       ;
; regOUT[71]        ; Output   ; -- ; --   ; --   ; -- ; 0  ; 0     ; --     ; --                     ; --                       ;
; regOUT[72]        ; Output   ; -- ; --   ; --   ; -- ; 0  ; 0     ; --     ; --                     ; --                       ;
; regOUT[73]        ; Output   ; -- ; --   ; --   ; -- ; 0  ; 0     ; --     ; --                     ; --                       ;
; regOUT[74]        ; Output   ; -- ; --   ; --   ; -- ; 0  ; 0     ; --     ; --                     ; --                       ;
; regOUT[75]        ; Output   ; -- ; --   ; --   ; -- ; 0  ; 0     ; --     ; --                     ; --                       ;
; regOUT[76]        ; Output   ; -- ; --   ; --   ; -- ; 0  ; 0     ; --     ; --                     ; --                       ;
; regOUT[77]        ; Output   ; -- ; --   ; --   ; -- ; 0  ; 0     ; --     ; --                     ; --                       ;
; regOUT[78]        ; Output   ; -- ; --   ; --   ; -- ; 0  ; 0     ; --     ; --                     ; --                       ;
; regOUT[79]        ; Output   ; -- ; --   ; --   ; -- ; 0  ; 0     ; --     ; --                     ; --                       ;
; regOUT[80]        ; Output   ; -- ; --   ; --   ; -- ; 0  ; 0     ; --     ; --                     ; --                       ;
; regOUT[81]        ; Output   ; -- ; --   ; --   ; -- ; 0  ; 0     ; --     ; --                     ; --                       ;
; regOUT[82]        ; Output   ; -- ; --   ; --   ; -- ; 0  ; 0     ; --     ; --                     ; --                       ;
; regOUT[83]        ; Output   ; -- ; --   ; --   ; -- ; 0  ; 0     ; --     ; --                     ; --                       ;
; regOUT[84]        ; Output   ; -- ; --   ; --   ; -- ; 0  ; 0     ; --     ; --                     ; --                       ;
; regOUT[85]        ; Output   ; -- ; --   ; --   ; -- ; 0  ; 0     ; --     ; --                     ; --                       ;
; regOUT[86]        ; Output   ; -- ; --   ; --   ; -- ; 0  ; 0     ; --     ; --                     ; --                       ;
; regOUT[87]        ; Output   ; -- ; --   ; --   ; -- ; 0  ; 0     ; --     ; --                     ; --                       ;
; regOUT[88]        ; Output   ; -- ; --   ; --   ; -- ; 0  ; 0     ; --     ; --                     ; --                       ;
; regOUT[89]        ; Output   ; -- ; --   ; --   ; -- ; 0  ; 0     ; --     ; --                     ; --                       ;
; regOUT[90]        ; Output   ; -- ; --   ; --   ; -- ; 0  ; 0     ; --     ; --                     ; --                       ;
; regOUT[91]        ; Output   ; -- ; --   ; --   ; -- ; 0  ; 0     ; --     ; --                     ; --                       ;
; regOUT[92]        ; Output   ; -- ; --   ; --   ; -- ; 0  ; 0     ; --     ; --                     ; --                       ;
; regOUT[93]        ; Output   ; -- ; --   ; --   ; -- ; 0  ; 0     ; --     ; --                     ; --                       ;
; regOUT[94]        ; Output   ; -- ; --   ; --   ; -- ; 0  ; 0     ; --     ; --                     ; --                       ;
; regOUT[95]        ; Output   ; -- ; --   ; --   ; -- ; 0  ; 0     ; --     ; --                     ; --                       ;
; regOUT[96]        ; Output   ; -- ; --   ; --   ; -- ; 0  ; 0     ; --     ; --                     ; --                       ;
; regOUT[97]        ; Output   ; -- ; --   ; --   ; -- ; 0  ; 0     ; --     ; --                     ; --                       ;
; regOUT[98]        ; Output   ; -- ; --   ; --   ; -- ; 0  ; 0     ; --     ; --                     ; --                       ;
; regOUT[99]        ; Output   ; -- ; --   ; --   ; -- ; 0  ; 0     ; --     ; --                     ; --                       ;
; regOUT[100]       ; Output   ; -- ; --   ; --   ; -- ; 0  ; 0     ; --     ; --                     ; --                       ;
; regOUT[101]       ; Output   ; -- ; --   ; --   ; -- ; 0  ; 0     ; --     ; --                     ; --                       ;
; regOUT[102]       ; Output   ; -- ; --   ; --   ; -- ; 0  ; 0     ; --     ; --                     ; --                       ;
; regOUT[103]       ; Output   ; -- ; --   ; --   ; -- ; 0  ; 0     ; --     ; --                     ; --                       ;
; regOUT[104]       ; Output   ; -- ; --   ; --   ; -- ; 0  ; 0     ; --     ; --                     ; --                       ;
; regOUT[105]       ; Output   ; -- ; --   ; --   ; -- ; 0  ; 0     ; --     ; --                     ; --                       ;
; regOUT[106]       ; Output   ; -- ; --   ; --   ; -- ; 0  ; 0     ; --     ; --                     ; --                       ;
; regOUT[107]       ; Output   ; -- ; --   ; --   ; -- ; 0  ; 0     ; --     ; --                     ; --                       ;
; regOUT[108]       ; Output   ; -- ; --   ; --   ; -- ; 0  ; 0     ; --     ; --                     ; --                       ;
; regOUT[109]       ; Output   ; -- ; --   ; --   ; -- ; 0  ; 0     ; --     ; --                     ; --                       ;
; regOUT[110]       ; Output   ; -- ; --   ; --   ; -- ; 0  ; 0     ; --     ; --                     ; --                       ;
; regOUT[111]       ; Output   ; -- ; --   ; --   ; -- ; 0  ; 0     ; --     ; --                     ; --                       ;
; regOUT[112]       ; Output   ; -- ; --   ; --   ; -- ; 0  ; 0     ; --     ; --                     ; --                       ;
; regOUT[113]       ; Output   ; -- ; --   ; --   ; -- ; 0  ; 0     ; --     ; --                     ; --                       ;
; regOUT[114]       ; Output   ; -- ; --   ; --   ; -- ; 0  ; 0     ; --     ; --                     ; --                       ;
; regOUT[115]       ; Output   ; -- ; --   ; --   ; -- ; 0  ; 0     ; --     ; --                     ; --                       ;
; regOUT[116]       ; Output   ; -- ; --   ; --   ; -- ; 0  ; 0     ; --     ; --                     ; --                       ;
; regOUT[117]       ; Output   ; -- ; --   ; --   ; -- ; 0  ; 0     ; --     ; --                     ; --                       ;
; regOUT[118]       ; Output   ; -- ; --   ; --   ; -- ; 0  ; 0     ; --     ; --                     ; --                       ;
; regOUT[119]       ; Output   ; -- ; --   ; --   ; -- ; 0  ; 0     ; --     ; --                     ; --                       ;
; regOUT[120]       ; Output   ; -- ; --   ; --   ; -- ; 0  ; 0     ; --     ; --                     ; --                       ;
; regOUT[121]       ; Output   ; -- ; --   ; --   ; -- ; 0  ; 0     ; --     ; --                     ; --                       ;
; regOUT[122]       ; Output   ; -- ; --   ; --   ; -- ; 0  ; 0     ; --     ; --                     ; --                       ;
; regOUT[123]       ; Output   ; -- ; --   ; --   ; -- ; 0  ; 0     ; --     ; --                     ; --                       ;
; regOUT[124]       ; Output   ; -- ; --   ; --   ; -- ; 0  ; 0     ; --     ; --                     ; --                       ;
; regOUT[125]       ; Output   ; -- ; --   ; --   ; -- ; 0  ; 0     ; --     ; --                     ; --                       ;
; regOUT[126]       ; Output   ; -- ; --   ; --   ; -- ; 0  ; 0     ; --     ; --                     ; --                       ;
; regOUT[127]       ; Output   ; -- ; --   ; --   ; -- ; 0  ; 0     ; --     ; --                     ; --                       ;
; regOUT[128]       ; Output   ; -- ; --   ; --   ; -- ; 0  ; 0     ; --     ; --                     ; --                       ;
; regOUT[129]       ; Output   ; -- ; --   ; --   ; -- ; 0  ; 0     ; --     ; --                     ; --                       ;
; regOUT[130]       ; Output   ; -- ; --   ; --   ; -- ; 0  ; 0     ; --     ; --                     ; --                       ;
; regOUT[131]       ; Output   ; -- ; --   ; --   ; -- ; 0  ; 0     ; --     ; --                     ; --                       ;
; regOUT[132]       ; Output   ; -- ; --   ; --   ; -- ; 0  ; 0     ; --     ; --                     ; --                       ;
; regOUT[133]       ; Output   ; -- ; --   ; --   ; -- ; 0  ; 0     ; --     ; --                     ; --                       ;
; regOUT[134]       ; Output   ; -- ; --   ; --   ; -- ; 0  ; 0     ; --     ; --                     ; --                       ;
; regOUT[135]       ; Output   ; -- ; --   ; --   ; -- ; 0  ; 0     ; --     ; --                     ; --                       ;
; regOUT[136]       ; Output   ; -- ; --   ; --   ; -- ; 0  ; 0     ; --     ; --                     ; --                       ;
; regOUT[137]       ; Output   ; -- ; --   ; --   ; -- ; 0  ; 0     ; --     ; --                     ; --                       ;
; regOUT[138]       ; Output   ; -- ; --   ; --   ; -- ; 0  ; 0     ; --     ; --                     ; --                       ;
; regOUT[139]       ; Output   ; -- ; --   ; --   ; -- ; 0  ; 0     ; --     ; --                     ; --                       ;
; regOUT[140]       ; Output   ; -- ; --   ; --   ; -- ; 0  ; 0     ; --     ; --                     ; --                       ;
; regOUT[141]       ; Output   ; -- ; --   ; --   ; -- ; 0  ; 0     ; --     ; --                     ; --                       ;
; regOUT[142]       ; Output   ; -- ; --   ; --   ; -- ; 0  ; 0     ; --     ; --                     ; --                       ;
; regOUT[143]       ; Output   ; -- ; --   ; --   ; -- ; 0  ; 0     ; --     ; --                     ; --                       ;
; instructionAD[0]  ; Output   ; -- ; --   ; --   ; -- ; 0  ; 0     ; --     ; --                     ; --                       ;
; instructionAD[1]  ; Output   ; -- ; --   ; --   ; -- ; 0  ; 0     ; --     ; --                     ; --                       ;
; instructionAD[2]  ; Output   ; -- ; --   ; --   ; -- ; 0  ; 0     ; --     ; --                     ; --                       ;
; instructionAD[3]  ; Output   ; -- ; --   ; --   ; -- ; 0  ; 0     ; --     ; --                     ; --                       ;
; instructionAD[4]  ; Output   ; -- ; --   ; --   ; -- ; 0  ; 0     ; --     ; --                     ; --                       ;
; instructionAD[5]  ; Output   ; -- ; --   ; --   ; -- ; 0  ; 0     ; --     ; --                     ; --                       ;
; instructionAD[6]  ; Output   ; -- ; --   ; --   ; -- ; 0  ; 0     ; --     ; --                     ; --                       ;
; instructionAD[7]  ; Output   ; -- ; --   ; --   ; -- ; 0  ; 0     ; --     ; --                     ; --                       ;
; instructionAD[8]  ; Output   ; -- ; --   ; --   ; -- ; 0  ; 0     ; --     ; --                     ; --                       ;
; instructionAD[9]  ; Output   ; -- ; --   ; --   ; -- ; 0  ; 0     ; --     ; --                     ; --                       ;
; instructionAD[10] ; Output   ; -- ; --   ; --   ; -- ; 0  ; 0     ; --     ; --                     ; --                       ;
; instructionAD[11] ; Output   ; -- ; --   ; --   ; -- ; 0  ; 0     ; --     ; --                     ; --                       ;
; instructionAD[12] ; Output   ; -- ; --   ; --   ; -- ; 0  ; 0     ; --     ; --                     ; --                       ;
; instructionAD[13] ; Output   ; -- ; --   ; --   ; -- ; 0  ; 0     ; --     ; --                     ; --                       ;
; instructionAD[14] ; Output   ; -- ; --   ; --   ; -- ; 0  ; 0     ; --     ; --                     ; --                       ;
; instructionAD[15] ; Output   ; -- ; --   ; --   ; -- ; 0  ; 0     ; --     ; --                     ; --                       ;
; clock             ; Input    ; -- ; 0    ; --   ; -- ; -- ; --    ; --     ; --                     ; --                       ;
; instr[12]         ; Input    ; -- ; 0    ; --   ; -- ; -- ; --    ; --     ; --                     ; --                       ;
; instr[13]         ; Input    ; -- ; 0    ; --   ; -- ; -- ; --    ; --     ; --                     ; --                       ;
; instr[14]         ; Input    ; -- ; 0    ; --   ; -- ; -- ; --    ; --     ; --                     ; --                       ;
; instr[15]         ; Input    ; -- ; 0    ; --   ; -- ; -- ; --    ; --     ; --                     ; --                       ;
+-------------------+----------+----+------+------+----+----+-------+--------+------------------------+--------------------------+


+---------------------------------------------------+
; Pad To Core Delay Chain Fanout                    ;
+---------------------+-------------------+---------+
; Source Pin / Fanout ; Pad To Core Index ; Setting ;
+---------------------+-------------------+---------+
; keyData[0]          ;                   ;         ;
; keyData[1]          ;                   ;         ;
; keyData[2]          ;                   ;         ;
; keyData[3]          ;                   ;         ;
; keyData[4]          ;                   ;         ;
; keyData[5]          ;                   ;         ;
; keyData[6]          ;                   ;         ;
; keyData[7]          ;                   ;         ;
; keyData[8]          ;                   ;         ;
; keyData[9]          ;                   ;         ;
; keyData[10]         ;                   ;         ;
; keyData[11]         ;                   ;         ;
; keyData[12]         ;                   ;         ;
; keyData[13]         ;                   ;         ;
; keyData[14]         ;                   ;         ;
; keyData[15]         ;                   ;         ;
; fromData[0]         ;                   ;         ;
; fromData[1]         ;                   ;         ;
; fromData[2]         ;                   ;         ;
; fromData[3]         ;                   ;         ;
; fromData[4]         ;                   ;         ;
; fromData[5]         ;                   ;         ;
; fromData[6]         ;                   ;         ;
; fromData[7]         ;                   ;         ;
; fromData[8]         ;                   ;         ;
; fromData[9]         ;                   ;         ;
; fromData[10]        ;                   ;         ;
; fromData[11]        ;                   ;         ;
; fromData[12]        ;                   ;         ;
; fromData[13]        ;                   ;         ;
; fromData[14]        ;                   ;         ;
; fromData[15]        ;                   ;         ;
; instr[0]            ;                   ;         ;
; instr[1]            ;                   ;         ;
; instr[2]            ;                   ;         ;
; instr[3]            ;                   ;         ;
; instr[4]            ;                   ;         ;
; instr[5]            ;                   ;         ;
; instr[6]            ;                   ;         ;
; instr[7]            ;                   ;         ;
; instr[8]            ;                   ;         ;
; instr[9]            ;                   ;         ;
; instr[10]           ;                   ;         ;
; instr[11]           ;                   ;         ;
; clock2              ;                   ;         ;
; clock               ;                   ;         ;
; instr[12]           ;                   ;         ;
; instr[13]           ;                   ;         ;
; instr[14]           ;                   ;         ;
; instr[15]           ;                   ;         ;
+---------------------+-------------------+---------+


+--------------------------------------------------------------------------------------------------------------------------------------------------+
; Control Signals                                                                                                                                  ;
+-----------------------------+------------+---------+--------------+--------+----------------------+------------------+---------------------------+
; Name                        ; Location   ; Fan-Out ; Usage        ; Global ; Global Resource Used ; Global Line Name ; Enable Signal Source Name ;
+-----------------------------+------------+---------+--------------+--------+----------------------+------------------+---------------------------+
; clock                       ; Unassigned ; 17      ; Clock        ; no     ; --                   ; --               ; --                        ;
; register_IF_ID:IFIDREG|pc~0 ; Unassigned ; 16      ; Latch enable ; no     ; --                   ; --               ; --                        ;
; trapUnit:Trap|Equal0~0      ; Unassigned ; 16      ; Clock enable ; no     ; --                   ; --               ; --                        ;
+-----------------------------+------------+---------+--------------+--------+----------------------+------------------+---------------------------+


+------------------------------------------+
; I/O Rules Summary                        ;
+----------------------------------+-------+
; I/O Rules Statistic              ; Total ;
+----------------------------------+-------+
; Total I/O Rules                  ; 28    ;
; Number of I/O Rules Passed       ; 1     ;
; Number of I/O Rules Failed       ; 0     ;
; Number of I/O Rules Unchecked    ; 5     ;
; Number of I/O Rules Inapplicable ; 22    ;
+----------------------------------+-------+


+-----------------------------------------------------------------------------------------------------------------------------------------------------------------------------------------------------------------------------------------------------------------------------------+
; I/O Rules Details                                                                                                                                                                                                                                                                 ;
+--------------+-----------+-----------------------------------+------------------------------------------------------------------------------------+----------+--------------------------------------------------------------------------+---------------------+-------------------+
; Status       ; ID        ; Category                          ; Rule Description                                                                   ; Severity ; Information                                                              ; Area                ; Extra Information ;
+--------------+-----------+-----------------------------------+------------------------------------------------------------------------------------+----------+--------------------------------------------------------------------------+---------------------+-------------------+
; Inapplicable ; IO_000001 ; Capacity Checks                   ; Number of pins in an I/O bank should not exceed the number of locations available. ; Critical ; No Location assignments found.                                           ; I/O                 ;                   ;
; Inapplicable ; IO_000002 ; Capacity Checks                   ; Number of clocks in an I/O bank should not exceed the number of clocks available.  ; Critical ; No Global Signal assignments found.                                      ; I/O                 ;                   ;
; Inapplicable ; IO_000003 ; Capacity Checks                   ; Number of pins in a Vrefgroup should not exceed the number of locations available. ; Critical ; No Location assignments found.                                           ; I/O                 ;                   ;
; Inapplicable ; IO_000004 ; Voltage Compatibility Checks      ; The I/O bank should support the requested VCCIO.                                   ; Critical ; No IOBANK_VCCIO assignments found.                                       ; I/O                 ;                   ;
; Inapplicable ; IO_000005 ; Voltage Compatibility Checks      ; The I/O bank should not have competing VREF values.                                ; Critical ; No VREF I/O Standard assignments found.                                  ; I/O                 ;                   ;
; Unchecked    ; IO_000006 ; Voltage Compatibility Checks      ; The I/O bank should not have competing VCCIO values.                               ; Critical ; 0 such failures found.                                                   ; I/O                 ;                   ;
; Inapplicable ; IO_000007 ; Valid Location Checks             ; Checks for unavailable locations.                                                  ; Critical ; No Location assignments found.                                           ; I/O                 ;                   ;
; Inapplicable ; IO_000008 ; Valid Location Checks             ; Checks for reserved locations.                                                     ; Critical ; No reserved LogicLock region found.                                      ; I/O                 ;                   ;
; Unchecked    ; IO_000009 ; I/O Properties Checks for One I/O ; The location should support the requested I/O standard.                            ; Critical ; 0 such failures found.                                                   ; I/O                 ;                   ;
; Unchecked    ; IO_000010 ; I/O Properties Checks for One I/O ; The location should support the requested I/O direction.                           ; Critical ; 0 such failures found.                                                   ; I/O                 ;                   ;
; Inapplicable ; IO_000011 ; I/O Properties Checks for One I/O ; The location should support the requested Current Strength.                        ; Critical ; No Current Strength assignments found.                                   ; I/O                 ;                   ;
; Unchecked    ; IO_000012 ; I/O Properties Checks for One I/O ; The location should support the requested On Chip Termination value.               ; Critical ; 0 such failures found.                                                   ; I/O                 ;                   ;
; Inapplicable ; IO_000013 ; I/O Properties Checks for One I/O ; The location should support the requested Bus Hold value.                          ; Critical ; No Enable Bus-Hold Circuitry assignments found.                          ; I/O                 ;                   ;
; Inapplicable ; IO_000014 ; I/O Properties Checks for One I/O ; The location should support the requested Weak Pull Up value.                      ; Critical ; No Weak Pull-Up Resistor assignments found.                              ; I/O                 ;                   ;
; Inapplicable ; IO_000015 ; I/O Properties Checks for One I/O ; The location should support the requested PCI Clamp Diode.                         ; Critical ; No Clamping Diode assignments found.                                     ; I/O                 ;                   ;
; Inapplicable ; IO_000018 ; I/O Properties Checks for One I/O ; The I/O standard should support the requested Current Strength.                    ; Critical ; No Current Strength assignments found.                                   ; I/O                 ;                   ;
; Unchecked    ; IO_000019 ; I/O Properties Checks for One I/O ; The I/O standard should support the requested On Chip Termination value.           ; Critical ; 0 such failures found.                                                   ; I/O                 ;                   ;
; Inapplicable ; IO_000020 ; I/O Properties Checks for One I/O ; The I/O standard should support the requested PCI Clamp Diode.                     ; Critical ; No Clamping Diode assignments found.                                     ; I/O                 ;                   ;
; Inapplicable ; IO_000021 ; I/O Properties Checks for One I/O ; The I/O standard should support the requested Weak Pull Up value.                  ; Critical ; No Weak Pull-Up Resistor assignments found.                              ; I/O                 ;                   ;
; Inapplicable ; IO_000022 ; I/O Properties Checks for One I/O ; The I/O standard should support the requested Bus Hold value.                      ; Critical ; No Enable Bus-Hold Circuitry assignments found.                          ; I/O                 ;                   ;
; Inapplicable ; IO_000023 ; I/O Properties Checks for One I/O ; The I/O standard should support the Open Drain value.                              ; Critical ; No open drain assignments found.                                         ; I/O                 ;                   ;
; Pass         ; IO_000024 ; I/O Properties Checks for One I/O ; The I/O direction should support the On Chip Termination value.                    ; Critical ; 0 such failures found.                                                   ; I/O                 ;                   ;
; Inapplicable ; IO_000026 ; I/O Properties Checks for One I/O ; On Chip Termination and Current Strength should not be used at the same time.      ; Critical ; No Current Strength assignments found.                                   ; I/O                 ;                   ;
; Inapplicable ; IO_000027 ; I/O Properties Checks for One I/O ; Weak Pull Up and Bus Hold should not be used at the same time.                     ; Critical ; No Enable Bus-Hold Circuitry or Weak Pull-Up Resistor assignments found. ; I/O                 ;                   ;
; Inapplicable ; IO_000045 ; I/O Properties Checks for One I/O ; The I/O standard should support the requested Slew Rate value.                     ; Critical ; No Slew Rate assignments found.                                          ; I/O                 ;                   ;
; Inapplicable ; IO_000046 ; I/O Properties Checks for One I/O ; The location should support the requested Slew Rate value.                         ; Critical ; No Slew Rate assignments found.                                          ; I/O                 ;                   ;
; Inapplicable ; IO_000047 ; I/O Properties Checks for One I/O ; On Chip Termination and Slew Rate should not be used at the same time.             ; Critical ; No Slew Rate assignments found.                                          ; I/O                 ;                   ;
; Inapplicable ; IO_000034 ; SI Related Distance Checks        ; Single-ended outputs should be 0 LAB row(s) away from a differential I/O.          ; High     ; No Differential I/O Standard assignments found.                          ; I/O                 ;                   ;
; ----         ; ----      ; Disclaimer                        ; OCT rules are checked but not reported.                                            ; None     ; ----                                                                     ; On Chip Termination ;                   ;
+--------------+-----------+-----------------------------------+------------------------------------------------------------------------------------+----------+--------------------------------------------------------------------------+---------------------+-------------------+


+-----------------------------------------------------------------------------------------------------------------------------------------------------------------------------------------------------------------------------------------------------------------------------------------------------------------------------------------------------------------------------------------------------------------------------------------------+
; I/O Rules Matrix                                                                                                                                                                                                                                                                                                                                                                                                                              ;
+--------------------+--------------+--------------+--------------+--------------+--------------+-----------+--------------+--------------+-----------+-----------+--------------+--------------+--------------+--------------+--------------+--------------+--------------+--------------+--------------+--------------+--------------+--------------+--------------+--------------+--------------+--------------+--------------+--------------+
; Pin/Rules          ; IO_000001    ; IO_000002    ; IO_000003    ; IO_000004    ; IO_000005    ; IO_000006 ; IO_000007    ; IO_000008    ; IO_000009 ; IO_000010 ; IO_000011    ; IO_000012    ; IO_000013    ; IO_000014    ; IO_000015    ; IO_000018    ; IO_000019    ; IO_000020    ; IO_000021    ; IO_000022    ; IO_000023    ; IO_000024    ; IO_000026    ; IO_000027    ; IO_000045    ; IO_000046    ; IO_000047    ; IO_000034    ;
+--------------------+--------------+--------------+--------------+--------------+--------------+-----------+--------------+--------------+-----------+-----------+--------------+--------------+--------------+--------------+--------------+--------------+--------------+--------------+--------------+--------------+--------------+--------------+--------------+--------------+--------------+--------------+--------------+--------------+
; Total Pass         ; 0            ; 0            ; 0            ; 0            ; 0            ; 0         ; 0            ; 0            ; 0         ; 0         ; 0            ; 0            ; 0            ; 0            ; 0            ; 0            ; 0            ; 0            ; 0            ; 0            ; 0            ; 227          ; 0            ; 0            ; 0            ; 0            ; 0            ; 0            ;
; Total Unchecked    ; 0            ; 0            ; 0            ; 0            ; 0            ; 277       ; 0            ; 0            ; 277       ; 277       ; 0            ; 227          ; 0            ; 0            ; 0            ; 0            ; 227          ; 0            ; 0            ; 0            ; 0            ; 0            ; 0            ; 0            ; 0            ; 0            ; 0            ; 0            ;
; Total Inapplicable ; 277          ; 277          ; 277          ; 277          ; 277          ; 0         ; 277          ; 277          ; 0         ; 0         ; 277          ; 50           ; 277          ; 277          ; 277          ; 277          ; 50           ; 277          ; 277          ; 277          ; 277          ; 50           ; 277          ; 277          ; 277          ; 277          ; 277          ; 277          ;
; Total Fail         ; 0            ; 0            ; 0            ; 0            ; 0            ; 0         ; 0            ; 0            ; 0         ; 0         ; 0            ; 0            ; 0            ; 0            ; 0            ; 0            ; 0            ; 0            ; 0            ; 0            ; 0            ; 0            ; 0            ; 0            ; 0            ; 0            ; 0            ; 0            ;
; keyData[0]         ; Inapplicable ; Inapplicable ; Inapplicable ; Inapplicable ; Inapplicable ; Unchecked ; Inapplicable ; Inapplicable ; Unchecked ; Unchecked ; Inapplicable ; Inapplicable ; Inapplicable ; Inapplicable ; Inapplicable ; Inapplicable ; Inapplicable ; Inapplicable ; Inapplicable ; Inapplicable ; Inapplicable ; Inapplicable ; Inapplicable ; Inapplicable ; Inapplicable ; Inapplicable ; Inapplicable ; Inapplicable ;
; keyData[1]         ; Inapplicable ; Inapplicable ; Inapplicable ; Inapplicable ; Inapplicable ; Unchecked ; Inapplicable ; Inapplicable ; Unchecked ; Unchecked ; Inapplicable ; Inapplicable ; Inapplicable ; Inapplicable ; Inapplicable ; Inapplicable ; Inapplicable ; Inapplicable ; Inapplicable ; Inapplicable ; Inapplicable ; Inapplicable ; Inapplicable ; Inapplicable ; Inapplicable ; Inapplicable ; Inapplicable ; Inapplicable ;
; keyData[2]         ; Inapplicable ; Inapplicable ; Inapplicable ; Inapplicable ; Inapplicable ; Unchecked ; Inapplicable ; Inapplicable ; Unchecked ; Unchecked ; Inapplicable ; Inapplicable ; Inapplicable ; Inapplicable ; Inapplicable ; Inapplicable ; Inapplicable ; Inapplicable ; Inapplicable ; Inapplicable ; Inapplicable ; Inapplicable ; Inapplicable ; Inapplicable ; Inapplicable ; Inapplicable ; Inapplicable ; Inapplicable ;
; keyData[3]         ; Inapplicable ; Inapplicable ; Inapplicable ; Inapplicable ; Inapplicable ; Unchecked ; Inapplicable ; Inapplicable ; Unchecked ; Unchecked ; Inapplicable ; Inapplicable ; Inapplicable ; Inapplicable ; Inapplicable ; Inapplicable ; Inapplicable ; Inapplicable ; Inapplicable ; Inapplicable ; Inapplicable ; Inapplicable ; Inapplicable ; Inapplicable ; Inapplicable ; Inapplicable ; Inapplicable ; Inapplicable ;
; keyData[4]         ; Inapplicable ; Inapplicable ; Inapplicable ; Inapplicable ; Inapplicable ; Unchecked ; Inapplicable ; Inapplicable ; Unchecked ; Unchecked ; Inapplicable ; Inapplicable ; Inapplicable ; Inapplicable ; Inapplicable ; Inapplicable ; Inapplicable ; Inapplicable ; Inapplicable ; Inapplicable ; Inapplicable ; Inapplicable ; Inapplicable ; Inapplicable ; Inapplicable ; Inapplicable ; Inapplicable ; Inapplicable ;
; keyData[5]         ; Inapplicable ; Inapplicable ; Inapplicable ; Inapplicable ; Inapplicable ; Unchecked ; Inapplicable ; Inapplicable ; Unchecked ; Unchecked ; Inapplicable ; Inapplicable ; Inapplicable ; Inapplicable ; Inapplicable ; Inapplicable ; Inapplicable ; Inapplicable ; Inapplicable ; Inapplicable ; Inapplicable ; Inapplicable ; Inapplicable ; Inapplicable ; Inapplicable ; Inapplicable ; Inapplicable ; Inapplicable ;
; keyData[6]         ; Inapplicable ; Inapplicable ; Inapplicable ; Inapplicable ; Inapplicable ; Unchecked ; Inapplicable ; Inapplicable ; Unchecked ; Unchecked ; Inapplicable ; Inapplicable ; Inapplicable ; Inapplicable ; Inapplicable ; Inapplicable ; Inapplicable ; Inapplicable ; Inapplicable ; Inapplicable ; Inapplicable ; Inapplicable ; Inapplicable ; Inapplicable ; Inapplicable ; Inapplicable ; Inapplicable ; Inapplicable ;
; keyData[7]         ; Inapplicable ; Inapplicable ; Inapplicable ; Inapplicable ; Inapplicable ; Unchecked ; Inapplicable ; Inapplicable ; Unchecked ; Unchecked ; Inapplicable ; Inapplicable ; Inapplicable ; Inapplicable ; Inapplicable ; Inapplicable ; Inapplicable ; Inapplicable ; Inapplicable ; Inapplicable ; Inapplicable ; Inapplicable ; Inapplicable ; Inapplicable ; Inapplicable ; Inapplicable ; Inapplicable ; Inapplicable ;
; keyData[8]         ; Inapplicable ; Inapplicable ; Inapplicable ; Inapplicable ; Inapplicable ; Unchecked ; Inapplicable ; Inapplicable ; Unchecked ; Unchecked ; Inapplicable ; Inapplicable ; Inapplicable ; Inapplicable ; Inapplicable ; Inapplicable ; Inapplicable ; Inapplicable ; Inapplicable ; Inapplicable ; Inapplicable ; Inapplicable ; Inapplicable ; Inapplicable ; Inapplicable ; Inapplicable ; Inapplicable ; Inapplicable ;
; keyData[9]         ; Inapplicable ; Inapplicable ; Inapplicable ; Inapplicable ; Inapplicable ; Unchecked ; Inapplicable ; Inapplicable ; Unchecked ; Unchecked ; Inapplicable ; Inapplicable ; Inapplicable ; Inapplicable ; Inapplicable ; Inapplicable ; Inapplicable ; Inapplicable ; Inapplicable ; Inapplicable ; Inapplicable ; Inapplicable ; Inapplicable ; Inapplicable ; Inapplicable ; Inapplicable ; Inapplicable ; Inapplicable ;
; keyData[10]        ; Inapplicable ; Inapplicable ; Inapplicable ; Inapplicable ; Inapplicable ; Unchecked ; Inapplicable ; Inapplicable ; Unchecked ; Unchecked ; Inapplicable ; Inapplicable ; Inapplicable ; Inapplicable ; Inapplicable ; Inapplicable ; Inapplicable ; Inapplicable ; Inapplicable ; Inapplicable ; Inapplicable ; Inapplicable ; Inapplicable ; Inapplicable ; Inapplicable ; Inapplicable ; Inapplicable ; Inapplicable ;
; keyData[11]        ; Inapplicable ; Inapplicable ; Inapplicable ; Inapplicable ; Inapplicable ; Unchecked ; Inapplicable ; Inapplicable ; Unchecked ; Unchecked ; Inapplicable ; Inapplicable ; Inapplicable ; Inapplicable ; Inapplicable ; Inapplicable ; Inapplicable ; Inapplicable ; Inapplicable ; Inapplicable ; Inapplicable ; Inapplicable ; Inapplicable ; Inapplicable ; Inapplicable ; Inapplicable ; Inapplicable ; Inapplicable ;
; keyData[12]        ; Inapplicable ; Inapplicable ; Inapplicable ; Inapplicable ; Inapplicable ; Unchecked ; Inapplicable ; Inapplicable ; Unchecked ; Unchecked ; Inapplicable ; Inapplicable ; Inapplicable ; Inapplicable ; Inapplicable ; Inapplicable ; Inapplicable ; Inapplicable ; Inapplicable ; Inapplicable ; Inapplicable ; Inapplicable ; Inapplicable ; Inapplicable ; Inapplicable ; Inapplicable ; Inapplicable ; Inapplicable ;
; keyData[13]        ; Inapplicable ; Inapplicable ; Inapplicable ; Inapplicable ; Inapplicable ; Unchecked ; Inapplicable ; Inapplicable ; Unchecked ; Unchecked ; Inapplicable ; Inapplicable ; Inapplicable ; Inapplicable ; Inapplicable ; Inapplicable ; Inapplicable ; Inapplicable ; Inapplicable ; Inapplicable ; Inapplicable ; Inapplicable ; Inapplicable ; Inapplicable ; Inapplicable ; Inapplicable ; Inapplicable ; Inapplicable ;
; keyData[14]        ; Inapplicable ; Inapplicable ; Inapplicable ; Inapplicable ; Inapplicable ; Unchecked ; Inapplicable ; Inapplicable ; Unchecked ; Unchecked ; Inapplicable ; Inapplicable ; Inapplicable ; Inapplicable ; Inapplicable ; Inapplicable ; Inapplicable ; Inapplicable ; Inapplicable ; Inapplicable ; Inapplicable ; Inapplicable ; Inapplicable ; Inapplicable ; Inapplicable ; Inapplicable ; Inapplicable ; Inapplicable ;
; keyData[15]        ; Inapplicable ; Inapplicable ; Inapplicable ; Inapplicable ; Inapplicable ; Unchecked ; Inapplicable ; Inapplicable ; Unchecked ; Unchecked ; Inapplicable ; Inapplicable ; Inapplicable ; Inapplicable ; Inapplicable ; Inapplicable ; Inapplicable ; Inapplicable ; Inapplicable ; Inapplicable ; Inapplicable ; Inapplicable ; Inapplicable ; Inapplicable ; Inapplicable ; Inapplicable ; Inapplicable ; Inapplicable ;
; fromData[0]        ; Inapplicable ; Inapplicable ; Inapplicable ; Inapplicable ; Inapplicable ; Unchecked ; Inapplicable ; Inapplicable ; Unchecked ; Unchecked ; Inapplicable ; Inapplicable ; Inapplicable ; Inapplicable ; Inapplicable ; Inapplicable ; Inapplicable ; Inapplicable ; Inapplicable ; Inapplicable ; Inapplicable ; Inapplicable ; Inapplicable ; Inapplicable ; Inapplicable ; Inapplicable ; Inapplicable ; Inapplicable ;
; fromData[1]        ; Inapplicable ; Inapplicable ; Inapplicable ; Inapplicable ; Inapplicable ; Unchecked ; Inapplicable ; Inapplicable ; Unchecked ; Unchecked ; Inapplicable ; Inapplicable ; Inapplicable ; Inapplicable ; Inapplicable ; Inapplicable ; Inapplicable ; Inapplicable ; Inapplicable ; Inapplicable ; Inapplicable ; Inapplicable ; Inapplicable ; Inapplicable ; Inapplicable ; Inapplicable ; Inapplicable ; Inapplicable ;
; fromData[2]        ; Inapplicable ; Inapplicable ; Inapplicable ; Inapplicable ; Inapplicable ; Unchecked ; Inapplicable ; Inapplicable ; Unchecked ; Unchecked ; Inapplicable ; Inapplicable ; Inapplicable ; Inapplicable ; Inapplicable ; Inapplicable ; Inapplicable ; Inapplicable ; Inapplicable ; Inapplicable ; Inapplicable ; Inapplicable ; Inapplicable ; Inapplicable ; Inapplicable ; Inapplicable ; Inapplicable ; Inapplicable ;
; fromData[3]        ; Inapplicable ; Inapplicable ; Inapplicable ; Inapplicable ; Inapplicable ; Unchecked ; Inapplicable ; Inapplicable ; Unchecked ; Unchecked ; Inapplicable ; Inapplicable ; Inapplicable ; Inapplicable ; Inapplicable ; Inapplicable ; Inapplicable ; Inapplicable ; Inapplicable ; Inapplicable ; Inapplicable ; Inapplicable ; Inapplicable ; Inapplicable ; Inapplicable ; Inapplicable ; Inapplicable ; Inapplicable ;
; fromData[4]        ; Inapplicable ; Inapplicable ; Inapplicable ; Inapplicable ; Inapplicable ; Unchecked ; Inapplicable ; Inapplicable ; Unchecked ; Unchecked ; Inapplicable ; Inapplicable ; Inapplicable ; Inapplicable ; Inapplicable ; Inapplicable ; Inapplicable ; Inapplicable ; Inapplicable ; Inapplicable ; Inapplicable ; Inapplicable ; Inapplicable ; Inapplicable ; Inapplicable ; Inapplicable ; Inapplicable ; Inapplicable ;
; fromData[5]        ; Inapplicable ; Inapplicable ; Inapplicable ; Inapplicable ; Inapplicable ; Unchecked ; Inapplicable ; Inapplicable ; Unchecked ; Unchecked ; Inapplicable ; Inapplicable ; Inapplicable ; Inapplicable ; Inapplicable ; Inapplicable ; Inapplicable ; Inapplicable ; Inapplicable ; Inapplicable ; Inapplicable ; Inapplicable ; Inapplicable ; Inapplicable ; Inapplicable ; Inapplicable ; Inapplicable ; Inapplicable ;
; fromData[6]        ; Inapplicable ; Inapplicable ; Inapplicable ; Inapplicable ; Inapplicable ; Unchecked ; Inapplicable ; Inapplicable ; Unchecked ; Unchecked ; Inapplicable ; Inapplicable ; Inapplicable ; Inapplicable ; Inapplicable ; Inapplicable ; Inapplicable ; Inapplicable ; Inapplicable ; Inapplicable ; Inapplicable ; Inapplicable ; Inapplicable ; Inapplicable ; Inapplicable ; Inapplicable ; Inapplicable ; Inapplicable ;
; fromData[7]        ; Inapplicable ; Inapplicable ; Inapplicable ; Inapplicable ; Inapplicable ; Unchecked ; Inapplicable ; Inapplicable ; Unchecked ; Unchecked ; Inapplicable ; Inapplicable ; Inapplicable ; Inapplicable ; Inapplicable ; Inapplicable ; Inapplicable ; Inapplicable ; Inapplicable ; Inapplicable ; Inapplicable ; Inapplicable ; Inapplicable ; Inapplicable ; Inapplicable ; Inapplicable ; Inapplicable ; Inapplicable ;
; fromData[8]        ; Inapplicable ; Inapplicable ; Inapplicable ; Inapplicable ; Inapplicable ; Unchecked ; Inapplicable ; Inapplicable ; Unchecked ; Unchecked ; Inapplicable ; Inapplicable ; Inapplicable ; Inapplicable ; Inapplicable ; Inapplicable ; Inapplicable ; Inapplicable ; Inapplicable ; Inapplicable ; Inapplicable ; Inapplicable ; Inapplicable ; Inapplicable ; Inapplicable ; Inapplicable ; Inapplicable ; Inapplicable ;
; fromData[9]        ; Inapplicable ; Inapplicable ; Inapplicable ; Inapplicable ; Inapplicable ; Unchecked ; Inapplicable ; Inapplicable ; Unchecked ; Unchecked ; Inapplicable ; Inapplicable ; Inapplicable ; Inapplicable ; Inapplicable ; Inapplicable ; Inapplicable ; Inapplicable ; Inapplicable ; Inapplicable ; Inapplicable ; Inapplicable ; Inapplicable ; Inapplicable ; Inapplicable ; Inapplicable ; Inapplicable ; Inapplicable ;
; fromData[10]       ; Inapplicable ; Inapplicable ; Inapplicable ; Inapplicable ; Inapplicable ; Unchecked ; Inapplicable ; Inapplicable ; Unchecked ; Unchecked ; Inapplicable ; Inapplicable ; Inapplicable ; Inapplicable ; Inapplicable ; Inapplicable ; Inapplicable ; Inapplicable ; Inapplicable ; Inapplicable ; Inapplicable ; Inapplicable ; Inapplicable ; Inapplicable ; Inapplicable ; Inapplicable ; Inapplicable ; Inapplicable ;
; fromData[11]       ; Inapplicable ; Inapplicable ; Inapplicable ; Inapplicable ; Inapplicable ; Unchecked ; Inapplicable ; Inapplicable ; Unchecked ; Unchecked ; Inapplicable ; Inapplicable ; Inapplicable ; Inapplicable ; Inapplicable ; Inapplicable ; Inapplicable ; Inapplicable ; Inapplicable ; Inapplicable ; Inapplicable ; Inapplicable ; Inapplicable ; Inapplicable ; Inapplicable ; Inapplicable ; Inapplicable ; Inapplicable ;
; fromData[12]       ; Inapplicable ; Inapplicable ; Inapplicable ; Inapplicable ; Inapplicable ; Unchecked ; Inapplicable ; Inapplicable ; Unchecked ; Unchecked ; Inapplicable ; Inapplicable ; Inapplicable ; Inapplicable ; Inapplicable ; Inapplicable ; Inapplicable ; Inapplicable ; Inapplicable ; Inapplicable ; Inapplicable ; Inapplicable ; Inapplicable ; Inapplicable ; Inapplicable ; Inapplicable ; Inapplicable ; Inapplicable ;
; fromData[13]       ; Inapplicable ; Inapplicable ; Inapplicable ; Inapplicable ; Inapplicable ; Unchecked ; Inapplicable ; Inapplicable ; Unchecked ; Unchecked ; Inapplicable ; Inapplicable ; Inapplicable ; Inapplicable ; Inapplicable ; Inapplicable ; Inapplicable ; Inapplicable ; Inapplicable ; Inapplicable ; Inapplicable ; Inapplicable ; Inapplicable ; Inapplicable ; Inapplicable ; Inapplicable ; Inapplicable ; Inapplicable ;
; fromData[14]       ; Inapplicable ; Inapplicable ; Inapplicable ; Inapplicable ; Inapplicable ; Unchecked ; Inapplicable ; Inapplicable ; Unchecked ; Unchecked ; Inapplicable ; Inapplicable ; Inapplicable ; Inapplicable ; Inapplicable ; Inapplicable ; Inapplicable ; Inapplicable ; Inapplicable ; Inapplicable ; Inapplicable ; Inapplicable ; Inapplicable ; Inapplicable ; Inapplicable ; Inapplicable ; Inapplicable ; Inapplicable ;
; fromData[15]       ; Inapplicable ; Inapplicable ; Inapplicable ; Inapplicable ; Inapplicable ; Unchecked ; Inapplicable ; Inapplicable ; Unchecked ; Unchecked ; Inapplicable ; Inapplicable ; Inapplicable ; Inapplicable ; Inapplicable ; Inapplicable ; Inapplicable ; Inapplicable ; Inapplicable ; Inapplicable ; Inapplicable ; Inapplicable ; Inapplicable ; Inapplicable ; Inapplicable ; Inapplicable ; Inapplicable ; Inapplicable ;
; instr[0]           ; Inapplicable ; Inapplicable ; Inapplicable ; Inapplicable ; Inapplicable ; Unchecked ; Inapplicable ; Inapplicable ; Unchecked ; Unchecked ; Inapplicable ; Inapplicable ; Inapplicable ; Inapplicable ; Inapplicable ; Inapplicable ; Inapplicable ; Inapplicable ; Inapplicable ; Inapplicable ; Inapplicable ; Inapplicable ; Inapplicable ; Inapplicable ; Inapplicable ; Inapplicable ; Inapplicable ; Inapplicable ;
; instr[1]           ; Inapplicable ; Inapplicable ; Inapplicable ; Inapplicable ; Inapplicable ; Unchecked ; Inapplicable ; Inapplicable ; Unchecked ; Unchecked ; Inapplicable ; Inapplicable ; Inapplicable ; Inapplicable ; Inapplicable ; Inapplicable ; Inapplicable ; Inapplicable ; Inapplicable ; Inapplicable ; Inapplicable ; Inapplicable ; Inapplicable ; Inapplicable ; Inapplicable ; Inapplicable ; Inapplicable ; Inapplicable ;
; instr[2]           ; Inapplicable ; Inapplicable ; Inapplicable ; Inapplicable ; Inapplicable ; Unchecked ; Inapplicable ; Inapplicable ; Unchecked ; Unchecked ; Inapplicable ; Inapplicable ; Inapplicable ; Inapplicable ; Inapplicable ; Inapplicable ; Inapplicable ; Inapplicable ; Inapplicable ; Inapplicable ; Inapplicable ; Inapplicable ; Inapplicable ; Inapplicable ; Inapplicable ; Inapplicable ; Inapplicable ; Inapplicable ;
; instr[3]           ; Inapplicable ; Inapplicable ; Inapplicable ; Inapplicable ; Inapplicable ; Unchecked ; Inapplicable ; Inapplicable ; Unchecked ; Unchecked ; Inapplicable ; Inapplicable ; Inapplicable ; Inapplicable ; Inapplicable ; Inapplicable ; Inapplicable ; Inapplicable ; Inapplicable ; Inapplicable ; Inapplicable ; Inapplicable ; Inapplicable ; Inapplicable ; Inapplicable ; Inapplicable ; Inapplicable ; Inapplicable ;
; instr[4]           ; Inapplicable ; Inapplicable ; Inapplicable ; Inapplicable ; Inapplicable ; Unchecked ; Inapplicable ; Inapplicable ; Unchecked ; Unchecked ; Inapplicable ; Inapplicable ; Inapplicable ; Inapplicable ; Inapplicable ; Inapplicable ; Inapplicable ; Inapplicable ; Inapplicable ; Inapplicable ; Inapplicable ; Inapplicable ; Inapplicable ; Inapplicable ; Inapplicable ; Inapplicable ; Inapplicable ; Inapplicable ;
; instr[5]           ; Inapplicable ; Inapplicable ; Inapplicable ; Inapplicable ; Inapplicable ; Unchecked ; Inapplicable ; Inapplicable ; Unchecked ; Unchecked ; Inapplicable ; Inapplicable ; Inapplicable ; Inapplicable ; Inapplicable ; Inapplicable ; Inapplicable ; Inapplicable ; Inapplicable ; Inapplicable ; Inapplicable ; Inapplicable ; Inapplicable ; Inapplicable ; Inapplicable ; Inapplicable ; Inapplicable ; Inapplicable ;
; instr[6]           ; Inapplicable ; Inapplicable ; Inapplicable ; Inapplicable ; Inapplicable ; Unchecked ; Inapplicable ; Inapplicable ; Unchecked ; Unchecked ; Inapplicable ; Inapplicable ; Inapplicable ; Inapplicable ; Inapplicable ; Inapplicable ; Inapplicable ; Inapplicable ; Inapplicable ; Inapplicable ; Inapplicable ; Inapplicable ; Inapplicable ; Inapplicable ; Inapplicable ; Inapplicable ; Inapplicable ; Inapplicable ;
; instr[7]           ; Inapplicable ; Inapplicable ; Inapplicable ; Inapplicable ; Inapplicable ; Unchecked ; Inapplicable ; Inapplicable ; Unchecked ; Unchecked ; Inapplicable ; Inapplicable ; Inapplicable ; Inapplicable ; Inapplicable ; Inapplicable ; Inapplicable ; Inapplicable ; Inapplicable ; Inapplicable ; Inapplicable ; Inapplicable ; Inapplicable ; Inapplicable ; Inapplicable ; Inapplicable ; Inapplicable ; Inapplicable ;
; instr[8]           ; Inapplicable ; Inapplicable ; Inapplicable ; Inapplicable ; Inapplicable ; Unchecked ; Inapplicable ; Inapplicable ; Unchecked ; Unchecked ; Inapplicable ; Inapplicable ; Inapplicable ; Inapplicable ; Inapplicable ; Inapplicable ; Inapplicable ; Inapplicable ; Inapplicable ; Inapplicable ; Inapplicable ; Inapplicable ; Inapplicable ; Inapplicable ; Inapplicable ; Inapplicable ; Inapplicable ; Inapplicable ;
; instr[9]           ; Inapplicable ; Inapplicable ; Inapplicable ; Inapplicable ; Inapplicable ; Unchecked ; Inapplicable ; Inapplicable ; Unchecked ; Unchecked ; Inapplicable ; Inapplicable ; Inapplicable ; Inapplicable ; Inapplicable ; Inapplicable ; Inapplicable ; Inapplicable ; Inapplicable ; Inapplicable ; Inapplicable ; Inapplicable ; Inapplicable ; Inapplicable ; Inapplicable ; Inapplicable ; Inapplicable ; Inapplicable ;
; instr[10]          ; Inapplicable ; Inapplicable ; Inapplicable ; Inapplicable ; Inapplicable ; Unchecked ; Inapplicable ; Inapplicable ; Unchecked ; Unchecked ; Inapplicable ; Inapplicable ; Inapplicable ; Inapplicable ; Inapplicable ; Inapplicable ; Inapplicable ; Inapplicable ; Inapplicable ; Inapplicable ; Inapplicable ; Inapplicable ; Inapplicable ; Inapplicable ; Inapplicable ; Inapplicable ; Inapplicable ; Inapplicable ;
; instr[11]          ; Inapplicable ; Inapplicable ; Inapplicable ; Inapplicable ; Inapplicable ; Unchecked ; Inapplicable ; Inapplicable ; Unchecked ; Unchecked ; Inapplicable ; Inapplicable ; Inapplicable ; Inapplicable ; Inapplicable ; Inapplicable ; Inapplicable ; Inapplicable ; Inapplicable ; Inapplicable ; Inapplicable ; Inapplicable ; Inapplicable ; Inapplicable ; Inapplicable ; Inapplicable ; Inapplicable ; Inapplicable ;
; clock2             ; Inapplicable ; Inapplicable ; Inapplicable ; Inapplicable ; Inapplicable ; Unchecked ; Inapplicable ; Inapplicable ; Unchecked ; Unchecked ; Inapplicable ; Inapplicable ; Inapplicable ; Inapplicable ; Inapplicable ; Inapplicable ; Inapplicable ; Inapplicable ; Inapplicable ; Inapplicable ; Inapplicable ; Inapplicable ; Inapplicable ; Inapplicable ; Inapplicable ; Inapplicable ; Inapplicable ; Inapplicable ;
; printEnable        ; Inapplicable ; Inapplicable ; Inapplicable ; Inapplicable ; Inapplicable ; Unchecked ; Inapplicable ; Inapplicable ; Unchecked ; Unchecked ; Inapplicable ; Unchecked    ; Inapplicable ; Inapplicable ; Inapplicable ; Inapplicable ; Unchecked    ; Inapplicable ; Inapplicable ; Inapplicable ; Inapplicable ; Pass         ; Inapplicable ; Inapplicable ; Inapplicable ; Inapplicable ; Inapplicable ; Inapplicable ;
; keyEnable          ; Inapplicable ; Inapplicable ; Inapplicable ; Inapplicable ; Inapplicable ; Unchecked ; Inapplicable ; Inapplicable ; Unchecked ; Unchecked ; Inapplicable ; Unchecked    ; Inapplicable ; Inapplicable ; Inapplicable ; Inapplicable ; Unchecked    ; Inapplicable ; Inapplicable ; Inapplicable ; Inapplicable ; Pass         ; Inapplicable ; Inapplicable ; Inapplicable ; Inapplicable ; Inapplicable ; Inapplicable ;
; DataWriteFlag      ; Inapplicable ; Inapplicable ; Inapplicable ; Inapplicable ; Inapplicable ; Unchecked ; Inapplicable ; Inapplicable ; Unchecked ; Unchecked ; Inapplicable ; Unchecked    ; Inapplicable ; Inapplicable ; Inapplicable ; Inapplicable ; Unchecked    ; Inapplicable ; Inapplicable ; Inapplicable ; Inapplicable ; Pass         ; Inapplicable ; Inapplicable ; Inapplicable ; Inapplicable ; Inapplicable ; Inapplicable ;
; dataAD[0]          ; Inapplicable ; Inapplicable ; Inapplicable ; Inapplicable ; Inapplicable ; Unchecked ; Inapplicable ; Inapplicable ; Unchecked ; Unchecked ; Inapplicable ; Unchecked    ; Inapplicable ; Inapplicable ; Inapplicable ; Inapplicable ; Unchecked    ; Inapplicable ; Inapplicable ; Inapplicable ; Inapplicable ; Pass         ; Inapplicable ; Inapplicable ; Inapplicable ; Inapplicable ; Inapplicable ; Inapplicable ;
; dataAD[1]          ; Inapplicable ; Inapplicable ; Inapplicable ; Inapplicable ; Inapplicable ; Unchecked ; Inapplicable ; Inapplicable ; Unchecked ; Unchecked ; Inapplicable ; Unchecked    ; Inapplicable ; Inapplicable ; Inapplicable ; Inapplicable ; Unchecked    ; Inapplicable ; Inapplicable ; Inapplicable ; Inapplicable ; Pass         ; Inapplicable ; Inapplicable ; Inapplicable ; Inapplicable ; Inapplicable ; Inapplicable ;
; dataAD[2]          ; Inapplicable ; Inapplicable ; Inapplicable ; Inapplicable ; Inapplicable ; Unchecked ; Inapplicable ; Inapplicable ; Unchecked ; Unchecked ; Inapplicable ; Unchecked    ; Inapplicable ; Inapplicable ; Inapplicable ; Inapplicable ; Unchecked    ; Inapplicable ; Inapplicable ; Inapplicable ; Inapplicable ; Pass         ; Inapplicable ; Inapplicable ; Inapplicable ; Inapplicable ; Inapplicable ; Inapplicable ;
; dataAD[3]          ; Inapplicable ; Inapplicable ; Inapplicable ; Inapplicable ; Inapplicable ; Unchecked ; Inapplicable ; Inapplicable ; Unchecked ; Unchecked ; Inapplicable ; Unchecked    ; Inapplicable ; Inapplicable ; Inapplicable ; Inapplicable ; Unchecked    ; Inapplicable ; Inapplicable ; Inapplicable ; Inapplicable ; Pass         ; Inapplicable ; Inapplicable ; Inapplicable ; Inapplicable ; Inapplicable ; Inapplicable ;
; dataAD[4]          ; Inapplicable ; Inapplicable ; Inapplicable ; Inapplicable ; Inapplicable ; Unchecked ; Inapplicable ; Inapplicable ; Unchecked ; Unchecked ; Inapplicable ; Unchecked    ; Inapplicable ; Inapplicable ; Inapplicable ; Inapplicable ; Unchecked    ; Inapplicable ; Inapplicable ; Inapplicable ; Inapplicable ; Pass         ; Inapplicable ; Inapplicable ; Inapplicable ; Inapplicable ; Inapplicable ; Inapplicable ;
; dataAD[5]          ; Inapplicable ; Inapplicable ; Inapplicable ; Inapplicable ; Inapplicable ; Unchecked ; Inapplicable ; Inapplicable ; Unchecked ; Unchecked ; Inapplicable ; Unchecked    ; Inapplicable ; Inapplicable ; Inapplicable ; Inapplicable ; Unchecked    ; Inapplicable ; Inapplicable ; Inapplicable ; Inapplicable ; Pass         ; Inapplicable ; Inapplicable ; Inapplicable ; Inapplicable ; Inapplicable ; Inapplicable ;
; dataAD[6]          ; Inapplicable ; Inapplicable ; Inapplicable ; Inapplicable ; Inapplicable ; Unchecked ; Inapplicable ; Inapplicable ; Unchecked ; Unchecked ; Inapplicable ; Unchecked    ; Inapplicable ; Inapplicable ; Inapplicable ; Inapplicable ; Unchecked    ; Inapplicable ; Inapplicable ; Inapplicable ; Inapplicable ; Pass         ; Inapplicable ; Inapplicable ; Inapplicable ; Inapplicable ; Inapplicable ; Inapplicable ;
; dataAD[7]          ; Inapplicable ; Inapplicable ; Inapplicable ; Inapplicable ; Inapplicable ; Unchecked ; Inapplicable ; Inapplicable ; Unchecked ; Unchecked ; Inapplicable ; Unchecked    ; Inapplicable ; Inapplicable ; Inapplicable ; Inapplicable ; Unchecked    ; Inapplicable ; Inapplicable ; Inapplicable ; Inapplicable ; Pass         ; Inapplicable ; Inapplicable ; Inapplicable ; Inapplicable ; Inapplicable ; Inapplicable ;
; dataAD[8]          ; Inapplicable ; Inapplicable ; Inapplicable ; Inapplicable ; Inapplicable ; Unchecked ; Inapplicable ; Inapplicable ; Unchecked ; Unchecked ; Inapplicable ; Unchecked    ; Inapplicable ; Inapplicable ; Inapplicable ; Inapplicable ; Unchecked    ; Inapplicable ; Inapplicable ; Inapplicable ; Inapplicable ; Pass         ; Inapplicable ; Inapplicable ; Inapplicable ; Inapplicable ; Inapplicable ; Inapplicable ;
; dataAD[9]          ; Inapplicable ; Inapplicable ; Inapplicable ; Inapplicable ; Inapplicable ; Unchecked ; Inapplicable ; Inapplicable ; Unchecked ; Unchecked ; Inapplicable ; Unchecked    ; Inapplicable ; Inapplicable ; Inapplicable ; Inapplicable ; Unchecked    ; Inapplicable ; Inapplicable ; Inapplicable ; Inapplicable ; Pass         ; Inapplicable ; Inapplicable ; Inapplicable ; Inapplicable ; Inapplicable ; Inapplicable ;
; dataAD[10]         ; Inapplicable ; Inapplicable ; Inapplicable ; Inapplicable ; Inapplicable ; Unchecked ; Inapplicable ; Inapplicable ; Unchecked ; Unchecked ; Inapplicable ; Unchecked    ; Inapplicable ; Inapplicable ; Inapplicable ; Inapplicable ; Unchecked    ; Inapplicable ; Inapplicable ; Inapplicable ; Inapplicable ; Pass         ; Inapplicable ; Inapplicable ; Inapplicable ; Inapplicable ; Inapplicable ; Inapplicable ;
; dataAD[11]         ; Inapplicable ; Inapplicable ; Inapplicable ; Inapplicable ; Inapplicable ; Unchecked ; Inapplicable ; Inapplicable ; Unchecked ; Unchecked ; Inapplicable ; Unchecked    ; Inapplicable ; Inapplicable ; Inapplicable ; Inapplicable ; Unchecked    ; Inapplicable ; Inapplicable ; Inapplicable ; Inapplicable ; Pass         ; Inapplicable ; Inapplicable ; Inapplicable ; Inapplicable ; Inapplicable ; Inapplicable ;
; dataAD[12]         ; Inapplicable ; Inapplicable ; Inapplicable ; Inapplicable ; Inapplicable ; Unchecked ; Inapplicable ; Inapplicable ; Unchecked ; Unchecked ; Inapplicable ; Unchecked    ; Inapplicable ; Inapplicable ; Inapplicable ; Inapplicable ; Unchecked    ; Inapplicable ; Inapplicable ; Inapplicable ; Inapplicable ; Pass         ; Inapplicable ; Inapplicable ; Inapplicable ; Inapplicable ; Inapplicable ; Inapplicable ;
; dataAD[13]         ; Inapplicable ; Inapplicable ; Inapplicable ; Inapplicable ; Inapplicable ; Unchecked ; Inapplicable ; Inapplicable ; Unchecked ; Unchecked ; Inapplicable ; Unchecked    ; Inapplicable ; Inapplicable ; Inapplicable ; Inapplicable ; Unchecked    ; Inapplicable ; Inapplicable ; Inapplicable ; Inapplicable ; Pass         ; Inapplicable ; Inapplicable ; Inapplicable ; Inapplicable ; Inapplicable ; Inapplicable ;
; dataAD[14]         ; Inapplicable ; Inapplicable ; Inapplicable ; Inapplicable ; Inapplicable ; Unchecked ; Inapplicable ; Inapplicable ; Unchecked ; Unchecked ; Inapplicable ; Unchecked    ; Inapplicable ; Inapplicable ; Inapplicable ; Inapplicable ; Unchecked    ; Inapplicable ; Inapplicable ; Inapplicable ; Inapplicable ; Pass         ; Inapplicable ; Inapplicable ; Inapplicable ; Inapplicable ; Inapplicable ; Inapplicable ;
; dataAD[15]         ; Inapplicable ; Inapplicable ; Inapplicable ; Inapplicable ; Inapplicable ; Unchecked ; Inapplicable ; Inapplicable ; Unchecked ; Unchecked ; Inapplicable ; Unchecked    ; Inapplicable ; Inapplicable ; Inapplicable ; Inapplicable ; Unchecked    ; Inapplicable ; Inapplicable ; Inapplicable ; Inapplicable ; Pass         ; Inapplicable ; Inapplicable ; Inapplicable ; Inapplicable ; Inapplicable ; Inapplicable ;
; toData[0]          ; Inapplicable ; Inapplicable ; Inapplicable ; Inapplicable ; Inapplicable ; Unchecked ; Inapplicable ; Inapplicable ; Unchecked ; Unchecked ; Inapplicable ; Unchecked    ; Inapplicable ; Inapplicable ; Inapplicable ; Inapplicable ; Unchecked    ; Inapplicable ; Inapplicable ; Inapplicable ; Inapplicable ; Pass         ; Inapplicable ; Inapplicable ; Inapplicable ; Inapplicable ; Inapplicable ; Inapplicable ;
; toData[1]          ; Inapplicable ; Inapplicable ; Inapplicable ; Inapplicable ; Inapplicable ; Unchecked ; Inapplicable ; Inapplicable ; Unchecked ; Unchecked ; Inapplicable ; Unchecked    ; Inapplicable ; Inapplicable ; Inapplicable ; Inapplicable ; Unchecked    ; Inapplicable ; Inapplicable ; Inapplicable ; Inapplicable ; Pass         ; Inapplicable ; Inapplicable ; Inapplicable ; Inapplicable ; Inapplicable ; Inapplicable ;
; toData[2]          ; Inapplicable ; Inapplicable ; Inapplicable ; Inapplicable ; Inapplicable ; Unchecked ; Inapplicable ; Inapplicable ; Unchecked ; Unchecked ; Inapplicable ; Unchecked    ; Inapplicable ; Inapplicable ; Inapplicable ; Inapplicable ; Unchecked    ; Inapplicable ; Inapplicable ; Inapplicable ; Inapplicable ; Pass         ; Inapplicable ; Inapplicable ; Inapplicable ; Inapplicable ; Inapplicable ; Inapplicable ;
; toData[3]          ; Inapplicable ; Inapplicable ; Inapplicable ; Inapplicable ; Inapplicable ; Unchecked ; Inapplicable ; Inapplicable ; Unchecked ; Unchecked ; Inapplicable ; Unchecked    ; Inapplicable ; Inapplicable ; Inapplicable ; Inapplicable ; Unchecked    ; Inapplicable ; Inapplicable ; Inapplicable ; Inapplicable ; Pass         ; Inapplicable ; Inapplicable ; Inapplicable ; Inapplicable ; Inapplicable ; Inapplicable ;
; toData[4]          ; Inapplicable ; Inapplicable ; Inapplicable ; Inapplicable ; Inapplicable ; Unchecked ; Inapplicable ; Inapplicable ; Unchecked ; Unchecked ; Inapplicable ; Unchecked    ; Inapplicable ; Inapplicable ; Inapplicable ; Inapplicable ; Unchecked    ; Inapplicable ; Inapplicable ; Inapplicable ; Inapplicable ; Pass         ; Inapplicable ; Inapplicable ; Inapplicable ; Inapplicable ; Inapplicable ; Inapplicable ;
; toData[5]          ; Inapplicable ; Inapplicable ; Inapplicable ; Inapplicable ; Inapplicable ; Unchecked ; Inapplicable ; Inapplicable ; Unchecked ; Unchecked ; Inapplicable ; Unchecked    ; Inapplicable ; Inapplicable ; Inapplicable ; Inapplicable ; Unchecked    ; Inapplicable ; Inapplicable ; Inapplicable ; Inapplicable ; Pass         ; Inapplicable ; Inapplicable ; Inapplicable ; Inapplicable ; Inapplicable ; Inapplicable ;
; toData[6]          ; Inapplicable ; Inapplicable ; Inapplicable ; Inapplicable ; Inapplicable ; Unchecked ; Inapplicable ; Inapplicable ; Unchecked ; Unchecked ; Inapplicable ; Unchecked    ; Inapplicable ; Inapplicable ; Inapplicable ; Inapplicable ; Unchecked    ; Inapplicable ; Inapplicable ; Inapplicable ; Inapplicable ; Pass         ; Inapplicable ; Inapplicable ; Inapplicable ; Inapplicable ; Inapplicable ; Inapplicable ;
; toData[7]          ; Inapplicable ; Inapplicable ; Inapplicable ; Inapplicable ; Inapplicable ; Unchecked ; Inapplicable ; Inapplicable ; Unchecked ; Unchecked ; Inapplicable ; Unchecked    ; Inapplicable ; Inapplicable ; Inapplicable ; Inapplicable ; Unchecked    ; Inapplicable ; Inapplicable ; Inapplicable ; Inapplicable ; Pass         ; Inapplicable ; Inapplicable ; Inapplicable ; Inapplicable ; Inapplicable ; Inapplicable ;
; toData[8]          ; Inapplicable ; Inapplicable ; Inapplicable ; Inapplicable ; Inapplicable ; Unchecked ; Inapplicable ; Inapplicable ; Unchecked ; Unchecked ; Inapplicable ; Unchecked    ; Inapplicable ; Inapplicable ; Inapplicable ; Inapplicable ; Unchecked    ; Inapplicable ; Inapplicable ; Inapplicable ; Inapplicable ; Pass         ; Inapplicable ; Inapplicable ; Inapplicable ; Inapplicable ; Inapplicable ; Inapplicable ;
; toData[9]          ; Inapplicable ; Inapplicable ; Inapplicable ; Inapplicable ; Inapplicable ; Unchecked ; Inapplicable ; Inapplicable ; Unchecked ; Unchecked ; Inapplicable ; Unchecked    ; Inapplicable ; Inapplicable ; Inapplicable ; Inapplicable ; Unchecked    ; Inapplicable ; Inapplicable ; Inapplicable ; Inapplicable ; Pass         ; Inapplicable ; Inapplicable ; Inapplicable ; Inapplicable ; Inapplicable ; Inapplicable ;
; toData[10]         ; Inapplicable ; Inapplicable ; Inapplicable ; Inapplicable ; Inapplicable ; Unchecked ; Inapplicable ; Inapplicable ; Unchecked ; Unchecked ; Inapplicable ; Unchecked    ; Inapplicable ; Inapplicable ; Inapplicable ; Inapplicable ; Unchecked    ; Inapplicable ; Inapplicable ; Inapplicable ; Inapplicable ; Pass         ; Inapplicable ; Inapplicable ; Inapplicable ; Inapplicable ; Inapplicable ; Inapplicable ;
; toData[11]         ; Inapplicable ; Inapplicable ; Inapplicable ; Inapplicable ; Inapplicable ; Unchecked ; Inapplicable ; Inapplicable ; Unchecked ; Unchecked ; Inapplicable ; Unchecked    ; Inapplicable ; Inapplicable ; Inapplicable ; Inapplicable ; Unchecked    ; Inapplicable ; Inapplicable ; Inapplicable ; Inapplicable ; Pass         ; Inapplicable ; Inapplicable ; Inapplicable ; Inapplicable ; Inapplicable ; Inapplicable ;
; toData[12]         ; Inapplicable ; Inapplicable ; Inapplicable ; Inapplicable ; Inapplicable ; Unchecked ; Inapplicable ; Inapplicable ; Unchecked ; Unchecked ; Inapplicable ; Unchecked    ; Inapplicable ; Inapplicable ; Inapplicable ; Inapplicable ; Unchecked    ; Inapplicable ; Inapplicable ; Inapplicable ; Inapplicable ; Pass         ; Inapplicable ; Inapplicable ; Inapplicable ; Inapplicable ; Inapplicable ; Inapplicable ;
; toData[13]         ; Inapplicable ; Inapplicable ; Inapplicable ; Inapplicable ; Inapplicable ; Unchecked ; Inapplicable ; Inapplicable ; Unchecked ; Unchecked ; Inapplicable ; Unchecked    ; Inapplicable ; Inapplicable ; Inapplicable ; Inapplicable ; Unchecked    ; Inapplicable ; Inapplicable ; Inapplicable ; Inapplicable ; Pass         ; Inapplicable ; Inapplicable ; Inapplicable ; Inapplicable ; Inapplicable ; Inapplicable ;
; toData[14]         ; Inapplicable ; Inapplicable ; Inapplicable ; Inapplicable ; Inapplicable ; Unchecked ; Inapplicable ; Inapplicable ; Unchecked ; Unchecked ; Inapplicable ; Unchecked    ; Inapplicable ; Inapplicable ; Inapplicable ; Inapplicable ; Unchecked    ; Inapplicable ; Inapplicable ; Inapplicable ; Inapplicable ; Pass         ; Inapplicable ; Inapplicable ; Inapplicable ; Inapplicable ; Inapplicable ; Inapplicable ;
; toData[15]         ; Inapplicable ; Inapplicable ; Inapplicable ; Inapplicable ; Inapplicable ; Unchecked ; Inapplicable ; Inapplicable ; Unchecked ; Unchecked ; Inapplicable ; Unchecked    ; Inapplicable ; Inapplicable ; Inapplicable ; Inapplicable ; Unchecked    ; Inapplicable ; Inapplicable ; Inapplicable ; Inapplicable ; Pass         ; Inapplicable ; Inapplicable ; Inapplicable ; Inapplicable ; Inapplicable ; Inapplicable ;
; printCode[0]       ; Inapplicable ; Inapplicable ; Inapplicable ; Inapplicable ; Inapplicable ; Unchecked ; Inapplicable ; Inapplicable ; Unchecked ; Unchecked ; Inapplicable ; Unchecked    ; Inapplicable ; Inapplicable ; Inapplicable ; Inapplicable ; Unchecked    ; Inapplicable ; Inapplicable ; Inapplicable ; Inapplicable ; Pass         ; Inapplicable ; Inapplicable ; Inapplicable ; Inapplicable ; Inapplicable ; Inapplicable ;
; printCode[1]       ; Inapplicable ; Inapplicable ; Inapplicable ; Inapplicable ; Inapplicable ; Unchecked ; Inapplicable ; Inapplicable ; Unchecked ; Unchecked ; Inapplicable ; Unchecked    ; Inapplicable ; Inapplicable ; Inapplicable ; Inapplicable ; Unchecked    ; Inapplicable ; Inapplicable ; Inapplicable ; Inapplicable ; Pass         ; Inapplicable ; Inapplicable ; Inapplicable ; Inapplicable ; Inapplicable ; Inapplicable ;
; printCode[2]       ; Inapplicable ; Inapplicable ; Inapplicable ; Inapplicable ; Inapplicable ; Unchecked ; Inapplicable ; Inapplicable ; Unchecked ; Unchecked ; Inapplicable ; Unchecked    ; Inapplicable ; Inapplicable ; Inapplicable ; Inapplicable ; Unchecked    ; Inapplicable ; Inapplicable ; Inapplicable ; Inapplicable ; Pass         ; Inapplicable ; Inapplicable ; Inapplicable ; Inapplicable ; Inapplicable ; Inapplicable ;
; printCode[3]       ; Inapplicable ; Inapplicable ; Inapplicable ; Inapplicable ; Inapplicable ; Unchecked ; Inapplicable ; Inapplicable ; Unchecked ; Unchecked ; Inapplicable ; Unchecked    ; Inapplicable ; Inapplicable ; Inapplicable ; Inapplicable ; Unchecked    ; Inapplicable ; Inapplicable ; Inapplicable ; Inapplicable ; Pass         ; Inapplicable ; Inapplicable ; Inapplicable ; Inapplicable ; Inapplicable ; Inapplicable ;
; printCode[4]       ; Inapplicable ; Inapplicable ; Inapplicable ; Inapplicable ; Inapplicable ; Unchecked ; Inapplicable ; Inapplicable ; Unchecked ; Unchecked ; Inapplicable ; Unchecked    ; Inapplicable ; Inapplicable ; Inapplicable ; Inapplicable ; Unchecked    ; Inapplicable ; Inapplicable ; Inapplicable ; Inapplicable ; Pass         ; Inapplicable ; Inapplicable ; Inapplicable ; Inapplicable ; Inapplicable ; Inapplicable ;
; printCode[5]       ; Inapplicable ; Inapplicable ; Inapplicable ; Inapplicable ; Inapplicable ; Unchecked ; Inapplicable ; Inapplicable ; Unchecked ; Unchecked ; Inapplicable ; Unchecked    ; Inapplicable ; Inapplicable ; Inapplicable ; Inapplicable ; Unchecked    ; Inapplicable ; Inapplicable ; Inapplicable ; Inapplicable ; Pass         ; Inapplicable ; Inapplicable ; Inapplicable ; Inapplicable ; Inapplicable ; Inapplicable ;
; printCode[6]       ; Inapplicable ; Inapplicable ; Inapplicable ; Inapplicable ; Inapplicable ; Unchecked ; Inapplicable ; Inapplicable ; Unchecked ; Unchecked ; Inapplicable ; Unchecked    ; Inapplicable ; Inapplicable ; Inapplicable ; Inapplicable ; Unchecked    ; Inapplicable ; Inapplicable ; Inapplicable ; Inapplicable ; Pass         ; Inapplicable ; Inapplicable ; Inapplicable ; Inapplicable ; Inapplicable ; Inapplicable ;
; printCode[7]       ; Inapplicable ; Inapplicable ; Inapplicable ; Inapplicable ; Inapplicable ; Unchecked ; Inapplicable ; Inapplicable ; Unchecked ; Unchecked ; Inapplicable ; Unchecked    ; Inapplicable ; Inapplicable ; Inapplicable ; Inapplicable ; Unchecked    ; Inapplicable ; Inapplicable ; Inapplicable ; Inapplicable ; Pass         ; Inapplicable ; Inapplicable ; Inapplicable ; Inapplicable ; Inapplicable ; Inapplicable ;
; printCode[8]       ; Inapplicable ; Inapplicable ; Inapplicable ; Inapplicable ; Inapplicable ; Unchecked ; Inapplicable ; Inapplicable ; Unchecked ; Unchecked ; Inapplicable ; Unchecked    ; Inapplicable ; Inapplicable ; Inapplicable ; Inapplicable ; Unchecked    ; Inapplicable ; Inapplicable ; Inapplicable ; Inapplicable ; Pass         ; Inapplicable ; Inapplicable ; Inapplicable ; Inapplicable ; Inapplicable ; Inapplicable ;
; printCode[9]       ; Inapplicable ; Inapplicable ; Inapplicable ; Inapplicable ; Inapplicable ; Unchecked ; Inapplicable ; Inapplicable ; Unchecked ; Unchecked ; Inapplicable ; Unchecked    ; Inapplicable ; Inapplicable ; Inapplicable ; Inapplicable ; Unchecked    ; Inapplicable ; Inapplicable ; Inapplicable ; Inapplicable ; Pass         ; Inapplicable ; Inapplicable ; Inapplicable ; Inapplicable ; Inapplicable ; Inapplicable ;
; printCode[10]      ; Inapplicable ; Inapplicable ; Inapplicable ; Inapplicable ; Inapplicable ; Unchecked ; Inapplicable ; Inapplicable ; Unchecked ; Unchecked ; Inapplicable ; Unchecked    ; Inapplicable ; Inapplicable ; Inapplicable ; Inapplicable ; Unchecked    ; Inapplicable ; Inapplicable ; Inapplicable ; Inapplicable ; Pass         ; Inapplicable ; Inapplicable ; Inapplicable ; Inapplicable ; Inapplicable ; Inapplicable ;
; printCode[11]      ; Inapplicable ; Inapplicable ; Inapplicable ; Inapplicable ; Inapplicable ; Unchecked ; Inapplicable ; Inapplicable ; Unchecked ; Unchecked ; Inapplicable ; Unchecked    ; Inapplicable ; Inapplicable ; Inapplicable ; Inapplicable ; Unchecked    ; Inapplicable ; Inapplicable ; Inapplicable ; Inapplicable ; Pass         ; Inapplicable ; Inapplicable ; Inapplicable ; Inapplicable ; Inapplicable ; Inapplicable ;
; printCode[12]      ; Inapplicable ; Inapplicable ; Inapplicable ; Inapplicable ; Inapplicable ; Unchecked ; Inapplicable ; Inapplicable ; Unchecked ; Unchecked ; Inapplicable ; Unchecked    ; Inapplicable ; Inapplicable ; Inapplicable ; Inapplicable ; Unchecked    ; Inapplicable ; Inapplicable ; Inapplicable ; Inapplicable ; Pass         ; Inapplicable ; Inapplicable ; Inapplicable ; Inapplicable ; Inapplicable ; Inapplicable ;
; printCode[13]      ; Inapplicable ; Inapplicable ; Inapplicable ; Inapplicable ; Inapplicable ; Unchecked ; Inapplicable ; Inapplicable ; Unchecked ; Unchecked ; Inapplicable ; Unchecked    ; Inapplicable ; Inapplicable ; Inapplicable ; Inapplicable ; Unchecked    ; Inapplicable ; Inapplicable ; Inapplicable ; Inapplicable ; Pass         ; Inapplicable ; Inapplicable ; Inapplicable ; Inapplicable ; Inapplicable ; Inapplicable ;
; printCode[14]      ; Inapplicable ; Inapplicable ; Inapplicable ; Inapplicable ; Inapplicable ; Unchecked ; Inapplicable ; Inapplicable ; Unchecked ; Unchecked ; Inapplicable ; Unchecked    ; Inapplicable ; Inapplicable ; Inapplicable ; Inapplicable ; Unchecked    ; Inapplicable ; Inapplicable ; Inapplicable ; Inapplicable ; Pass         ; Inapplicable ; Inapplicable ; Inapplicable ; Inapplicable ; Inapplicable ; Inapplicable ;
; printCode[15]      ; Inapplicable ; Inapplicable ; Inapplicable ; Inapplicable ; Inapplicable ; Unchecked ; Inapplicable ; Inapplicable ; Unchecked ; Unchecked ; Inapplicable ; Unchecked    ; Inapplicable ; Inapplicable ; Inapplicable ; Inapplicable ; Unchecked    ; Inapplicable ; Inapplicable ; Inapplicable ; Inapplicable ; Pass         ; Inapplicable ; Inapplicable ; Inapplicable ; Inapplicable ; Inapplicable ; Inapplicable ;
; printData[0]       ; Inapplicable ; Inapplicable ; Inapplicable ; Inapplicable ; Inapplicable ; Unchecked ; Inapplicable ; Inapplicable ; Unchecked ; Unchecked ; Inapplicable ; Unchecked    ; Inapplicable ; Inapplicable ; Inapplicable ; Inapplicable ; Unchecked    ; Inapplicable ; Inapplicable ; Inapplicable ; Inapplicable ; Pass         ; Inapplicable ; Inapplicable ; Inapplicable ; Inapplicable ; Inapplicable ; Inapplicable ;
; printData[1]       ; Inapplicable ; Inapplicable ; Inapplicable ; Inapplicable ; Inapplicable ; Unchecked ; Inapplicable ; Inapplicable ; Unchecked ; Unchecked ; Inapplicable ; Unchecked    ; Inapplicable ; Inapplicable ; Inapplicable ; Inapplicable ; Unchecked    ; Inapplicable ; Inapplicable ; Inapplicable ; Inapplicable ; Pass         ; Inapplicable ; Inapplicable ; Inapplicable ; Inapplicable ; Inapplicable ; Inapplicable ;
; printData[2]       ; Inapplicable ; Inapplicable ; Inapplicable ; Inapplicable ; Inapplicable ; Unchecked ; Inapplicable ; Inapplicable ; Unchecked ; Unchecked ; Inapplicable ; Unchecked    ; Inapplicable ; Inapplicable ; Inapplicable ; Inapplicable ; Unchecked    ; Inapplicable ; Inapplicable ; Inapplicable ; Inapplicable ; Pass         ; Inapplicable ; Inapplicable ; Inapplicable ; Inapplicable ; Inapplicable ; Inapplicable ;
; printData[3]       ; Inapplicable ; Inapplicable ; Inapplicable ; Inapplicable ; Inapplicable ; Unchecked ; Inapplicable ; Inapplicable ; Unchecked ; Unchecked ; Inapplicable ; Unchecked    ; Inapplicable ; Inapplicable ; Inapplicable ; Inapplicable ; Unchecked    ; Inapplicable ; Inapplicable ; Inapplicable ; Inapplicable ; Pass         ; Inapplicable ; Inapplicable ; Inapplicable ; Inapplicable ; Inapplicable ; Inapplicable ;
; printData[4]       ; Inapplicable ; Inapplicable ; Inapplicable ; Inapplicable ; Inapplicable ; Unchecked ; Inapplicable ; Inapplicable ; Unchecked ; Unchecked ; Inapplicable ; Unchecked    ; Inapplicable ; Inapplicable ; Inapplicable ; Inapplicable ; Unchecked    ; Inapplicable ; Inapplicable ; Inapplicable ; Inapplicable ; Pass         ; Inapplicable ; Inapplicable ; Inapplicable ; Inapplicable ; Inapplicable ; Inapplicable ;
; printData[5]       ; Inapplicable ; Inapplicable ; Inapplicable ; Inapplicable ; Inapplicable ; Unchecked ; Inapplicable ; Inapplicable ; Unchecked ; Unchecked ; Inapplicable ; Unchecked    ; Inapplicable ; Inapplicable ; Inapplicable ; Inapplicable ; Unchecked    ; Inapplicable ; Inapplicable ; Inapplicable ; Inapplicable ; Pass         ; Inapplicable ; Inapplicable ; Inapplicable ; Inapplicable ; Inapplicable ; Inapplicable ;
; printData[6]       ; Inapplicable ; Inapplicable ; Inapplicable ; Inapplicable ; Inapplicable ; Unchecked ; Inapplicable ; Inapplicable ; Unchecked ; Unchecked ; Inapplicable ; Unchecked    ; Inapplicable ; Inapplicable ; Inapplicable ; Inapplicable ; Unchecked    ; Inapplicable ; Inapplicable ; Inapplicable ; Inapplicable ; Pass         ; Inapplicable ; Inapplicable ; Inapplicable ; Inapplicable ; Inapplicable ; Inapplicable ;
; printData[7]       ; Inapplicable ; Inapplicable ; Inapplicable ; Inapplicable ; Inapplicable ; Unchecked ; Inapplicable ; Inapplicable ; Unchecked ; Unchecked ; Inapplicable ; Unchecked    ; Inapplicable ; Inapplicable ; Inapplicable ; Inapplicable ; Unchecked    ; Inapplicable ; Inapplicable ; Inapplicable ; Inapplicable ; Pass         ; Inapplicable ; Inapplicable ; Inapplicable ; Inapplicable ; Inapplicable ; Inapplicable ;
; printData[8]       ; Inapplicable ; Inapplicable ; Inapplicable ; Inapplicable ; Inapplicable ; Unchecked ; Inapplicable ; Inapplicable ; Unchecked ; Unchecked ; Inapplicable ; Unchecked    ; Inapplicable ; Inapplicable ; Inapplicable ; Inapplicable ; Unchecked    ; Inapplicable ; Inapplicable ; Inapplicable ; Inapplicable ; Pass         ; Inapplicable ; Inapplicable ; Inapplicable ; Inapplicable ; Inapplicable ; Inapplicable ;
; printData[9]       ; Inapplicable ; Inapplicable ; Inapplicable ; Inapplicable ; Inapplicable ; Unchecked ; Inapplicable ; Inapplicable ; Unchecked ; Unchecked ; Inapplicable ; Unchecked    ; Inapplicable ; Inapplicable ; Inapplicable ; Inapplicable ; Unchecked    ; Inapplicable ; Inapplicable ; Inapplicable ; Inapplicable ; Pass         ; Inapplicable ; Inapplicable ; Inapplicable ; Inapplicable ; Inapplicable ; Inapplicable ;
; printData[10]      ; Inapplicable ; Inapplicable ; Inapplicable ; Inapplicable ; Inapplicable ; Unchecked ; Inapplicable ; Inapplicable ; Unchecked ; Unchecked ; Inapplicable ; Unchecked    ; Inapplicable ; Inapplicable ; Inapplicable ; Inapplicable ; Unchecked    ; Inapplicable ; Inapplicable ; Inapplicable ; Inapplicable ; Pass         ; Inapplicable ; Inapplicable ; Inapplicable ; Inapplicable ; Inapplicable ; Inapplicable ;
; printData[11]      ; Inapplicable ; Inapplicable ; Inapplicable ; Inapplicable ; Inapplicable ; Unchecked ; Inapplicable ; Inapplicable ; Unchecked ; Unchecked ; Inapplicable ; Unchecked    ; Inapplicable ; Inapplicable ; Inapplicable ; Inapplicable ; Unchecked    ; Inapplicable ; Inapplicable ; Inapplicable ; Inapplicable ; Pass         ; Inapplicable ; Inapplicable ; Inapplicable ; Inapplicable ; Inapplicable ; Inapplicable ;
; printData[12]      ; Inapplicable ; Inapplicable ; Inapplicable ; Inapplicable ; Inapplicable ; Unchecked ; Inapplicable ; Inapplicable ; Unchecked ; Unchecked ; Inapplicable ; Unchecked    ; Inapplicable ; Inapplicable ; Inapplicable ; Inapplicable ; Unchecked    ; Inapplicable ; Inapplicable ; Inapplicable ; Inapplicable ; Pass         ; Inapplicable ; Inapplicable ; Inapplicable ; Inapplicable ; Inapplicable ; Inapplicable ;
; printData[13]      ; Inapplicable ; Inapplicable ; Inapplicable ; Inapplicable ; Inapplicable ; Unchecked ; Inapplicable ; Inapplicable ; Unchecked ; Unchecked ; Inapplicable ; Unchecked    ; Inapplicable ; Inapplicable ; Inapplicable ; Inapplicable ; Unchecked    ; Inapplicable ; Inapplicable ; Inapplicable ; Inapplicable ; Pass         ; Inapplicable ; Inapplicable ; Inapplicable ; Inapplicable ; Inapplicable ; Inapplicable ;
; printData[14]      ; Inapplicable ; Inapplicable ; Inapplicable ; Inapplicable ; Inapplicable ; Unchecked ; Inapplicable ; Inapplicable ; Unchecked ; Unchecked ; Inapplicable ; Unchecked    ; Inapplicable ; Inapplicable ; Inapplicable ; Inapplicable ; Unchecked    ; Inapplicable ; Inapplicable ; Inapplicable ; Inapplicable ; Pass         ; Inapplicable ; Inapplicable ; Inapplicable ; Inapplicable ; Inapplicable ; Inapplicable ;
; printData[15]      ; Inapplicable ; Inapplicable ; Inapplicable ; Inapplicable ; Inapplicable ; Unchecked ; Inapplicable ; Inapplicable ; Unchecked ; Unchecked ; Inapplicable ; Unchecked    ; Inapplicable ; Inapplicable ; Inapplicable ; Inapplicable ; Unchecked    ; Inapplicable ; Inapplicable ; Inapplicable ; Inapplicable ; Pass         ; Inapplicable ; Inapplicable ; Inapplicable ; Inapplicable ; Inapplicable ; Inapplicable ;
; regOUT[0]          ; Inapplicable ; Inapplicable ; Inapplicable ; Inapplicable ; Inapplicable ; Unchecked ; Inapplicable ; Inapplicable ; Unchecked ; Unchecked ; Inapplicable ; Unchecked    ; Inapplicable ; Inapplicable ; Inapplicable ; Inapplicable ; Unchecked    ; Inapplicable ; Inapplicable ; Inapplicable ; Inapplicable ; Pass         ; Inapplicable ; Inapplicable ; Inapplicable ; Inapplicable ; Inapplicable ; Inapplicable ;
; regOUT[1]          ; Inapplicable ; Inapplicable ; Inapplicable ; Inapplicable ; Inapplicable ; Unchecked ; Inapplicable ; Inapplicable ; Unchecked ; Unchecked ; Inapplicable ; Unchecked    ; Inapplicable ; Inapplicable ; Inapplicable ; Inapplicable ; Unchecked    ; Inapplicable ; Inapplicable ; Inapplicable ; Inapplicable ; Pass         ; Inapplicable ; Inapplicable ; Inapplicable ; Inapplicable ; Inapplicable ; Inapplicable ;
; regOUT[2]          ; Inapplicable ; Inapplicable ; Inapplicable ; Inapplicable ; Inapplicable ; Unchecked ; Inapplicable ; Inapplicable ; Unchecked ; Unchecked ; Inapplicable ; Unchecked    ; Inapplicable ; Inapplicable ; Inapplicable ; Inapplicable ; Unchecked    ; Inapplicable ; Inapplicable ; Inapplicable ; Inapplicable ; Pass         ; Inapplicable ; Inapplicable ; Inapplicable ; Inapplicable ; Inapplicable ; Inapplicable ;
; regOUT[3]          ; Inapplicable ; Inapplicable ; Inapplicable ; Inapplicable ; Inapplicable ; Unchecked ; Inapplicable ; Inapplicable ; Unchecked ; Unchecked ; Inapplicable ; Unchecked    ; Inapplicable ; Inapplicable ; Inapplicable ; Inapplicable ; Unchecked    ; Inapplicable ; Inapplicable ; Inapplicable ; Inapplicable ; Pass         ; Inapplicable ; Inapplicable ; Inapplicable ; Inapplicable ; Inapplicable ; Inapplicable ;
; regOUT[4]          ; Inapplicable ; Inapplicable ; Inapplicable ; Inapplicable ; Inapplicable ; Unchecked ; Inapplicable ; Inapplicable ; Unchecked ; Unchecked ; Inapplicable ; Unchecked    ; Inapplicable ; Inapplicable ; Inapplicable ; Inapplicable ; Unchecked    ; Inapplicable ; Inapplicable ; Inapplicable ; Inapplicable ; Pass         ; Inapplicable ; Inapplicable ; Inapplicable ; Inapplicable ; Inapplicable ; Inapplicable ;
; regOUT[5]          ; Inapplicable ; Inapplicable ; Inapplicable ; Inapplicable ; Inapplicable ; Unchecked ; Inapplicable ; Inapplicable ; Unchecked ; Unchecked ; Inapplicable ; Unchecked    ; Inapplicable ; Inapplicable ; Inapplicable ; Inapplicable ; Unchecked    ; Inapplicable ; Inapplicable ; Inapplicable ; Inapplicable ; Pass         ; Inapplicable ; Inapplicable ; Inapplicable ; Inapplicable ; Inapplicable ; Inapplicable ;
; regOUT[6]          ; Inapplicable ; Inapplicable ; Inapplicable ; Inapplicable ; Inapplicable ; Unchecked ; Inapplicable ; Inapplicable ; Unchecked ; Unchecked ; Inapplicable ; Unchecked    ; Inapplicable ; Inapplicable ; Inapplicable ; Inapplicable ; Unchecked    ; Inapplicable ; Inapplicable ; Inapplicable ; Inapplicable ; Pass         ; Inapplicable ; Inapplicable ; Inapplicable ; Inapplicable ; Inapplicable ; Inapplicable ;
; regOUT[7]          ; Inapplicable ; Inapplicable ; Inapplicable ; Inapplicable ; Inapplicable ; Unchecked ; Inapplicable ; Inapplicable ; Unchecked ; Unchecked ; Inapplicable ; Unchecked    ; Inapplicable ; Inapplicable ; Inapplicable ; Inapplicable ; Unchecked    ; Inapplicable ; Inapplicable ; Inapplicable ; Inapplicable ; Pass         ; Inapplicable ; Inapplicable ; Inapplicable ; Inapplicable ; Inapplicable ; Inapplicable ;
; regOUT[8]          ; Inapplicable ; Inapplicable ; Inapplicable ; Inapplicable ; Inapplicable ; Unchecked ; Inapplicable ; Inapplicable ; Unchecked ; Unchecked ; Inapplicable ; Unchecked    ; Inapplicable ; Inapplicable ; Inapplicable ; Inapplicable ; Unchecked    ; Inapplicable ; Inapplicable ; Inapplicable ; Inapplicable ; Pass         ; Inapplicable ; Inapplicable ; Inapplicable ; Inapplicable ; Inapplicable ; Inapplicable ;
; regOUT[9]          ; Inapplicable ; Inapplicable ; Inapplicable ; Inapplicable ; Inapplicable ; Unchecked ; Inapplicable ; Inapplicable ; Unchecked ; Unchecked ; Inapplicable ; Unchecked    ; Inapplicable ; Inapplicable ; Inapplicable ; Inapplicable ; Unchecked    ; Inapplicable ; Inapplicable ; Inapplicable ; Inapplicable ; Pass         ; Inapplicable ; Inapplicable ; Inapplicable ; Inapplicable ; Inapplicable ; Inapplicable ;
; regOUT[10]         ; Inapplicable ; Inapplicable ; Inapplicable ; Inapplicable ; Inapplicable ; Unchecked ; Inapplicable ; Inapplicable ; Unchecked ; Unchecked ; Inapplicable ; Unchecked    ; Inapplicable ; Inapplicable ; Inapplicable ; Inapplicable ; Unchecked    ; Inapplicable ; Inapplicable ; Inapplicable ; Inapplicable ; Pass         ; Inapplicable ; Inapplicable ; Inapplicable ; Inapplicable ; Inapplicable ; Inapplicable ;
; regOUT[11]         ; Inapplicable ; Inapplicable ; Inapplicable ; Inapplicable ; Inapplicable ; Unchecked ; Inapplicable ; Inapplicable ; Unchecked ; Unchecked ; Inapplicable ; Unchecked    ; Inapplicable ; Inapplicable ; Inapplicable ; Inapplicable ; Unchecked    ; Inapplicable ; Inapplicable ; Inapplicable ; Inapplicable ; Pass         ; Inapplicable ; Inapplicable ; Inapplicable ; Inapplicable ; Inapplicable ; Inapplicable ;
; regOUT[12]         ; Inapplicable ; Inapplicable ; Inapplicable ; Inapplicable ; Inapplicable ; Unchecked ; Inapplicable ; Inapplicable ; Unchecked ; Unchecked ; Inapplicable ; Unchecked    ; Inapplicable ; Inapplicable ; Inapplicable ; Inapplicable ; Unchecked    ; Inapplicable ; Inapplicable ; Inapplicable ; Inapplicable ; Pass         ; Inapplicable ; Inapplicable ; Inapplicable ; Inapplicable ; Inapplicable ; Inapplicable ;
; regOUT[13]         ; Inapplicable ; Inapplicable ; Inapplicable ; Inapplicable ; Inapplicable ; Unchecked ; Inapplicable ; Inapplicable ; Unchecked ; Unchecked ; Inapplicable ; Unchecked    ; Inapplicable ; Inapplicable ; Inapplicable ; Inapplicable ; Unchecked    ; Inapplicable ; Inapplicable ; Inapplicable ; Inapplicable ; Pass         ; Inapplicable ; Inapplicable ; Inapplicable ; Inapplicable ; Inapplicable ; Inapplicable ;
; regOUT[14]         ; Inapplicable ; Inapplicable ; Inapplicable ; Inapplicable ; Inapplicable ; Unchecked ; Inapplicable ; Inapplicable ; Unchecked ; Unchecked ; Inapplicable ; Unchecked    ; Inapplicable ; Inapplicable ; Inapplicable ; Inapplicable ; Unchecked    ; Inapplicable ; Inapplicable ; Inapplicable ; Inapplicable ; Pass         ; Inapplicable ; Inapplicable ; Inapplicable ; Inapplicable ; Inapplicable ; Inapplicable ;
; regOUT[15]         ; Inapplicable ; Inapplicable ; Inapplicable ; Inapplicable ; Inapplicable ; Unchecked ; Inapplicable ; Inapplicable ; Unchecked ; Unchecked ; Inapplicable ; Unchecked    ; Inapplicable ; Inapplicable ; Inapplicable ; Inapplicable ; Unchecked    ; Inapplicable ; Inapplicable ; Inapplicable ; Inapplicable ; Pass         ; Inapplicable ; Inapplicable ; Inapplicable ; Inapplicable ; Inapplicable ; Inapplicable ;
; regOUT[16]         ; Inapplicable ; Inapplicable ; Inapplicable ; Inapplicable ; Inapplicable ; Unchecked ; Inapplicable ; Inapplicable ; Unchecked ; Unchecked ; Inapplicable ; Unchecked    ; Inapplicable ; Inapplicable ; Inapplicable ; Inapplicable ; Unchecked    ; Inapplicable ; Inapplicable ; Inapplicable ; Inapplicable ; Pass         ; Inapplicable ; Inapplicable ; Inapplicable ; Inapplicable ; Inapplicable ; Inapplicable ;
; regOUT[17]         ; Inapplicable ; Inapplicable ; Inapplicable ; Inapplicable ; Inapplicable ; Unchecked ; Inapplicable ; Inapplicable ; Unchecked ; Unchecked ; Inapplicable ; Unchecked    ; Inapplicable ; Inapplicable ; Inapplicable ; Inapplicable ; Unchecked    ; Inapplicable ; Inapplicable ; Inapplicable ; Inapplicable ; Pass         ; Inapplicable ; Inapplicable ; Inapplicable ; Inapplicable ; Inapplicable ; Inapplicable ;
; regOUT[18]         ; Inapplicable ; Inapplicable ; Inapplicable ; Inapplicable ; Inapplicable ; Unchecked ; Inapplicable ; Inapplicable ; Unchecked ; Unchecked ; Inapplicable ; Unchecked    ; Inapplicable ; Inapplicable ; Inapplicable ; Inapplicable ; Unchecked    ; Inapplicable ; Inapplicable ; Inapplicable ; Inapplicable ; Pass         ; Inapplicable ; Inapplicable ; Inapplicable ; Inapplicable ; Inapplicable ; Inapplicable ;
; regOUT[19]         ; Inapplicable ; Inapplicable ; Inapplicable ; Inapplicable ; Inapplicable ; Unchecked ; Inapplicable ; Inapplicable ; Unchecked ; Unchecked ; Inapplicable ; Unchecked    ; Inapplicable ; Inapplicable ; Inapplicable ; Inapplicable ; Unchecked    ; Inapplicable ; Inapplicable ; Inapplicable ; Inapplicable ; Pass         ; Inapplicable ; Inapplicable ; Inapplicable ; Inapplicable ; Inapplicable ; Inapplicable ;
; regOUT[20]         ; Inapplicable ; Inapplicable ; Inapplicable ; Inapplicable ; Inapplicable ; Unchecked ; Inapplicable ; Inapplicable ; Unchecked ; Unchecked ; Inapplicable ; Unchecked    ; Inapplicable ; Inapplicable ; Inapplicable ; Inapplicable ; Unchecked    ; Inapplicable ; Inapplicable ; Inapplicable ; Inapplicable ; Pass         ; Inapplicable ; Inapplicable ; Inapplicable ; Inapplicable ; Inapplicable ; Inapplicable ;
; regOUT[21]         ; Inapplicable ; Inapplicable ; Inapplicable ; Inapplicable ; Inapplicable ; Unchecked ; Inapplicable ; Inapplicable ; Unchecked ; Unchecked ; Inapplicable ; Unchecked    ; Inapplicable ; Inapplicable ; Inapplicable ; Inapplicable ; Unchecked    ; Inapplicable ; Inapplicable ; Inapplicable ; Inapplicable ; Pass         ; Inapplicable ; Inapplicable ; Inapplicable ; Inapplicable ; Inapplicable ; Inapplicable ;
; regOUT[22]         ; Inapplicable ; Inapplicable ; Inapplicable ; Inapplicable ; Inapplicable ; Unchecked ; Inapplicable ; Inapplicable ; Unchecked ; Unchecked ; Inapplicable ; Unchecked    ; Inapplicable ; Inapplicable ; Inapplicable ; Inapplicable ; Unchecked    ; Inapplicable ; Inapplicable ; Inapplicable ; Inapplicable ; Pass         ; Inapplicable ; Inapplicable ; Inapplicable ; Inapplicable ; Inapplicable ; Inapplicable ;
; regOUT[23]         ; Inapplicable ; Inapplicable ; Inapplicable ; Inapplicable ; Inapplicable ; Unchecked ; Inapplicable ; Inapplicable ; Unchecked ; Unchecked ; Inapplicable ; Unchecked    ; Inapplicable ; Inapplicable ; Inapplicable ; Inapplicable ; Unchecked    ; Inapplicable ; Inapplicable ; Inapplicable ; Inapplicable ; Pass         ; Inapplicable ; Inapplicable ; Inapplicable ; Inapplicable ; Inapplicable ; Inapplicable ;
; regOUT[24]         ; Inapplicable ; Inapplicable ; Inapplicable ; Inapplicable ; Inapplicable ; Unchecked ; Inapplicable ; Inapplicable ; Unchecked ; Unchecked ; Inapplicable ; Unchecked    ; Inapplicable ; Inapplicable ; Inapplicable ; Inapplicable ; Unchecked    ; Inapplicable ; Inapplicable ; Inapplicable ; Inapplicable ; Pass         ; Inapplicable ; Inapplicable ; Inapplicable ; Inapplicable ; Inapplicable ; Inapplicable ;
; regOUT[25]         ; Inapplicable ; Inapplicable ; Inapplicable ; Inapplicable ; Inapplicable ; Unchecked ; Inapplicable ; Inapplicable ; Unchecked ; Unchecked ; Inapplicable ; Unchecked    ; Inapplicable ; Inapplicable ; Inapplicable ; Inapplicable ; Unchecked    ; Inapplicable ; Inapplicable ; Inapplicable ; Inapplicable ; Pass         ; Inapplicable ; Inapplicable ; Inapplicable ; Inapplicable ; Inapplicable ; Inapplicable ;
; regOUT[26]         ; Inapplicable ; Inapplicable ; Inapplicable ; Inapplicable ; Inapplicable ; Unchecked ; Inapplicable ; Inapplicable ; Unchecked ; Unchecked ; Inapplicable ; Unchecked    ; Inapplicable ; Inapplicable ; Inapplicable ; Inapplicable ; Unchecked    ; Inapplicable ; Inapplicable ; Inapplicable ; Inapplicable ; Pass         ; Inapplicable ; Inapplicable ; Inapplicable ; Inapplicable ; Inapplicable ; Inapplicable ;
; regOUT[27]         ; Inapplicable ; Inapplicable ; Inapplicable ; Inapplicable ; Inapplicable ; Unchecked ; Inapplicable ; Inapplicable ; Unchecked ; Unchecked ; Inapplicable ; Unchecked    ; Inapplicable ; Inapplicable ; Inapplicable ; Inapplicable ; Unchecked    ; Inapplicable ; Inapplicable ; Inapplicable ; Inapplicable ; Pass         ; Inapplicable ; Inapplicable ; Inapplicable ; Inapplicable ; Inapplicable ; Inapplicable ;
; regOUT[28]         ; Inapplicable ; Inapplicable ; Inapplicable ; Inapplicable ; Inapplicable ; Unchecked ; Inapplicable ; Inapplicable ; Unchecked ; Unchecked ; Inapplicable ; Unchecked    ; Inapplicable ; Inapplicable ; Inapplicable ; Inapplicable ; Unchecked    ; Inapplicable ; Inapplicable ; Inapplicable ; Inapplicable ; Pass         ; Inapplicable ; Inapplicable ; Inapplicable ; Inapplicable ; Inapplicable ; Inapplicable ;
; regOUT[29]         ; Inapplicable ; Inapplicable ; Inapplicable ; Inapplicable ; Inapplicable ; Unchecked ; Inapplicable ; Inapplicable ; Unchecked ; Unchecked ; Inapplicable ; Unchecked    ; Inapplicable ; Inapplicable ; Inapplicable ; Inapplicable ; Unchecked    ; Inapplicable ; Inapplicable ; Inapplicable ; Inapplicable ; Pass         ; Inapplicable ; Inapplicable ; Inapplicable ; Inapplicable ; Inapplicable ; Inapplicable ;
; regOUT[30]         ; Inapplicable ; Inapplicable ; Inapplicable ; Inapplicable ; Inapplicable ; Unchecked ; Inapplicable ; Inapplicable ; Unchecked ; Unchecked ; Inapplicable ; Unchecked    ; Inapplicable ; Inapplicable ; Inapplicable ; Inapplicable ; Unchecked    ; Inapplicable ; Inapplicable ; Inapplicable ; Inapplicable ; Pass         ; Inapplicable ; Inapplicable ; Inapplicable ; Inapplicable ; Inapplicable ; Inapplicable ;
; regOUT[31]         ; Inapplicable ; Inapplicable ; Inapplicable ; Inapplicable ; Inapplicable ; Unchecked ; Inapplicable ; Inapplicable ; Unchecked ; Unchecked ; Inapplicable ; Unchecked    ; Inapplicable ; Inapplicable ; Inapplicable ; Inapplicable ; Unchecked    ; Inapplicable ; Inapplicable ; Inapplicable ; Inapplicable ; Pass         ; Inapplicable ; Inapplicable ; Inapplicable ; Inapplicable ; Inapplicable ; Inapplicable ;
; regOUT[32]         ; Inapplicable ; Inapplicable ; Inapplicable ; Inapplicable ; Inapplicable ; Unchecked ; Inapplicable ; Inapplicable ; Unchecked ; Unchecked ; Inapplicable ; Unchecked    ; Inapplicable ; Inapplicable ; Inapplicable ; Inapplicable ; Unchecked    ; Inapplicable ; Inapplicable ; Inapplicable ; Inapplicable ; Pass         ; Inapplicable ; Inapplicable ; Inapplicable ; Inapplicable ; Inapplicable ; Inapplicable ;
; regOUT[33]         ; Inapplicable ; Inapplicable ; Inapplicable ; Inapplicable ; Inapplicable ; Unchecked ; Inapplicable ; Inapplicable ; Unchecked ; Unchecked ; Inapplicable ; Unchecked    ; Inapplicable ; Inapplicable ; Inapplicable ; Inapplicable ; Unchecked    ; Inapplicable ; Inapplicable ; Inapplicable ; Inapplicable ; Pass         ; Inapplicable ; Inapplicable ; Inapplicable ; Inapplicable ; Inapplicable ; Inapplicable ;
; regOUT[34]         ; Inapplicable ; Inapplicable ; Inapplicable ; Inapplicable ; Inapplicable ; Unchecked ; Inapplicable ; Inapplicable ; Unchecked ; Unchecked ; Inapplicable ; Unchecked    ; Inapplicable ; Inapplicable ; Inapplicable ; Inapplicable ; Unchecked    ; Inapplicable ; Inapplicable ; Inapplicable ; Inapplicable ; Pass         ; Inapplicable ; Inapplicable ; Inapplicable ; Inapplicable ; Inapplicable ; Inapplicable ;
; regOUT[35]         ; Inapplicable ; Inapplicable ; Inapplicable ; Inapplicable ; Inapplicable ; Unchecked ; Inapplicable ; Inapplicable ; Unchecked ; Unchecked ; Inapplicable ; Unchecked    ; Inapplicable ; Inapplicable ; Inapplicable ; Inapplicable ; Unchecked    ; Inapplicable ; Inapplicable ; Inapplicable ; Inapplicable ; Pass         ; Inapplicable ; Inapplicable ; Inapplicable ; Inapplicable ; Inapplicable ; Inapplicable ;
; regOUT[36]         ; Inapplicable ; Inapplicable ; Inapplicable ; Inapplicable ; Inapplicable ; Unchecked ; Inapplicable ; Inapplicable ; Unchecked ; Unchecked ; Inapplicable ; Unchecked    ; Inapplicable ; Inapplicable ; Inapplicable ; Inapplicable ; Unchecked    ; Inapplicable ; Inapplicable ; Inapplicable ; Inapplicable ; Pass         ; Inapplicable ; Inapplicable ; Inapplicable ; Inapplicable ; Inapplicable ; Inapplicable ;
; regOUT[37]         ; Inapplicable ; Inapplicable ; Inapplicable ; Inapplicable ; Inapplicable ; Unchecked ; Inapplicable ; Inapplicable ; Unchecked ; Unchecked ; Inapplicable ; Unchecked    ; Inapplicable ; Inapplicable ; Inapplicable ; Inapplicable ; Unchecked    ; Inapplicable ; Inapplicable ; Inapplicable ; Inapplicable ; Pass         ; Inapplicable ; Inapplicable ; Inapplicable ; Inapplicable ; Inapplicable ; Inapplicable ;
; regOUT[38]         ; Inapplicable ; Inapplicable ; Inapplicable ; Inapplicable ; Inapplicable ; Unchecked ; Inapplicable ; Inapplicable ; Unchecked ; Unchecked ; Inapplicable ; Unchecked    ; Inapplicable ; Inapplicable ; Inapplicable ; Inapplicable ; Unchecked    ; Inapplicable ; Inapplicable ; Inapplicable ; Inapplicable ; Pass         ; Inapplicable ; Inapplicable ; Inapplicable ; Inapplicable ; Inapplicable ; Inapplicable ;
; regOUT[39]         ; Inapplicable ; Inapplicable ; Inapplicable ; Inapplicable ; Inapplicable ; Unchecked ; Inapplicable ; Inapplicable ; Unchecked ; Unchecked ; Inapplicable ; Unchecked    ; Inapplicable ; Inapplicable ; Inapplicable ; Inapplicable ; Unchecked    ; Inapplicable ; Inapplicable ; Inapplicable ; Inapplicable ; Pass         ; Inapplicable ; Inapplicable ; Inapplicable ; Inapplicable ; Inapplicable ; Inapplicable ;
; regOUT[40]         ; Inapplicable ; Inapplicable ; Inapplicable ; Inapplicable ; Inapplicable ; Unchecked ; Inapplicable ; Inapplicable ; Unchecked ; Unchecked ; Inapplicable ; Unchecked    ; Inapplicable ; Inapplicable ; Inapplicable ; Inapplicable ; Unchecked    ; Inapplicable ; Inapplicable ; Inapplicable ; Inapplicable ; Pass         ; Inapplicable ; Inapplicable ; Inapplicable ; Inapplicable ; Inapplicable ; Inapplicable ;
; regOUT[41]         ; Inapplicable ; Inapplicable ; Inapplicable ; Inapplicable ; Inapplicable ; Unchecked ; Inapplicable ; Inapplicable ; Unchecked ; Unchecked ; Inapplicable ; Unchecked    ; Inapplicable ; Inapplicable ; Inapplicable ; Inapplicable ; Unchecked    ; Inapplicable ; Inapplicable ; Inapplicable ; Inapplicable ; Pass         ; Inapplicable ; Inapplicable ; Inapplicable ; Inapplicable ; Inapplicable ; Inapplicable ;
; regOUT[42]         ; Inapplicable ; Inapplicable ; Inapplicable ; Inapplicable ; Inapplicable ; Unchecked ; Inapplicable ; Inapplicable ; Unchecked ; Unchecked ; Inapplicable ; Unchecked    ; Inapplicable ; Inapplicable ; Inapplicable ; Inapplicable ; Unchecked    ; Inapplicable ; Inapplicable ; Inapplicable ; Inapplicable ; Pass         ; Inapplicable ; Inapplicable ; Inapplicable ; Inapplicable ; Inapplicable ; Inapplicable ;
; regOUT[43]         ; Inapplicable ; Inapplicable ; Inapplicable ; Inapplicable ; Inapplicable ; Unchecked ; Inapplicable ; Inapplicable ; Unchecked ; Unchecked ; Inapplicable ; Unchecked    ; Inapplicable ; Inapplicable ; Inapplicable ; Inapplicable ; Unchecked    ; Inapplicable ; Inapplicable ; Inapplicable ; Inapplicable ; Pass         ; Inapplicable ; Inapplicable ; Inapplicable ; Inapplicable ; Inapplicable ; Inapplicable ;
; regOUT[44]         ; Inapplicable ; Inapplicable ; Inapplicable ; Inapplicable ; Inapplicable ; Unchecked ; Inapplicable ; Inapplicable ; Unchecked ; Unchecked ; Inapplicable ; Unchecked    ; Inapplicable ; Inapplicable ; Inapplicable ; Inapplicable ; Unchecked    ; Inapplicable ; Inapplicable ; Inapplicable ; Inapplicable ; Pass         ; Inapplicable ; Inapplicable ; Inapplicable ; Inapplicable ; Inapplicable ; Inapplicable ;
; regOUT[45]         ; Inapplicable ; Inapplicable ; Inapplicable ; Inapplicable ; Inapplicable ; Unchecked ; Inapplicable ; Inapplicable ; Unchecked ; Unchecked ; Inapplicable ; Unchecked    ; Inapplicable ; Inapplicable ; Inapplicable ; Inapplicable ; Unchecked    ; Inapplicable ; Inapplicable ; Inapplicable ; Inapplicable ; Pass         ; Inapplicable ; Inapplicable ; Inapplicable ; Inapplicable ; Inapplicable ; Inapplicable ;
; regOUT[46]         ; Inapplicable ; Inapplicable ; Inapplicable ; Inapplicable ; Inapplicable ; Unchecked ; Inapplicable ; Inapplicable ; Unchecked ; Unchecked ; Inapplicable ; Unchecked    ; Inapplicable ; Inapplicable ; Inapplicable ; Inapplicable ; Unchecked    ; Inapplicable ; Inapplicable ; Inapplicable ; Inapplicable ; Pass         ; Inapplicable ; Inapplicable ; Inapplicable ; Inapplicable ; Inapplicable ; Inapplicable ;
; regOUT[47]         ; Inapplicable ; Inapplicable ; Inapplicable ; Inapplicable ; Inapplicable ; Unchecked ; Inapplicable ; Inapplicable ; Unchecked ; Unchecked ; Inapplicable ; Unchecked    ; Inapplicable ; Inapplicable ; Inapplicable ; Inapplicable ; Unchecked    ; Inapplicable ; Inapplicable ; Inapplicable ; Inapplicable ; Pass         ; Inapplicable ; Inapplicable ; Inapplicable ; Inapplicable ; Inapplicable ; Inapplicable ;
; regOUT[48]         ; Inapplicable ; Inapplicable ; Inapplicable ; Inapplicable ; Inapplicable ; Unchecked ; Inapplicable ; Inapplicable ; Unchecked ; Unchecked ; Inapplicable ; Unchecked    ; Inapplicable ; Inapplicable ; Inapplicable ; Inapplicable ; Unchecked    ; Inapplicable ; Inapplicable ; Inapplicable ; Inapplicable ; Pass         ; Inapplicable ; Inapplicable ; Inapplicable ; Inapplicable ; Inapplicable ; Inapplicable ;
; regOUT[49]         ; Inapplicable ; Inapplicable ; Inapplicable ; Inapplicable ; Inapplicable ; Unchecked ; Inapplicable ; Inapplicable ; Unchecked ; Unchecked ; Inapplicable ; Unchecked    ; Inapplicable ; Inapplicable ; Inapplicable ; Inapplicable ; Unchecked    ; Inapplicable ; Inapplicable ; Inapplicable ; Inapplicable ; Pass         ; Inapplicable ; Inapplicable ; Inapplicable ; Inapplicable ; Inapplicable ; Inapplicable ;
; regOUT[50]         ; Inapplicable ; Inapplicable ; Inapplicable ; Inapplicable ; Inapplicable ; Unchecked ; Inapplicable ; Inapplicable ; Unchecked ; Unchecked ; Inapplicable ; Unchecked    ; Inapplicable ; Inapplicable ; Inapplicable ; Inapplicable ; Unchecked    ; Inapplicable ; Inapplicable ; Inapplicable ; Inapplicable ; Pass         ; Inapplicable ; Inapplicable ; Inapplicable ; Inapplicable ; Inapplicable ; Inapplicable ;
; regOUT[51]         ; Inapplicable ; Inapplicable ; Inapplicable ; Inapplicable ; Inapplicable ; Unchecked ; Inapplicable ; Inapplicable ; Unchecked ; Unchecked ; Inapplicable ; Unchecked    ; Inapplicable ; Inapplicable ; Inapplicable ; Inapplicable ; Unchecked    ; Inapplicable ; Inapplicable ; Inapplicable ; Inapplicable ; Pass         ; Inapplicable ; Inapplicable ; Inapplicable ; Inapplicable ; Inapplicable ; Inapplicable ;
; regOUT[52]         ; Inapplicable ; Inapplicable ; Inapplicable ; Inapplicable ; Inapplicable ; Unchecked ; Inapplicable ; Inapplicable ; Unchecked ; Unchecked ; Inapplicable ; Unchecked    ; Inapplicable ; Inapplicable ; Inapplicable ; Inapplicable ; Unchecked    ; Inapplicable ; Inapplicable ; Inapplicable ; Inapplicable ; Pass         ; Inapplicable ; Inapplicable ; Inapplicable ; Inapplicable ; Inapplicable ; Inapplicable ;
; regOUT[53]         ; Inapplicable ; Inapplicable ; Inapplicable ; Inapplicable ; Inapplicable ; Unchecked ; Inapplicable ; Inapplicable ; Unchecked ; Unchecked ; Inapplicable ; Unchecked    ; Inapplicable ; Inapplicable ; Inapplicable ; Inapplicable ; Unchecked    ; Inapplicable ; Inapplicable ; Inapplicable ; Inapplicable ; Pass         ; Inapplicable ; Inapplicable ; Inapplicable ; Inapplicable ; Inapplicable ; Inapplicable ;
; regOUT[54]         ; Inapplicable ; Inapplicable ; Inapplicable ; Inapplicable ; Inapplicable ; Unchecked ; Inapplicable ; Inapplicable ; Unchecked ; Unchecked ; Inapplicable ; Unchecked    ; Inapplicable ; Inapplicable ; Inapplicable ; Inapplicable ; Unchecked    ; Inapplicable ; Inapplicable ; Inapplicable ; Inapplicable ; Pass         ; Inapplicable ; Inapplicable ; Inapplicable ; Inapplicable ; Inapplicable ; Inapplicable ;
; regOUT[55]         ; Inapplicable ; Inapplicable ; Inapplicable ; Inapplicable ; Inapplicable ; Unchecked ; Inapplicable ; Inapplicable ; Unchecked ; Unchecked ; Inapplicable ; Unchecked    ; Inapplicable ; Inapplicable ; Inapplicable ; Inapplicable ; Unchecked    ; Inapplicable ; Inapplicable ; Inapplicable ; Inapplicable ; Pass         ; Inapplicable ; Inapplicable ; Inapplicable ; Inapplicable ; Inapplicable ; Inapplicable ;
; regOUT[56]         ; Inapplicable ; Inapplicable ; Inapplicable ; Inapplicable ; Inapplicable ; Unchecked ; Inapplicable ; Inapplicable ; Unchecked ; Unchecked ; Inapplicable ; Unchecked    ; Inapplicable ; Inapplicable ; Inapplicable ; Inapplicable ; Unchecked    ; Inapplicable ; Inapplicable ; Inapplicable ; Inapplicable ; Pass         ; Inapplicable ; Inapplicable ; Inapplicable ; Inapplicable ; Inapplicable ; Inapplicable ;
; regOUT[57]         ; Inapplicable ; Inapplicable ; Inapplicable ; Inapplicable ; Inapplicable ; Unchecked ; Inapplicable ; Inapplicable ; Unchecked ; Unchecked ; Inapplicable ; Unchecked    ; Inapplicable ; Inapplicable ; Inapplicable ; Inapplicable ; Unchecked    ; Inapplicable ; Inapplicable ; Inapplicable ; Inapplicable ; Pass         ; Inapplicable ; Inapplicable ; Inapplicable ; Inapplicable ; Inapplicable ; Inapplicable ;
; regOUT[58]         ; Inapplicable ; Inapplicable ; Inapplicable ; Inapplicable ; Inapplicable ; Unchecked ; Inapplicable ; Inapplicable ; Unchecked ; Unchecked ; Inapplicable ; Unchecked    ; Inapplicable ; Inapplicable ; Inapplicable ; Inapplicable ; Unchecked    ; Inapplicable ; Inapplicable ; Inapplicable ; Inapplicable ; Pass         ; Inapplicable ; Inapplicable ; Inapplicable ; Inapplicable ; Inapplicable ; Inapplicable ;
; regOUT[59]         ; Inapplicable ; Inapplicable ; Inapplicable ; Inapplicable ; Inapplicable ; Unchecked ; Inapplicable ; Inapplicable ; Unchecked ; Unchecked ; Inapplicable ; Unchecked    ; Inapplicable ; Inapplicable ; Inapplicable ; Inapplicable ; Unchecked    ; Inapplicable ; Inapplicable ; Inapplicable ; Inapplicable ; Pass         ; Inapplicable ; Inapplicable ; Inapplicable ; Inapplicable ; Inapplicable ; Inapplicable ;
; regOUT[60]         ; Inapplicable ; Inapplicable ; Inapplicable ; Inapplicable ; Inapplicable ; Unchecked ; Inapplicable ; Inapplicable ; Unchecked ; Unchecked ; Inapplicable ; Unchecked    ; Inapplicable ; Inapplicable ; Inapplicable ; Inapplicable ; Unchecked    ; Inapplicable ; Inapplicable ; Inapplicable ; Inapplicable ; Pass         ; Inapplicable ; Inapplicable ; Inapplicable ; Inapplicable ; Inapplicable ; Inapplicable ;
; regOUT[61]         ; Inapplicable ; Inapplicable ; Inapplicable ; Inapplicable ; Inapplicable ; Unchecked ; Inapplicable ; Inapplicable ; Unchecked ; Unchecked ; Inapplicable ; Unchecked    ; Inapplicable ; Inapplicable ; Inapplicable ; Inapplicable ; Unchecked    ; Inapplicable ; Inapplicable ; Inapplicable ; Inapplicable ; Pass         ; Inapplicable ; Inapplicable ; Inapplicable ; Inapplicable ; Inapplicable ; Inapplicable ;
; regOUT[62]         ; Inapplicable ; Inapplicable ; Inapplicable ; Inapplicable ; Inapplicable ; Unchecked ; Inapplicable ; Inapplicable ; Unchecked ; Unchecked ; Inapplicable ; Unchecked    ; Inapplicable ; Inapplicable ; Inapplicable ; Inapplicable ; Unchecked    ; Inapplicable ; Inapplicable ; Inapplicable ; Inapplicable ; Pass         ; Inapplicable ; Inapplicable ; Inapplicable ; Inapplicable ; Inapplicable ; Inapplicable ;
; regOUT[63]         ; Inapplicable ; Inapplicable ; Inapplicable ; Inapplicable ; Inapplicable ; Unchecked ; Inapplicable ; Inapplicable ; Unchecked ; Unchecked ; Inapplicable ; Unchecked    ; Inapplicable ; Inapplicable ; Inapplicable ; Inapplicable ; Unchecked    ; Inapplicable ; Inapplicable ; Inapplicable ; Inapplicable ; Pass         ; Inapplicable ; Inapplicable ; Inapplicable ; Inapplicable ; Inapplicable ; Inapplicable ;
; regOUT[64]         ; Inapplicable ; Inapplicable ; Inapplicable ; Inapplicable ; Inapplicable ; Unchecked ; Inapplicable ; Inapplicable ; Unchecked ; Unchecked ; Inapplicable ; Unchecked    ; Inapplicable ; Inapplicable ; Inapplicable ; Inapplicable ; Unchecked    ; Inapplicable ; Inapplicable ; Inapplicable ; Inapplicable ; Pass         ; Inapplicable ; Inapplicable ; Inapplicable ; Inapplicable ; Inapplicable ; Inapplicable ;
; regOUT[65]         ; Inapplicable ; Inapplicable ; Inapplicable ; Inapplicable ; Inapplicable ; Unchecked ; Inapplicable ; Inapplicable ; Unchecked ; Unchecked ; Inapplicable ; Unchecked    ; Inapplicable ; Inapplicable ; Inapplicable ; Inapplicable ; Unchecked    ; Inapplicable ; Inapplicable ; Inapplicable ; Inapplicable ; Pass         ; Inapplicable ; Inapplicable ; Inapplicable ; Inapplicable ; Inapplicable ; Inapplicable ;
; regOUT[66]         ; Inapplicable ; Inapplicable ; Inapplicable ; Inapplicable ; Inapplicable ; Unchecked ; Inapplicable ; Inapplicable ; Unchecked ; Unchecked ; Inapplicable ; Unchecked    ; Inapplicable ; Inapplicable ; Inapplicable ; Inapplicable ; Unchecked    ; Inapplicable ; Inapplicable ; Inapplicable ; Inapplicable ; Pass         ; Inapplicable ; Inapplicable ; Inapplicable ; Inapplicable ; Inapplicable ; Inapplicable ;
; regOUT[67]         ; Inapplicable ; Inapplicable ; Inapplicable ; Inapplicable ; Inapplicable ; Unchecked ; Inapplicable ; Inapplicable ; Unchecked ; Unchecked ; Inapplicable ; Unchecked    ; Inapplicable ; Inapplicable ; Inapplicable ; Inapplicable ; Unchecked    ; Inapplicable ; Inapplicable ; Inapplicable ; Inapplicable ; Pass         ; Inapplicable ; Inapplicable ; Inapplicable ; Inapplicable ; Inapplicable ; Inapplicable ;
; regOUT[68]         ; Inapplicable ; Inapplicable ; Inapplicable ; Inapplicable ; Inapplicable ; Unchecked ; Inapplicable ; Inapplicable ; Unchecked ; Unchecked ; Inapplicable ; Unchecked    ; Inapplicable ; Inapplicable ; Inapplicable ; Inapplicable ; Unchecked    ; Inapplicable ; Inapplicable ; Inapplicable ; Inapplicable ; Pass         ; Inapplicable ; Inapplicable ; Inapplicable ; Inapplicable ; Inapplicable ; Inapplicable ;
; regOUT[69]         ; Inapplicable ; Inapplicable ; Inapplicable ; Inapplicable ; Inapplicable ; Unchecked ; Inapplicable ; Inapplicable ; Unchecked ; Unchecked ; Inapplicable ; Unchecked    ; Inapplicable ; Inapplicable ; Inapplicable ; Inapplicable ; Unchecked    ; Inapplicable ; Inapplicable ; Inapplicable ; Inapplicable ; Pass         ; Inapplicable ; Inapplicable ; Inapplicable ; Inapplicable ; Inapplicable ; Inapplicable ;
; regOUT[70]         ; Inapplicable ; Inapplicable ; Inapplicable ; Inapplicable ; Inapplicable ; Unchecked ; Inapplicable ; Inapplicable ; Unchecked ; Unchecked ; Inapplicable ; Unchecked    ; Inapplicable ; Inapplicable ; Inapplicable ; Inapplicable ; Unchecked    ; Inapplicable ; Inapplicable ; Inapplicable ; Inapplicable ; Pass         ; Inapplicable ; Inapplicable ; Inapplicable ; Inapplicable ; Inapplicable ; Inapplicable ;
; regOUT[71]         ; Inapplicable ; Inapplicable ; Inapplicable ; Inapplicable ; Inapplicable ; Unchecked ; Inapplicable ; Inapplicable ; Unchecked ; Unchecked ; Inapplicable ; Unchecked    ; Inapplicable ; Inapplicable ; Inapplicable ; Inapplicable ; Unchecked    ; Inapplicable ; Inapplicable ; Inapplicable ; Inapplicable ; Pass         ; Inapplicable ; Inapplicable ; Inapplicable ; Inapplicable ; Inapplicable ; Inapplicable ;
; regOUT[72]         ; Inapplicable ; Inapplicable ; Inapplicable ; Inapplicable ; Inapplicable ; Unchecked ; Inapplicable ; Inapplicable ; Unchecked ; Unchecked ; Inapplicable ; Unchecked    ; Inapplicable ; Inapplicable ; Inapplicable ; Inapplicable ; Unchecked    ; Inapplicable ; Inapplicable ; Inapplicable ; Inapplicable ; Pass         ; Inapplicable ; Inapplicable ; Inapplicable ; Inapplicable ; Inapplicable ; Inapplicable ;
; regOUT[73]         ; Inapplicable ; Inapplicable ; Inapplicable ; Inapplicable ; Inapplicable ; Unchecked ; Inapplicable ; Inapplicable ; Unchecked ; Unchecked ; Inapplicable ; Unchecked    ; Inapplicable ; Inapplicable ; Inapplicable ; Inapplicable ; Unchecked    ; Inapplicable ; Inapplicable ; Inapplicable ; Inapplicable ; Pass         ; Inapplicable ; Inapplicable ; Inapplicable ; Inapplicable ; Inapplicable ; Inapplicable ;
; regOUT[74]         ; Inapplicable ; Inapplicable ; Inapplicable ; Inapplicable ; Inapplicable ; Unchecked ; Inapplicable ; Inapplicable ; Unchecked ; Unchecked ; Inapplicable ; Unchecked    ; Inapplicable ; Inapplicable ; Inapplicable ; Inapplicable ; Unchecked    ; Inapplicable ; Inapplicable ; Inapplicable ; Inapplicable ; Pass         ; Inapplicable ; Inapplicable ; Inapplicable ; Inapplicable ; Inapplicable ; Inapplicable ;
; regOUT[75]         ; Inapplicable ; Inapplicable ; Inapplicable ; Inapplicable ; Inapplicable ; Unchecked ; Inapplicable ; Inapplicable ; Unchecked ; Unchecked ; Inapplicable ; Unchecked    ; Inapplicable ; Inapplicable ; Inapplicable ; Inapplicable ; Unchecked    ; Inapplicable ; Inapplicable ; Inapplicable ; Inapplicable ; Pass         ; Inapplicable ; Inapplicable ; Inapplicable ; Inapplicable ; Inapplicable ; Inapplicable ;
; regOUT[76]         ; Inapplicable ; Inapplicable ; Inapplicable ; Inapplicable ; Inapplicable ; Unchecked ; Inapplicable ; Inapplicable ; Unchecked ; Unchecked ; Inapplicable ; Unchecked    ; Inapplicable ; Inapplicable ; Inapplicable ; Inapplicable ; Unchecked    ; Inapplicable ; Inapplicable ; Inapplicable ; Inapplicable ; Pass         ; Inapplicable ; Inapplicable ; Inapplicable ; Inapplicable ; Inapplicable ; Inapplicable ;
; regOUT[77]         ; Inapplicable ; Inapplicable ; Inapplicable ; Inapplicable ; Inapplicable ; Unchecked ; Inapplicable ; Inapplicable ; Unchecked ; Unchecked ; Inapplicable ; Unchecked    ; Inapplicable ; Inapplicable ; Inapplicable ; Inapplicable ; Unchecked    ; Inapplicable ; Inapplicable ; Inapplicable ; Inapplicable ; Pass         ; Inapplicable ; Inapplicable ; Inapplicable ; Inapplicable ; Inapplicable ; Inapplicable ;
; regOUT[78]         ; Inapplicable ; Inapplicable ; Inapplicable ; Inapplicable ; Inapplicable ; Unchecked ; Inapplicable ; Inapplicable ; Unchecked ; Unchecked ; Inapplicable ; Unchecked    ; Inapplicable ; Inapplicable ; Inapplicable ; Inapplicable ; Unchecked    ; Inapplicable ; Inapplicable ; Inapplicable ; Inapplicable ; Pass         ; Inapplicable ; Inapplicable ; Inapplicable ; Inapplicable ; Inapplicable ; Inapplicable ;
; regOUT[79]         ; Inapplicable ; Inapplicable ; Inapplicable ; Inapplicable ; Inapplicable ; Unchecked ; Inapplicable ; Inapplicable ; Unchecked ; Unchecked ; Inapplicable ; Unchecked    ; Inapplicable ; Inapplicable ; Inapplicable ; Inapplicable ; Unchecked    ; Inapplicable ; Inapplicable ; Inapplicable ; Inapplicable ; Pass         ; Inapplicable ; Inapplicable ; Inapplicable ; Inapplicable ; Inapplicable ; Inapplicable ;
; regOUT[80]         ; Inapplicable ; Inapplicable ; Inapplicable ; Inapplicable ; Inapplicable ; Unchecked ; Inapplicable ; Inapplicable ; Unchecked ; Unchecked ; Inapplicable ; Unchecked    ; Inapplicable ; Inapplicable ; Inapplicable ; Inapplicable ; Unchecked    ; Inapplicable ; Inapplicable ; Inapplicable ; Inapplicable ; Pass         ; Inapplicable ; Inapplicable ; Inapplicable ; Inapplicable ; Inapplicable ; Inapplicable ;
; regOUT[81]         ; Inapplicable ; Inapplicable ; Inapplicable ; Inapplicable ; Inapplicable ; Unchecked ; Inapplicable ; Inapplicable ; Unchecked ; Unchecked ; Inapplicable ; Unchecked    ; Inapplicable ; Inapplicable ; Inapplicable ; Inapplicable ; Unchecked    ; Inapplicable ; Inapplicable ; Inapplicable ; Inapplicable ; Pass         ; Inapplicable ; Inapplicable ; Inapplicable ; Inapplicable ; Inapplicable ; Inapplicable ;
; regOUT[82]         ; Inapplicable ; Inapplicable ; Inapplicable ; Inapplicable ; Inapplicable ; Unchecked ; Inapplicable ; Inapplicable ; Unchecked ; Unchecked ; Inapplicable ; Unchecked    ; Inapplicable ; Inapplicable ; Inapplicable ; Inapplicable ; Unchecked    ; Inapplicable ; Inapplicable ; Inapplicable ; Inapplicable ; Pass         ; Inapplicable ; Inapplicable ; Inapplicable ; Inapplicable ; Inapplicable ; Inapplicable ;
; regOUT[83]         ; Inapplicable ; Inapplicable ; Inapplicable ; Inapplicable ; Inapplicable ; Unchecked ; Inapplicable ; Inapplicable ; Unchecked ; Unchecked ; Inapplicable ; Unchecked    ; Inapplicable ; Inapplicable ; Inapplicable ; Inapplicable ; Unchecked    ; Inapplicable ; Inapplicable ; Inapplicable ; Inapplicable ; Pass         ; Inapplicable ; Inapplicable ; Inapplicable ; Inapplicable ; Inapplicable ; Inapplicable ;
; regOUT[84]         ; Inapplicable ; Inapplicable ; Inapplicable ; Inapplicable ; Inapplicable ; Unchecked ; Inapplicable ; Inapplicable ; Unchecked ; Unchecked ; Inapplicable ; Unchecked    ; Inapplicable ; Inapplicable ; Inapplicable ; Inapplicable ; Unchecked    ; Inapplicable ; Inapplicable ; Inapplicable ; Inapplicable ; Pass         ; Inapplicable ; Inapplicable ; Inapplicable ; Inapplicable ; Inapplicable ; Inapplicable ;
; regOUT[85]         ; Inapplicable ; Inapplicable ; Inapplicable ; Inapplicable ; Inapplicable ; Unchecked ; Inapplicable ; Inapplicable ; Unchecked ; Unchecked ; Inapplicable ; Unchecked    ; Inapplicable ; Inapplicable ; Inapplicable ; Inapplicable ; Unchecked    ; Inapplicable ; Inapplicable ; Inapplicable ; Inapplicable ; Pass         ; Inapplicable ; Inapplicable ; Inapplicable ; Inapplicable ; Inapplicable ; Inapplicable ;
; regOUT[86]         ; Inapplicable ; Inapplicable ; Inapplicable ; Inapplicable ; Inapplicable ; Unchecked ; Inapplicable ; Inapplicable ; Unchecked ; Unchecked ; Inapplicable ; Unchecked    ; Inapplicable ; Inapplicable ; Inapplicable ; Inapplicable ; Unchecked    ; Inapplicable ; Inapplicable ; Inapplicable ; Inapplicable ; Pass         ; Inapplicable ; Inapplicable ; Inapplicable ; Inapplicable ; Inapplicable ; Inapplicable ;
; regOUT[87]         ; Inapplicable ; Inapplicable ; Inapplicable ; Inapplicable ; Inapplicable ; Unchecked ; Inapplicable ; Inapplicable ; Unchecked ; Unchecked ; Inapplicable ; Unchecked    ; Inapplicable ; Inapplicable ; Inapplicable ; Inapplicable ; Unchecked    ; Inapplicable ; Inapplicable ; Inapplicable ; Inapplicable ; Pass         ; Inapplicable ; Inapplicable ; Inapplicable ; Inapplicable ; Inapplicable ; Inapplicable ;
; regOUT[88]         ; Inapplicable ; Inapplicable ; Inapplicable ; Inapplicable ; Inapplicable ; Unchecked ; Inapplicable ; Inapplicable ; Unchecked ; Unchecked ; Inapplicable ; Unchecked    ; Inapplicable ; Inapplicable ; Inapplicable ; Inapplicable ; Unchecked    ; Inapplicable ; Inapplicable ; Inapplicable ; Inapplicable ; Pass         ; Inapplicable ; Inapplicable ; Inapplicable ; Inapplicable ; Inapplicable ; Inapplicable ;
; regOUT[89]         ; Inapplicable ; Inapplicable ; Inapplicable ; Inapplicable ; Inapplicable ; Unchecked ; Inapplicable ; Inapplicable ; Unchecked ; Unchecked ; Inapplicable ; Unchecked    ; Inapplicable ; Inapplicable ; Inapplicable ; Inapplicable ; Unchecked    ; Inapplicable ; Inapplicable ; Inapplicable ; Inapplicable ; Pass         ; Inapplicable ; Inapplicable ; Inapplicable ; Inapplicable ; Inapplicable ; Inapplicable ;
; regOUT[90]         ; Inapplicable ; Inapplicable ; Inapplicable ; Inapplicable ; Inapplicable ; Unchecked ; Inapplicable ; Inapplicable ; Unchecked ; Unchecked ; Inapplicable ; Unchecked    ; Inapplicable ; Inapplicable ; Inapplicable ; Inapplicable ; Unchecked    ; Inapplicable ; Inapplicable ; Inapplicable ; Inapplicable ; Pass         ; Inapplicable ; Inapplicable ; Inapplicable ; Inapplicable ; Inapplicable ; Inapplicable ;
; regOUT[91]         ; Inapplicable ; Inapplicable ; Inapplicable ; Inapplicable ; Inapplicable ; Unchecked ; Inapplicable ; Inapplicable ; Unchecked ; Unchecked ; Inapplicable ; Unchecked    ; Inapplicable ; Inapplicable ; Inapplicable ; Inapplicable ; Unchecked    ; Inapplicable ; Inapplicable ; Inapplicable ; Inapplicable ; Pass         ; Inapplicable ; Inapplicable ; Inapplicable ; Inapplicable ; Inapplicable ; Inapplicable ;
; regOUT[92]         ; Inapplicable ; Inapplicable ; Inapplicable ; Inapplicable ; Inapplicable ; Unchecked ; Inapplicable ; Inapplicable ; Unchecked ; Unchecked ; Inapplicable ; Unchecked    ; Inapplicable ; Inapplicable ; Inapplicable ; Inapplicable ; Unchecked    ; Inapplicable ; Inapplicable ; Inapplicable ; Inapplicable ; Pass         ; Inapplicable ; Inapplicable ; Inapplicable ; Inapplicable ; Inapplicable ; Inapplicable ;
; regOUT[93]         ; Inapplicable ; Inapplicable ; Inapplicable ; Inapplicable ; Inapplicable ; Unchecked ; Inapplicable ; Inapplicable ; Unchecked ; Unchecked ; Inapplicable ; Unchecked    ; Inapplicable ; Inapplicable ; Inapplicable ; Inapplicable ; Unchecked    ; Inapplicable ; Inapplicable ; Inapplicable ; Inapplicable ; Pass         ; Inapplicable ; Inapplicable ; Inapplicable ; Inapplicable ; Inapplicable ; Inapplicable ;
; regOUT[94]         ; Inapplicable ; Inapplicable ; Inapplicable ; Inapplicable ; Inapplicable ; Unchecked ; Inapplicable ; Inapplicable ; Unchecked ; Unchecked ; Inapplicable ; Unchecked    ; Inapplicable ; Inapplicable ; Inapplicable ; Inapplicable ; Unchecked    ; Inapplicable ; Inapplicable ; Inapplicable ; Inapplicable ; Pass         ; Inapplicable ; Inapplicable ; Inapplicable ; Inapplicable ; Inapplicable ; Inapplicable ;
; regOUT[95]         ; Inapplicable ; Inapplicable ; Inapplicable ; Inapplicable ; Inapplicable ; Unchecked ; Inapplicable ; Inapplicable ; Unchecked ; Unchecked ; Inapplicable ; Unchecked    ; Inapplicable ; Inapplicable ; Inapplicable ; Inapplicable ; Unchecked    ; Inapplicable ; Inapplicable ; Inapplicable ; Inapplicable ; Pass         ; Inapplicable ; Inapplicable ; Inapplicable ; Inapplicable ; Inapplicable ; Inapplicable ;
; regOUT[96]         ; Inapplicable ; Inapplicable ; Inapplicable ; Inapplicable ; Inapplicable ; Unchecked ; Inapplicable ; Inapplicable ; Unchecked ; Unchecked ; Inapplicable ; Unchecked    ; Inapplicable ; Inapplicable ; Inapplicable ; Inapplicable ; Unchecked    ; Inapplicable ; Inapplicable ; Inapplicable ; Inapplicable ; Pass         ; Inapplicable ; Inapplicable ; Inapplicable ; Inapplicable ; Inapplicable ; Inapplicable ;
; regOUT[97]         ; Inapplicable ; Inapplicable ; Inapplicable ; Inapplicable ; Inapplicable ; Unchecked ; Inapplicable ; Inapplicable ; Unchecked ; Unchecked ; Inapplicable ; Unchecked    ; Inapplicable ; Inapplicable ; Inapplicable ; Inapplicable ; Unchecked    ; Inapplicable ; Inapplicable ; Inapplicable ; Inapplicable ; Pass         ; Inapplicable ; Inapplicable ; Inapplicable ; Inapplicable ; Inapplicable ; Inapplicable ;
; regOUT[98]         ; Inapplicable ; Inapplicable ; Inapplicable ; Inapplicable ; Inapplicable ; Unchecked ; Inapplicable ; Inapplicable ; Unchecked ; Unchecked ; Inapplicable ; Unchecked    ; Inapplicable ; Inapplicable ; Inapplicable ; Inapplicable ; Unchecked    ; Inapplicable ; Inapplicable ; Inapplicable ; Inapplicable ; Pass         ; Inapplicable ; Inapplicable ; Inapplicable ; Inapplicable ; Inapplicable ; Inapplicable ;
; regOUT[99]         ; Inapplicable ; Inapplicable ; Inapplicable ; Inapplicable ; Inapplicable ; Unchecked ; Inapplicable ; Inapplicable ; Unchecked ; Unchecked ; Inapplicable ; Unchecked    ; Inapplicable ; Inapplicable ; Inapplicable ; Inapplicable ; Unchecked    ; Inapplicable ; Inapplicable ; Inapplicable ; Inapplicable ; Pass         ; Inapplicable ; Inapplicable ; Inapplicable ; Inapplicable ; Inapplicable ; Inapplicable ;
; regOUT[100]        ; Inapplicable ; Inapplicable ; Inapplicable ; Inapplicable ; Inapplicable ; Unchecked ; Inapplicable ; Inapplicable ; Unchecked ; Unchecked ; Inapplicable ; Unchecked    ; Inapplicable ; Inapplicable ; Inapplicable ; Inapplicable ; Unchecked    ; Inapplicable ; Inapplicable ; Inapplicable ; Inapplicable ; Pass         ; Inapplicable ; Inapplicable ; Inapplicable ; Inapplicable ; Inapplicable ; Inapplicable ;
; regOUT[101]        ; Inapplicable ; Inapplicable ; Inapplicable ; Inapplicable ; Inapplicable ; Unchecked ; Inapplicable ; Inapplicable ; Unchecked ; Unchecked ; Inapplicable ; Unchecked    ; Inapplicable ; Inapplicable ; Inapplicable ; Inapplicable ; Unchecked    ; Inapplicable ; Inapplicable ; Inapplicable ; Inapplicable ; Pass         ; Inapplicable ; Inapplicable ; Inapplicable ; Inapplicable ; Inapplicable ; Inapplicable ;
; regOUT[102]        ; Inapplicable ; Inapplicable ; Inapplicable ; Inapplicable ; Inapplicable ; Unchecked ; Inapplicable ; Inapplicable ; Unchecked ; Unchecked ; Inapplicable ; Unchecked    ; Inapplicable ; Inapplicable ; Inapplicable ; Inapplicable ; Unchecked    ; Inapplicable ; Inapplicable ; Inapplicable ; Inapplicable ; Pass         ; Inapplicable ; Inapplicable ; Inapplicable ; Inapplicable ; Inapplicable ; Inapplicable ;
; regOUT[103]        ; Inapplicable ; Inapplicable ; Inapplicable ; Inapplicable ; Inapplicable ; Unchecked ; Inapplicable ; Inapplicable ; Unchecked ; Unchecked ; Inapplicable ; Unchecked    ; Inapplicable ; Inapplicable ; Inapplicable ; Inapplicable ; Unchecked    ; Inapplicable ; Inapplicable ; Inapplicable ; Inapplicable ; Pass         ; Inapplicable ; Inapplicable ; Inapplicable ; Inapplicable ; Inapplicable ; Inapplicable ;
; regOUT[104]        ; Inapplicable ; Inapplicable ; Inapplicable ; Inapplicable ; Inapplicable ; Unchecked ; Inapplicable ; Inapplicable ; Unchecked ; Unchecked ; Inapplicable ; Unchecked    ; Inapplicable ; Inapplicable ; Inapplicable ; Inapplicable ; Unchecked    ; Inapplicable ; Inapplicable ; Inapplicable ; Inapplicable ; Pass         ; Inapplicable ; Inapplicable ; Inapplicable ; Inapplicable ; Inapplicable ; Inapplicable ;
; regOUT[105]        ; Inapplicable ; Inapplicable ; Inapplicable ; Inapplicable ; Inapplicable ; Unchecked ; Inapplicable ; Inapplicable ; Unchecked ; Unchecked ; Inapplicable ; Unchecked    ; Inapplicable ; Inapplicable ; Inapplicable ; Inapplicable ; Unchecked    ; Inapplicable ; Inapplicable ; Inapplicable ; Inapplicable ; Pass         ; Inapplicable ; Inapplicable ; Inapplicable ; Inapplicable ; Inapplicable ; Inapplicable ;
; regOUT[106]        ; Inapplicable ; Inapplicable ; Inapplicable ; Inapplicable ; Inapplicable ; Unchecked ; Inapplicable ; Inapplicable ; Unchecked ; Unchecked ; Inapplicable ; Unchecked    ; Inapplicable ; Inapplicable ; Inapplicable ; Inapplicable ; Unchecked    ; Inapplicable ; Inapplicable ; Inapplicable ; Inapplicable ; Pass         ; Inapplicable ; Inapplicable ; Inapplicable ; Inapplicable ; Inapplicable ; Inapplicable ;
; regOUT[107]        ; Inapplicable ; Inapplicable ; Inapplicable ; Inapplicable ; Inapplicable ; Unchecked ; Inapplicable ; Inapplicable ; Unchecked ; Unchecked ; Inapplicable ; Unchecked    ; Inapplicable ; Inapplicable ; Inapplicable ; Inapplicable ; Unchecked    ; Inapplicable ; Inapplicable ; Inapplicable ; Inapplicable ; Pass         ; Inapplicable ; Inapplicable ; Inapplicable ; Inapplicable ; Inapplicable ; Inapplicable ;
; regOUT[108]        ; Inapplicable ; Inapplicable ; Inapplicable ; Inapplicable ; Inapplicable ; Unchecked ; Inapplicable ; Inapplicable ; Unchecked ; Unchecked ; Inapplicable ; Unchecked    ; Inapplicable ; Inapplicable ; Inapplicable ; Inapplicable ; Unchecked    ; Inapplicable ; Inapplicable ; Inapplicable ; Inapplicable ; Pass         ; Inapplicable ; Inapplicable ; Inapplicable ; Inapplicable ; Inapplicable ; Inapplicable ;
; regOUT[109]        ; Inapplicable ; Inapplicable ; Inapplicable ; Inapplicable ; Inapplicable ; Unchecked ; Inapplicable ; Inapplicable ; Unchecked ; Unchecked ; Inapplicable ; Unchecked    ; Inapplicable ; Inapplicable ; Inapplicable ; Inapplicable ; Unchecked    ; Inapplicable ; Inapplicable ; Inapplicable ; Inapplicable ; Pass         ; Inapplicable ; Inapplicable ; Inapplicable ; Inapplicable ; Inapplicable ; Inapplicable ;
; regOUT[110]        ; Inapplicable ; Inapplicable ; Inapplicable ; Inapplicable ; Inapplicable ; Unchecked ; Inapplicable ; Inapplicable ; Unchecked ; Unchecked ; Inapplicable ; Unchecked    ; Inapplicable ; Inapplicable ; Inapplicable ; Inapplicable ; Unchecked    ; Inapplicable ; Inapplicable ; Inapplicable ; Inapplicable ; Pass         ; Inapplicable ; Inapplicable ; Inapplicable ; Inapplicable ; Inapplicable ; Inapplicable ;
; regOUT[111]        ; Inapplicable ; Inapplicable ; Inapplicable ; Inapplicable ; Inapplicable ; Unchecked ; Inapplicable ; Inapplicable ; Unchecked ; Unchecked ; Inapplicable ; Unchecked    ; Inapplicable ; Inapplicable ; Inapplicable ; Inapplicable ; Unchecked    ; Inapplicable ; Inapplicable ; Inapplicable ; Inapplicable ; Pass         ; Inapplicable ; Inapplicable ; Inapplicable ; Inapplicable ; Inapplicable ; Inapplicable ;
; regOUT[112]        ; Inapplicable ; Inapplicable ; Inapplicable ; Inapplicable ; Inapplicable ; Unchecked ; Inapplicable ; Inapplicable ; Unchecked ; Unchecked ; Inapplicable ; Unchecked    ; Inapplicable ; Inapplicable ; Inapplicable ; Inapplicable ; Unchecked    ; Inapplicable ; Inapplicable ; Inapplicable ; Inapplicable ; Pass         ; Inapplicable ; Inapplicable ; Inapplicable ; Inapplicable ; Inapplicable ; Inapplicable ;
; regOUT[113]        ; Inapplicable ; Inapplicable ; Inapplicable ; Inapplicable ; Inapplicable ; Unchecked ; Inapplicable ; Inapplicable ; Unchecked ; Unchecked ; Inapplicable ; Unchecked    ; Inapplicable ; Inapplicable ; Inapplicable ; Inapplicable ; Unchecked    ; Inapplicable ; Inapplicable ; Inapplicable ; Inapplicable ; Pass         ; Inapplicable ; Inapplicable ; Inapplicable ; Inapplicable ; Inapplicable ; Inapplicable ;
; regOUT[114]        ; Inapplicable ; Inapplicable ; Inapplicable ; Inapplicable ; Inapplicable ; Unchecked ; Inapplicable ; Inapplicable ; Unchecked ; Unchecked ; Inapplicable ; Unchecked    ; Inapplicable ; Inapplicable ; Inapplicable ; Inapplicable ; Unchecked    ; Inapplicable ; Inapplicable ; Inapplicable ; Inapplicable ; Pass         ; Inapplicable ; Inapplicable ; Inapplicable ; Inapplicable ; Inapplicable ; Inapplicable ;
; regOUT[115]        ; Inapplicable ; Inapplicable ; Inapplicable ; Inapplicable ; Inapplicable ; Unchecked ; Inapplicable ; Inapplicable ; Unchecked ; Unchecked ; Inapplicable ; Unchecked    ; Inapplicable ; Inapplicable ; Inapplicable ; Inapplicable ; Unchecked    ; Inapplicable ; Inapplicable ; Inapplicable ; Inapplicable ; Pass         ; Inapplicable ; Inapplicable ; Inapplicable ; Inapplicable ; Inapplicable ; Inapplicable ;
; regOUT[116]        ; Inapplicable ; Inapplicable ; Inapplicable ; Inapplicable ; Inapplicable ; Unchecked ; Inapplicable ; Inapplicable ; Unchecked ; Unchecked ; Inapplicable ; Unchecked    ; Inapplicable ; Inapplicable ; Inapplicable ; Inapplicable ; Unchecked    ; Inapplicable ; Inapplicable ; Inapplicable ; Inapplicable ; Pass         ; Inapplicable ; Inapplicable ; Inapplicable ; Inapplicable ; Inapplicable ; Inapplicable ;
; regOUT[117]        ; Inapplicable ; Inapplicable ; Inapplicable ; Inapplicable ; Inapplicable ; Unchecked ; Inapplicable ; Inapplicable ; Unchecked ; Unchecked ; Inapplicable ; Unchecked    ; Inapplicable ; Inapplicable ; Inapplicable ; Inapplicable ; Unchecked    ; Inapplicable ; Inapplicable ; Inapplicable ; Inapplicable ; Pass         ; Inapplicable ; Inapplicable ; Inapplicable ; Inapplicable ; Inapplicable ; Inapplicable ;
; regOUT[118]        ; Inapplicable ; Inapplicable ; Inapplicable ; Inapplicable ; Inapplicable ; Unchecked ; Inapplicable ; Inapplicable ; Unchecked ; Unchecked ; Inapplicable ; Unchecked    ; Inapplicable ; Inapplicable ; Inapplicable ; Inapplicable ; Unchecked    ; Inapplicable ; Inapplicable ; Inapplicable ; Inapplicable ; Pass         ; Inapplicable ; Inapplicable ; Inapplicable ; Inapplicable ; Inapplicable ; Inapplicable ;
; regOUT[119]        ; Inapplicable ; Inapplicable ; Inapplicable ; Inapplicable ; Inapplicable ; Unchecked ; Inapplicable ; Inapplicable ; Unchecked ; Unchecked ; Inapplicable ; Unchecked    ; Inapplicable ; Inapplicable ; Inapplicable ; Inapplicable ; Unchecked    ; Inapplicable ; Inapplicable ; Inapplicable ; Inapplicable ; Pass         ; Inapplicable ; Inapplicable ; Inapplicable ; Inapplicable ; Inapplicable ; Inapplicable ;
; regOUT[120]        ; Inapplicable ; Inapplicable ; Inapplicable ; Inapplicable ; Inapplicable ; Unchecked ; Inapplicable ; Inapplicable ; Unchecked ; Unchecked ; Inapplicable ; Unchecked    ; Inapplicable ; Inapplicable ; Inapplicable ; Inapplicable ; Unchecked    ; Inapplicable ; Inapplicable ; Inapplicable ; Inapplicable ; Pass         ; Inapplicable ; Inapplicable ; Inapplicable ; Inapplicable ; Inapplicable ; Inapplicable ;
; regOUT[121]        ; Inapplicable ; Inapplicable ; Inapplicable ; Inapplicable ; Inapplicable ; Unchecked ; Inapplicable ; Inapplicable ; Unchecked ; Unchecked ; Inapplicable ; Unchecked    ; Inapplicable ; Inapplicable ; Inapplicable ; Inapplicable ; Unchecked    ; Inapplicable ; Inapplicable ; Inapplicable ; Inapplicable ; Pass         ; Inapplicable ; Inapplicable ; Inapplicable ; Inapplicable ; Inapplicable ; Inapplicable ;
; regOUT[122]        ; Inapplicable ; Inapplicable ; Inapplicable ; Inapplicable ; Inapplicable ; Unchecked ; Inapplicable ; Inapplicable ; Unchecked ; Unchecked ; Inapplicable ; Unchecked    ; Inapplicable ; Inapplicable ; Inapplicable ; Inapplicable ; Unchecked    ; Inapplicable ; Inapplicable ; Inapplicable ; Inapplicable ; Pass         ; Inapplicable ; Inapplicable ; Inapplicable ; Inapplicable ; Inapplicable ; Inapplicable ;
; regOUT[123]        ; Inapplicable ; Inapplicable ; Inapplicable ; Inapplicable ; Inapplicable ; Unchecked ; Inapplicable ; Inapplicable ; Unchecked ; Unchecked ; Inapplicable ; Unchecked    ; Inapplicable ; Inapplicable ; Inapplicable ; Inapplicable ; Unchecked    ; Inapplicable ; Inapplicable ; Inapplicable ; Inapplicable ; Pass         ; Inapplicable ; Inapplicable ; Inapplicable ; Inapplicable ; Inapplicable ; Inapplicable ;
; regOUT[124]        ; Inapplicable ; Inapplicable ; Inapplicable ; Inapplicable ; Inapplicable ; Unchecked ; Inapplicable ; Inapplicable ; Unchecked ; Unchecked ; Inapplicable ; Unchecked    ; Inapplicable ; Inapplicable ; Inapplicable ; Inapplicable ; Unchecked    ; Inapplicable ; Inapplicable ; Inapplicable ; Inapplicable ; Pass         ; Inapplicable ; Inapplicable ; Inapplicable ; Inapplicable ; Inapplicable ; Inapplicable ;
; regOUT[125]        ; Inapplicable ; Inapplicable ; Inapplicable ; Inapplicable ; Inapplicable ; Unchecked ; Inapplicable ; Inapplicable ; Unchecked ; Unchecked ; Inapplicable ; Unchecked    ; Inapplicable ; Inapplicable ; Inapplicable ; Inapplicable ; Unchecked    ; Inapplicable ; Inapplicable ; Inapplicable ; Inapplicable ; Pass         ; Inapplicable ; Inapplicable ; Inapplicable ; Inapplicable ; Inapplicable ; Inapplicable ;
; regOUT[126]        ; Inapplicable ; Inapplicable ; Inapplicable ; Inapplicable ; Inapplicable ; Unchecked ; Inapplicable ; Inapplicable ; Unchecked ; Unchecked ; Inapplicable ; Unchecked    ; Inapplicable ; Inapplicable ; Inapplicable ; Inapplicable ; Unchecked    ; Inapplicable ; Inapplicable ; Inapplicable ; Inapplicable ; Pass         ; Inapplicable ; Inapplicable ; Inapplicable ; Inapplicable ; Inapplicable ; Inapplicable ;
; regOUT[127]        ; Inapplicable ; Inapplicable ; Inapplicable ; Inapplicable ; Inapplicable ; Unchecked ; Inapplicable ; Inapplicable ; Unchecked ; Unchecked ; Inapplicable ; Unchecked    ; Inapplicable ; Inapplicable ; Inapplicable ; Inapplicable ; Unchecked    ; Inapplicable ; Inapplicable ; Inapplicable ; Inapplicable ; Pass         ; Inapplicable ; Inapplicable ; Inapplicable ; Inapplicable ; Inapplicable ; Inapplicable ;
; regOUT[128]        ; Inapplicable ; Inapplicable ; Inapplicable ; Inapplicable ; Inapplicable ; Unchecked ; Inapplicable ; Inapplicable ; Unchecked ; Unchecked ; Inapplicable ; Unchecked    ; Inapplicable ; Inapplicable ; Inapplicable ; Inapplicable ; Unchecked    ; Inapplicable ; Inapplicable ; Inapplicable ; Inapplicable ; Pass         ; Inapplicable ; Inapplicable ; Inapplicable ; Inapplicable ; Inapplicable ; Inapplicable ;
; regOUT[129]        ; Inapplicable ; Inapplicable ; Inapplicable ; Inapplicable ; Inapplicable ; Unchecked ; Inapplicable ; Inapplicable ; Unchecked ; Unchecked ; Inapplicable ; Unchecked    ; Inapplicable ; Inapplicable ; Inapplicable ; Inapplicable ; Unchecked    ; Inapplicable ; Inapplicable ; Inapplicable ; Inapplicable ; Pass         ; Inapplicable ; Inapplicable ; Inapplicable ; Inapplicable ; Inapplicable ; Inapplicable ;
; regOUT[130]        ; Inapplicable ; Inapplicable ; Inapplicable ; Inapplicable ; Inapplicable ; Unchecked ; Inapplicable ; Inapplicable ; Unchecked ; Unchecked ; Inapplicable ; Unchecked    ; Inapplicable ; Inapplicable ; Inapplicable ; Inapplicable ; Unchecked    ; Inapplicable ; Inapplicable ; Inapplicable ; Inapplicable ; Pass         ; Inapplicable ; Inapplicable ; Inapplicable ; Inapplicable ; Inapplicable ; Inapplicable ;
; regOUT[131]        ; Inapplicable ; Inapplicable ; Inapplicable ; Inapplicable ; Inapplicable ; Unchecked ; Inapplicable ; Inapplicable ; Unchecked ; Unchecked ; Inapplicable ; Unchecked    ; Inapplicable ; Inapplicable ; Inapplicable ; Inapplicable ; Unchecked    ; Inapplicable ; Inapplicable ; Inapplicable ; Inapplicable ; Pass         ; Inapplicable ; Inapplicable ; Inapplicable ; Inapplicable ; Inapplicable ; Inapplicable ;
; regOUT[132]        ; Inapplicable ; Inapplicable ; Inapplicable ; Inapplicable ; Inapplicable ; Unchecked ; Inapplicable ; Inapplicable ; Unchecked ; Unchecked ; Inapplicable ; Unchecked    ; Inapplicable ; Inapplicable ; Inapplicable ; Inapplicable ; Unchecked    ; Inapplicable ; Inapplicable ; Inapplicable ; Inapplicable ; Pass         ; Inapplicable ; Inapplicable ; Inapplicable ; Inapplicable ; Inapplicable ; Inapplicable ;
; regOUT[133]        ; Inapplicable ; Inapplicable ; Inapplicable ; Inapplicable ; Inapplicable ; Unchecked ; Inapplicable ; Inapplicable ; Unchecked ; Unchecked ; Inapplicable ; Unchecked    ; Inapplicable ; Inapplicable ; Inapplicable ; Inapplicable ; Unchecked    ; Inapplicable ; Inapplicable ; Inapplicable ; Inapplicable ; Pass         ; Inapplicable ; Inapplicable ; Inapplicable ; Inapplicable ; Inapplicable ; Inapplicable ;
; regOUT[134]        ; Inapplicable ; Inapplicable ; Inapplicable ; Inapplicable ; Inapplicable ; Unchecked ; Inapplicable ; Inapplicable ; Unchecked ; Unchecked ; Inapplicable ; Unchecked    ; Inapplicable ; Inapplicable ; Inapplicable ; Inapplicable ; Unchecked    ; Inapplicable ; Inapplicable ; Inapplicable ; Inapplicable ; Pass         ; Inapplicable ; Inapplicable ; Inapplicable ; Inapplicable ; Inapplicable ; Inapplicable ;
; regOUT[135]        ; Inapplicable ; Inapplicable ; Inapplicable ; Inapplicable ; Inapplicable ; Unchecked ; Inapplicable ; Inapplicable ; Unchecked ; Unchecked ; Inapplicable ; Unchecked    ; Inapplicable ; Inapplicable ; Inapplicable ; Inapplicable ; Unchecked    ; Inapplicable ; Inapplicable ; Inapplicable ; Inapplicable ; Pass         ; Inapplicable ; Inapplicable ; Inapplicable ; Inapplicable ; Inapplicable ; Inapplicable ;
; regOUT[136]        ; Inapplicable ; Inapplicable ; Inapplicable ; Inapplicable ; Inapplicable ; Unchecked ; Inapplicable ; Inapplicable ; Unchecked ; Unchecked ; Inapplicable ; Unchecked    ; Inapplicable ; Inapplicable ; Inapplicable ; Inapplicable ; Unchecked    ; Inapplicable ; Inapplicable ; Inapplicable ; Inapplicable ; Pass         ; Inapplicable ; Inapplicable ; Inapplicable ; Inapplicable ; Inapplicable ; Inapplicable ;
; regOUT[137]        ; Inapplicable ; Inapplicable ; Inapplicable ; Inapplicable ; Inapplicable ; Unchecked ; Inapplicable ; Inapplicable ; Unchecked ; Unchecked ; Inapplicable ; Unchecked    ; Inapplicable ; Inapplicable ; Inapplicable ; Inapplicable ; Unchecked    ; Inapplicable ; Inapplicable ; Inapplicable ; Inapplicable ; Pass         ; Inapplicable ; Inapplicable ; Inapplicable ; Inapplicable ; Inapplicable ; Inapplicable ;
; regOUT[138]        ; Inapplicable ; Inapplicable ; Inapplicable ; Inapplicable ; Inapplicable ; Unchecked ; Inapplicable ; Inapplicable ; Unchecked ; Unchecked ; Inapplicable ; Unchecked    ; Inapplicable ; Inapplicable ; Inapplicable ; Inapplicable ; Unchecked    ; Inapplicable ; Inapplicable ; Inapplicable ; Inapplicable ; Pass         ; Inapplicable ; Inapplicable ; Inapplicable ; Inapplicable ; Inapplicable ; Inapplicable ;
; regOUT[139]        ; Inapplicable ; Inapplicable ; Inapplicable ; Inapplicable ; Inapplicable ; Unchecked ; Inapplicable ; Inapplicable ; Unchecked ; Unchecked ; Inapplicable ; Unchecked    ; Inapplicable ; Inapplicable ; Inapplicable ; Inapplicable ; Unchecked    ; Inapplicable ; Inapplicable ; Inapplicable ; Inapplicable ; Pass         ; Inapplicable ; Inapplicable ; Inapplicable ; Inapplicable ; Inapplicable ; Inapplicable ;
; regOUT[140]        ; Inapplicable ; Inapplicable ; Inapplicable ; Inapplicable ; Inapplicable ; Unchecked ; Inapplicable ; Inapplicable ; Unchecked ; Unchecked ; Inapplicable ; Unchecked    ; Inapplicable ; Inapplicable ; Inapplicable ; Inapplicable ; Unchecked    ; Inapplicable ; Inapplicable ; Inapplicable ; Inapplicable ; Pass         ; Inapplicable ; Inapplicable ; Inapplicable ; Inapplicable ; Inapplicable ; Inapplicable ;
; regOUT[141]        ; Inapplicable ; Inapplicable ; Inapplicable ; Inapplicable ; Inapplicable ; Unchecked ; Inapplicable ; Inapplicable ; Unchecked ; Unchecked ; Inapplicable ; Unchecked    ; Inapplicable ; Inapplicable ; Inapplicable ; Inapplicable ; Unchecked    ; Inapplicable ; Inapplicable ; Inapplicable ; Inapplicable ; Pass         ; Inapplicable ; Inapplicable ; Inapplicable ; Inapplicable ; Inapplicable ; Inapplicable ;
; regOUT[142]        ; Inapplicable ; Inapplicable ; Inapplicable ; Inapplicable ; Inapplicable ; Unchecked ; Inapplicable ; Inapplicable ; Unchecked ; Unchecked ; Inapplicable ; Unchecked    ; Inapplicable ; Inapplicable ; Inapplicable ; Inapplicable ; Unchecked    ; Inapplicable ; Inapplicable ; Inapplicable ; Inapplicable ; Pass         ; Inapplicable ; Inapplicable ; Inapplicable ; Inapplicable ; Inapplicable ; Inapplicable ;
; regOUT[143]        ; Inapplicable ; Inapplicable ; Inapplicable ; Inapplicable ; Inapplicable ; Unchecked ; Inapplicable ; Inapplicable ; Unchecked ; Unchecked ; Inapplicable ; Unchecked    ; Inapplicable ; Inapplicable ; Inapplicable ; Inapplicable ; Unchecked    ; Inapplicable ; Inapplicable ; Inapplicable ; Inapplicable ; Pass         ; Inapplicable ; Inapplicable ; Inapplicable ; Inapplicable ; Inapplicable ; Inapplicable ;
; instructionAD[0]   ; Inapplicable ; Inapplicable ; Inapplicable ; Inapplicable ; Inapplicable ; Unchecked ; Inapplicable ; Inapplicable ; Unchecked ; Unchecked ; Inapplicable ; Unchecked    ; Inapplicable ; Inapplicable ; Inapplicable ; Inapplicable ; Unchecked    ; Inapplicable ; Inapplicable ; Inapplicable ; Inapplicable ; Pass         ; Inapplicable ; Inapplicable ; Inapplicable ; Inapplicable ; Inapplicable ; Inapplicable ;
; instructionAD[1]   ; Inapplicable ; Inapplicable ; Inapplicable ; Inapplicable ; Inapplicable ; Unchecked ; Inapplicable ; Inapplicable ; Unchecked ; Unchecked ; Inapplicable ; Unchecked    ; Inapplicable ; Inapplicable ; Inapplicable ; Inapplicable ; Unchecked    ; Inapplicable ; Inapplicable ; Inapplicable ; Inapplicable ; Pass         ; Inapplicable ; Inapplicable ; Inapplicable ; Inapplicable ; Inapplicable ; Inapplicable ;
; instructionAD[2]   ; Inapplicable ; Inapplicable ; Inapplicable ; Inapplicable ; Inapplicable ; Unchecked ; Inapplicable ; Inapplicable ; Unchecked ; Unchecked ; Inapplicable ; Unchecked    ; Inapplicable ; Inapplicable ; Inapplicable ; Inapplicable ; Unchecked    ; Inapplicable ; Inapplicable ; Inapplicable ; Inapplicable ; Pass         ; Inapplicable ; Inapplicable ; Inapplicable ; Inapplicable ; Inapplicable ; Inapplicable ;
; instructionAD[3]   ; Inapplicable ; Inapplicable ; Inapplicable ; Inapplicable ; Inapplicable ; Unchecked ; Inapplicable ; Inapplicable ; Unchecked ; Unchecked ; Inapplicable ; Unchecked    ; Inapplicable ; Inapplicable ; Inapplicable ; Inapplicable ; Unchecked    ; Inapplicable ; Inapplicable ; Inapplicable ; Inapplicable ; Pass         ; Inapplicable ; Inapplicable ; Inapplicable ; Inapplicable ; Inapplicable ; Inapplicable ;
; instructionAD[4]   ; Inapplicable ; Inapplicable ; Inapplicable ; Inapplicable ; Inapplicable ; Unchecked ; Inapplicable ; Inapplicable ; Unchecked ; Unchecked ; Inapplicable ; Unchecked    ; Inapplicable ; Inapplicable ; Inapplicable ; Inapplicable ; Unchecked    ; Inapplicable ; Inapplicable ; Inapplicable ; Inapplicable ; Pass         ; Inapplicable ; Inapplicable ; Inapplicable ; Inapplicable ; Inapplicable ; Inapplicable ;
; instructionAD[5]   ; Inapplicable ; Inapplicable ; Inapplicable ; Inapplicable ; Inapplicable ; Unchecked ; Inapplicable ; Inapplicable ; Unchecked ; Unchecked ; Inapplicable ; Unchecked    ; Inapplicable ; Inapplicable ; Inapplicable ; Inapplicable ; Unchecked    ; Inapplicable ; Inapplicable ; Inapplicable ; Inapplicable ; Pass         ; Inapplicable ; Inapplicable ; Inapplicable ; Inapplicable ; Inapplicable ; Inapplicable ;
; instructionAD[6]   ; Inapplicable ; Inapplicable ; Inapplicable ; Inapplicable ; Inapplicable ; Unchecked ; Inapplicable ; Inapplicable ; Unchecked ; Unchecked ; Inapplicable ; Unchecked    ; Inapplicable ; Inapplicable ; Inapplicable ; Inapplicable ; Unchecked    ; Inapplicable ; Inapplicable ; Inapplicable ; Inapplicable ; Pass         ; Inapplicable ; Inapplicable ; Inapplicable ; Inapplicable ; Inapplicable ; Inapplicable ;
; instructionAD[7]   ; Inapplicable ; Inapplicable ; Inapplicable ; Inapplicable ; Inapplicable ; Unchecked ; Inapplicable ; Inapplicable ; Unchecked ; Unchecked ; Inapplicable ; Unchecked    ; Inapplicable ; Inapplicable ; Inapplicable ; Inapplicable ; Unchecked    ; Inapplicable ; Inapplicable ; Inapplicable ; Inapplicable ; Pass         ; Inapplicable ; Inapplicable ; Inapplicable ; Inapplicable ; Inapplicable ; Inapplicable ;
; instructionAD[8]   ; Inapplicable ; Inapplicable ; Inapplicable ; Inapplicable ; Inapplicable ; Unchecked ; Inapplicable ; Inapplicable ; Unchecked ; Unchecked ; Inapplicable ; Unchecked    ; Inapplicable ; Inapplicable ; Inapplicable ; Inapplicable ; Unchecked    ; Inapplicable ; Inapplicable ; Inapplicable ; Inapplicable ; Pass         ; Inapplicable ; Inapplicable ; Inapplicable ; Inapplicable ; Inapplicable ; Inapplicable ;
; instructionAD[9]   ; Inapplicable ; Inapplicable ; Inapplicable ; Inapplicable ; Inapplicable ; Unchecked ; Inapplicable ; Inapplicable ; Unchecked ; Unchecked ; Inapplicable ; Unchecked    ; Inapplicable ; Inapplicable ; Inapplicable ; Inapplicable ; Unchecked    ; Inapplicable ; Inapplicable ; Inapplicable ; Inapplicable ; Pass         ; Inapplicable ; Inapplicable ; Inapplicable ; Inapplicable ; Inapplicable ; Inapplicable ;
; instructionAD[10]  ; Inapplicable ; Inapplicable ; Inapplicable ; Inapplicable ; Inapplicable ; Unchecked ; Inapplicable ; Inapplicable ; Unchecked ; Unchecked ; Inapplicable ; Unchecked    ; Inapplicable ; Inapplicable ; Inapplicable ; Inapplicable ; Unchecked    ; Inapplicable ; Inapplicable ; Inapplicable ; Inapplicable ; Pass         ; Inapplicable ; Inapplicable ; Inapplicable ; Inapplicable ; Inapplicable ; Inapplicable ;
; instructionAD[11]  ; Inapplicable ; Inapplicable ; Inapplicable ; Inapplicable ; Inapplicable ; Unchecked ; Inapplicable ; Inapplicable ; Unchecked ; Unchecked ; Inapplicable ; Unchecked    ; Inapplicable ; Inapplicable ; Inapplicable ; Inapplicable ; Unchecked    ; Inapplicable ; Inapplicable ; Inapplicable ; Inapplicable ; Pass         ; Inapplicable ; Inapplicable ; Inapplicable ; Inapplicable ; Inapplicable ; Inapplicable ;
; instructionAD[12]  ; Inapplicable ; Inapplicable ; Inapplicable ; Inapplicable ; Inapplicable ; Unchecked ; Inapplicable ; Inapplicable ; Unchecked ; Unchecked ; Inapplicable ; Unchecked    ; Inapplicable ; Inapplicable ; Inapplicable ; Inapplicable ; Unchecked    ; Inapplicable ; Inapplicable ; Inapplicable ; Inapplicable ; Pass         ; Inapplicable ; Inapplicable ; Inapplicable ; Inapplicable ; Inapplicable ; Inapplicable ;
; instructionAD[13]  ; Inapplicable ; Inapplicable ; Inapplicable ; Inapplicable ; Inapplicable ; Unchecked ; Inapplicable ; Inapplicable ; Unchecked ; Unchecked ; Inapplicable ; Unchecked    ; Inapplicable ; Inapplicable ; Inapplicable ; Inapplicable ; Unchecked    ; Inapplicable ; Inapplicable ; Inapplicable ; Inapplicable ; Pass         ; Inapplicable ; Inapplicable ; Inapplicable ; Inapplicable ; Inapplicable ; Inapplicable ;
; instructionAD[14]  ; Inapplicable ; Inapplicable ; Inapplicable ; Inapplicable ; Inapplicable ; Unchecked ; Inapplicable ; Inapplicable ; Unchecked ; Unchecked ; Inapplicable ; Unchecked    ; Inapplicable ; Inapplicable ; Inapplicable ; Inapplicable ; Unchecked    ; Inapplicable ; Inapplicable ; Inapplicable ; Inapplicable ; Pass         ; Inapplicable ; Inapplicable ; Inapplicable ; Inapplicable ; Inapplicable ; Inapplicable ;
; instructionAD[15]  ; Inapplicable ; Inapplicable ; Inapplicable ; Inapplicable ; Inapplicable ; Unchecked ; Inapplicable ; Inapplicable ; Unchecked ; Unchecked ; Inapplicable ; Unchecked    ; Inapplicable ; Inapplicable ; Inapplicable ; Inapplicable ; Unchecked    ; Inapplicable ; Inapplicable ; Inapplicable ; Inapplicable ; Pass         ; Inapplicable ; Inapplicable ; Inapplicable ; Inapplicable ; Inapplicable ; Inapplicable ;
; clock              ; Inapplicable ; Inapplicable ; Inapplicable ; Inapplicable ; Inapplicable ; Unchecked ; Inapplicable ; Inapplicable ; Unchecked ; Unchecked ; Inapplicable ; Inapplicable ; Inapplicable ; Inapplicable ; Inapplicable ; Inapplicable ; Inapplicable ; Inapplicable ; Inapplicable ; Inapplicable ; Inapplicable ; Inapplicable ; Inapplicable ; Inapplicable ; Inapplicable ; Inapplicable ; Inapplicable ; Inapplicable ;
; instr[12]          ; Inapplicable ; Inapplicable ; Inapplicable ; Inapplicable ; Inapplicable ; Unchecked ; Inapplicable ; Inapplicable ; Unchecked ; Unchecked ; Inapplicable ; Inapplicable ; Inapplicable ; Inapplicable ; Inapplicable ; Inapplicable ; Inapplicable ; Inapplicable ; Inapplicable ; Inapplicable ; Inapplicable ; Inapplicable ; Inapplicable ; Inapplicable ; Inapplicable ; Inapplicable ; Inapplicable ; Inapplicable ;
; instr[13]          ; Inapplicable ; Inapplicable ; Inapplicable ; Inapplicable ; Inapplicable ; Unchecked ; Inapplicable ; Inapplicable ; Unchecked ; Unchecked ; Inapplicable ; Inapplicable ; Inapplicable ; Inapplicable ; Inapplicable ; Inapplicable ; Inapplicable ; Inapplicable ; Inapplicable ; Inapplicable ; Inapplicable ; Inapplicable ; Inapplicable ; Inapplicable ; Inapplicable ; Inapplicable ; Inapplicable ; Inapplicable ;
; instr[14]          ; Inapplicable ; Inapplicable ; Inapplicable ; Inapplicable ; Inapplicable ; Unchecked ; Inapplicable ; Inapplicable ; Unchecked ; Unchecked ; Inapplicable ; Inapplicable ; Inapplicable ; Inapplicable ; Inapplicable ; Inapplicable ; Inapplicable ; Inapplicable ; Inapplicable ; Inapplicable ; Inapplicable ; Inapplicable ; Inapplicable ; Inapplicable ; Inapplicable ; Inapplicable ; Inapplicable ; Inapplicable ;
; instr[15]          ; Inapplicable ; Inapplicable ; Inapplicable ; Inapplicable ; Inapplicable ; Unchecked ; Inapplicable ; Inapplicable ; Unchecked ; Unchecked ; Inapplicable ; Inapplicable ; Inapplicable ; Inapplicable ; Inapplicable ; Inapplicable ; Inapplicable ; Inapplicable ; Inapplicable ; Inapplicable ; Inapplicable ; Inapplicable ; Inapplicable ; Inapplicable ; Inapplicable ; Inapplicable ; Inapplicable ; Inapplicable ;
+--------------------+--------------+--------------+--------------+--------------+--------------+-----------+--------------+--------------+-----------+-----------+--------------+--------------+--------------+--------------+--------------+--------------+--------------+--------------+--------------+--------------+--------------+--------------+--------------+--------------+--------------+--------------+--------------+--------------+


+------------------------------------------------------------------------------------------------+
; Fitter Device Options                                                                          ;
+------------------------------------------------------------------+-----------------------------+
; Option                                                           ; Setting                     ;
+------------------------------------------------------------------+-----------------------------+
; Enable user-supplied start-up clock (CLKUSR)                     ; Off                         ;
; Enable device-wide reset (DEV_CLRn)                              ; Off                         ;
; Enable device-wide output enable (DEV_OE)                        ; Off                         ;
; Enable INIT_DONE output                                          ; Off                         ;
; Configuration scheme                                             ; Passive Serial              ;
; Enable Error Detection CRC_ERROR pin                             ; Off                         ;
; Enable CvP_CONFDONE pin                                          ; Off                         ;
; Enable open drain on CRC_ERROR pin                               ; On                          ;
; Enable open drain on CvP_CONFDONE pin                            ; On                          ;
; Enable open drain on INIT_DONE pin                               ; On                          ;
; Enable open drain on Partial Reconfiguration pins                ; Off                         ;
; Enable open drain on nCEO pin                                    ; On                          ;
; Enable Partial Reconfiguration pins                              ; Off                         ;
; Enable input tri-state on active configuration pins in user mode ; Off                         ;
; Enable internal scrubbing                                        ; Off                         ;
; Active Serial clock source                                       ; 100 MHz Internal Oscillator ;
; Device initialization clock source                               ; Internal Oscillator         ;
; Configuration via Protocol                                       ; Off                         ;
; Configuration Voltage Level                                      ; Auto                        ;
; Force Configuration Voltage Level                                ; Off                         ;
; Enable nCEO output                                               ; Off                         ;
; Data[15..8]                                                      ; Unreserved                  ;
; Data[7..5]                                                       ; Unreserved                  ;
; Base pin-out file on sameframe device                            ; Off                         ;
+------------------------------------------------------------------+-----------------------------+


+------------------------------------+
; Operating Settings and Conditions  ;
+---------------------------+--------+
; Setting                   ; Value  ;
+---------------------------+--------+
; Nominal Core Voltage      ; 1.10 V ;
; Low Junction Temperature  ; 0 °C   ;
; High Junction Temperature ; 85 °C  ;
+---------------------------+--------+


+-----------------+
; Fitter Messages ;
+-----------------+
Warning (18236): Number of processors has not been specified which may cause overloading on shared machines.  Set the global assignment NUM_PARALLEL_PROCESSORS in your QSF to an appropriate value for best performance.
Info (20030): Parallel compilation is enabled and will use 4 of the 4 processors detected
Info (119006): Selected device 5CGXFC7C7F23C8 for design "Processor"
Info (21077): Low junction temperature is 0 degrees C
Info (21077): High junction temperature is 85 degrees C
Info (171003): Fitter is performing an Auto Fit compilation, which may decrease Fitter effort to reduce compilation time
Warning (292013): Feature LogicLock is only available with a valid subscription license. You can purchase a software subscription to gain full access to this feature.
Warning (15714): Some pins have incomplete I/O assignments. Refer to the I/O Assignment Warnings report for details
Critical Warning (169085): No exact pin location assignment(s) for 277 pins of 277 total pins. For the list of pins please refer to the I/O Assignment Warnings table in the fitter report.
Error (179000): Design requires 277 user-specified I/O pins -- too many to fit in the 240 user I/O pin locations available in the selected device
    Info (179001): Current design requires 277 user-specified I/O pins -- 277 normal user-specified I/O pins and 0 programming pins that have been constrained to use dual-purpose I/O pin locations
    Info (179002): Targeted device has 240 I/O pin locations available for user I/O -- 212 general-purpose I/O pins and 28 dual-purpose I/O pins
Error (12289): An error occurred while applying the periphery constraints. Review the offending constraints and rerun the Fitter.
Info (11798): Fitter preparation operations ending: elapsed time is 00:00:07
Warning (169069): Following 211 pins have nothing, GND, or VCC driving datain port -- changes to this connectivity may change fitting results
    Info (169070): Pin printEnable has GND driving its datain port File: C:/ERGASIA1_COMP_ARCH/16bit-CPU/Processor/Processor.vhd Line: 13
    Info (169070): Pin keyEnable has GND driving its datain port File: C:/ERGASIA1_COMP_ARCH/16bit-CPU/Processor/Processor.vhd Line: 14
    Info (169070): Pin DataWriteFlag has GND driving its datain port File: C:/ERGASIA1_COMP_ARCH/16bit-CPU/Processor/Processor.vhd Line: 15
    Info (169070): Pin dataAD[0] has GND driving its datain port File: C:/ERGASIA1_COMP_ARCH/16bit-CPU/Processor/Processor.vhd Line: 16
    Info (169070): Pin dataAD[1] has GND driving its datain port File: C:/ERGASIA1_COMP_ARCH/16bit-CPU/Processor/Processor.vhd Line: 16
    Info (169070): Pin dataAD[2] has GND driving its datain port File: C:/ERGASIA1_COMP_ARCH/16bit-CPU/Processor/Processor.vhd Line: 16
    Info (169070): Pin dataAD[3] has GND driving its datain port File: C:/ERGASIA1_COMP_ARCH/16bit-CPU/Processor/Processor.vhd Line: 16
    Info (169070): Pin dataAD[4] has GND driving its datain port File: C:/ERGASIA1_COMP_ARCH/16bit-CPU/Processor/Processor.vhd Line: 16
    Info (169070): Pin dataAD[5] has GND driving its datain port File: C:/ERGASIA1_COMP_ARCH/16bit-CPU/Processor/Processor.vhd Line: 16
    Info (169070): Pin dataAD[6] has GND driving its datain port File: C:/ERGASIA1_COMP_ARCH/16bit-CPU/Processor/Processor.vhd Line: 16
    Info (169070): Pin dataAD[7] has GND driving its datain port File: C:/ERGASIA1_COMP_ARCH/16bit-CPU/Processor/Processor.vhd Line: 16
    Info (169070): Pin dataAD[8] has GND driving its datain port File: C:/ERGASIA1_COMP_ARCH/16bit-CPU/Processor/Processor.vhd Line: 16
    Info (169070): Pin dataAD[9] has GND driving its datain port File: C:/ERGASIA1_COMP_ARCH/16bit-CPU/Processor/Processor.vhd Line: 16
    Info (169070): Pin dataAD[10] has GND driving its datain port File: C:/ERGASIA1_COMP_ARCH/16bit-CPU/Processor/Processor.vhd Line: 16
    Info (169070): Pin dataAD[11] has GND driving its datain port File: C:/ERGASIA1_COMP_ARCH/16bit-CPU/Processor/Processor.vhd Line: 16
    Info (169070): Pin dataAD[12] has GND driving its datain port File: C:/ERGASIA1_COMP_ARCH/16bit-CPU/Processor/Processor.vhd Line: 16
    Info (169070): Pin dataAD[13] has GND driving its datain port File: C:/ERGASIA1_COMP_ARCH/16bit-CPU/Processor/Processor.vhd Line: 16
    Info (169070): Pin dataAD[14] has GND driving its datain port File: C:/ERGASIA1_COMP_ARCH/16bit-CPU/Processor/Processor.vhd Line: 16
    Info (169070): Pin dataAD[15] has GND driving its datain port File: C:/ERGASIA1_COMP_ARCH/16bit-CPU/Processor/Processor.vhd Line: 16
    Info (169070): Pin toData[0] has GND driving its datain port File: C:/ERGASIA1_COMP_ARCH/16bit-CPU/Processor/Processor.vhd Line: 17
    Info (169070): Pin toData[1] has GND driving its datain port File: C:/ERGASIA1_COMP_ARCH/16bit-CPU/Processor/Processor.vhd Line: 17
    Info (169070): Pin toData[2] has GND driving its datain port File: C:/ERGASIA1_COMP_ARCH/16bit-CPU/Processor/Processor.vhd Line: 17
    Info (169070): Pin toData[3] has GND driving its datain port File: C:/ERGASIA1_COMP_ARCH/16bit-CPU/Processor/Processor.vhd Line: 17
    Info (169070): Pin toData[4] has GND driving its datain port File: C:/ERGASIA1_COMP_ARCH/16bit-CPU/Processor/Processor.vhd Line: 17
    Info (169070): Pin toData[5] has GND driving its datain port File: C:/ERGASIA1_COMP_ARCH/16bit-CPU/Processor/Processor.vhd Line: 17
    Info (169070): Pin toData[6] has GND driving its datain port File: C:/ERGASIA1_COMP_ARCH/16bit-CPU/Processor/Processor.vhd Line: 17
    Info (169070): Pin toData[7] has GND driving its datain port File: C:/ERGASIA1_COMP_ARCH/16bit-CPU/Processor/Processor.vhd Line: 17
    Info (169070): Pin toData[8] has GND driving its datain port File: C:/ERGASIA1_COMP_ARCH/16bit-CPU/Processor/Processor.vhd Line: 17
    Info (169070): Pin toData[9] has GND driving its datain port File: C:/ERGASIA1_COMP_ARCH/16bit-CPU/Processor/Processor.vhd Line: 17
    Info (169070): Pin toData[10] has GND driving its datain port File: C:/ERGASIA1_COMP_ARCH/16bit-CPU/Processor/Processor.vhd Line: 17
    Info (169070): Pin toData[11] has GND driving its datain port File: C:/ERGASIA1_COMP_ARCH/16bit-CPU/Processor/Processor.vhd Line: 17
    Info (169070): Pin toData[12] has GND driving its datain port File: C:/ERGASIA1_COMP_ARCH/16bit-CPU/Processor/Processor.vhd Line: 17
    Info (169070): Pin toData[13] has GND driving its datain port File: C:/ERGASIA1_COMP_ARCH/16bit-CPU/Processor/Processor.vhd Line: 17
    Info (169070): Pin toData[14] has GND driving its datain port File: C:/ERGASIA1_COMP_ARCH/16bit-CPU/Processor/Processor.vhd Line: 17
    Info (169070): Pin toData[15] has GND driving its datain port File: C:/ERGASIA1_COMP_ARCH/16bit-CPU/Processor/Processor.vhd Line: 17
    Info (169070): Pin printCode[0] has GND driving its datain port File: C:/ERGASIA1_COMP_ARCH/16bit-CPU/Processor/Processor.vhd Line: 18
    Info (169070): Pin printCode[1] has GND driving its datain port File: C:/ERGASIA1_COMP_ARCH/16bit-CPU/Processor/Processor.vhd Line: 18
    Info (169070): Pin printCode[2] has GND driving its datain port File: C:/ERGASIA1_COMP_ARCH/16bit-CPU/Processor/Processor.vhd Line: 18
    Info (169070): Pin printCode[3] has GND driving its datain port File: C:/ERGASIA1_COMP_ARCH/16bit-CPU/Processor/Processor.vhd Line: 18
    Info (169070): Pin printCode[4] has GND driving its datain port File: C:/ERGASIA1_COMP_ARCH/16bit-CPU/Processor/Processor.vhd Line: 18
    Info (169070): Pin printCode[5] has GND driving its datain port File: C:/ERGASIA1_COMP_ARCH/16bit-CPU/Processor/Processor.vhd Line: 18
    Info (169070): Pin printCode[6] has GND driving its datain port File: C:/ERGASIA1_COMP_ARCH/16bit-CPU/Processor/Processor.vhd Line: 18
    Info (169070): Pin printCode[7] has GND driving its datain port File: C:/ERGASIA1_COMP_ARCH/16bit-CPU/Processor/Processor.vhd Line: 18
    Info (169070): Pin printCode[8] has GND driving its datain port File: C:/ERGASIA1_COMP_ARCH/16bit-CPU/Processor/Processor.vhd Line: 18
    Info (169070): Pin printCode[9] has GND driving its datain port File: C:/ERGASIA1_COMP_ARCH/16bit-CPU/Processor/Processor.vhd Line: 18
    Info (169070): Pin printCode[10] has GND driving its datain port File: C:/ERGASIA1_COMP_ARCH/16bit-CPU/Processor/Processor.vhd Line: 18
    Info (169070): Pin printCode[11] has GND driving its datain port File: C:/ERGASIA1_COMP_ARCH/16bit-CPU/Processor/Processor.vhd Line: 18
    Info (169070): Pin printCode[12] has GND driving its datain port File: C:/ERGASIA1_COMP_ARCH/16bit-CPU/Processor/Processor.vhd Line: 18
    Info (169070): Pin printCode[13] has GND driving its datain port File: C:/ERGASIA1_COMP_ARCH/16bit-CPU/Processor/Processor.vhd Line: 18
    Info (169070): Pin printCode[14] has GND driving its datain port File: C:/ERGASIA1_COMP_ARCH/16bit-CPU/Processor/Processor.vhd Line: 18
    Info (169070): Pin printCode[15] has GND driving its datain port File: C:/ERGASIA1_COMP_ARCH/16bit-CPU/Processor/Processor.vhd Line: 18
    Info (169070): Pin printData[0] has GND driving its datain port File: C:/ERGASIA1_COMP_ARCH/16bit-CPU/Processor/Processor.vhd Line: 19
    Info (169070): Pin printData[1] has GND driving its datain port File: C:/ERGASIA1_COMP_ARCH/16bit-CPU/Processor/Processor.vhd Line: 19
    Info (169070): Pin printData[2] has GND driving its datain port File: C:/ERGASIA1_COMP_ARCH/16bit-CPU/Processor/Processor.vhd Line: 19
    Info (169070): Pin printData[3] has GND driving its datain port File: C:/ERGASIA1_COMP_ARCH/16bit-CPU/Processor/Processor.vhd Line: 19
    Info (169070): Pin printData[4] has GND driving its datain port File: C:/ERGASIA1_COMP_ARCH/16bit-CPU/Processor/Processor.vhd Line: 19
    Info (169070): Pin printData[5] has GND driving its datain port File: C:/ERGASIA1_COMP_ARCH/16bit-CPU/Processor/Processor.vhd Line: 19
    Info (169070): Pin printData[6] has GND driving its datain port File: C:/ERGASIA1_COMP_ARCH/16bit-CPU/Processor/Processor.vhd Line: 19
    Info (169070): Pin printData[7] has GND driving its datain port File: C:/ERGASIA1_COMP_ARCH/16bit-CPU/Processor/Processor.vhd Line: 19
    Info (169070): Pin printData[8] has GND driving its datain port File: C:/ERGASIA1_COMP_ARCH/16bit-CPU/Processor/Processor.vhd Line: 19
    Info (169070): Pin printData[9] has GND driving its datain port File: C:/ERGASIA1_COMP_ARCH/16bit-CPU/Processor/Processor.vhd Line: 19
    Info (169070): Pin printData[10] has GND driving its datain port File: C:/ERGASIA1_COMP_ARCH/16bit-CPU/Processor/Processor.vhd Line: 19
    Info (169070): Pin printData[11] has GND driving its datain port File: C:/ERGASIA1_COMP_ARCH/16bit-CPU/Processor/Processor.vhd Line: 19
    Info (169070): Pin printData[12] has GND driving its datain port File: C:/ERGASIA1_COMP_ARCH/16bit-CPU/Processor/Processor.vhd Line: 19
    Info (169070): Pin printData[13] has GND driving its datain port File: C:/ERGASIA1_COMP_ARCH/16bit-CPU/Processor/Processor.vhd Line: 19
    Info (169070): Pin printData[14] has GND driving its datain port File: C:/ERGASIA1_COMP_ARCH/16bit-CPU/Processor/Processor.vhd Line: 19
    Info (169070): Pin printData[15] has GND driving its datain port File: C:/ERGASIA1_COMP_ARCH/16bit-CPU/Processor/Processor.vhd Line: 19
    Info (169070): Pin regOUT[0] has GND driving its datain port File: C:/ERGASIA1_COMP_ARCH/16bit-CPU/Processor/Processor.vhd Line: 20
    Info (169070): Pin regOUT[1] has GND driving its datain port File: C:/ERGASIA1_COMP_ARCH/16bit-CPU/Processor/Processor.vhd Line: 20
    Info (169070): Pin regOUT[2] has GND driving its datain port File: C:/ERGASIA1_COMP_ARCH/16bit-CPU/Processor/Processor.vhd Line: 20
    Info (169070): Pin regOUT[3] has GND driving its datain port File: C:/ERGASIA1_COMP_ARCH/16bit-CPU/Processor/Processor.vhd Line: 20
    Info (169070): Pin regOUT[4] has GND driving its datain port File: C:/ERGASIA1_COMP_ARCH/16bit-CPU/Processor/Processor.vhd Line: 20
    Info (169070): Pin regOUT[5] has GND driving its datain port File: C:/ERGASIA1_COMP_ARCH/16bit-CPU/Processor/Processor.vhd Line: 20
    Info (169070): Pin regOUT[6] has GND driving its datain port File: C:/ERGASIA1_COMP_ARCH/16bit-CPU/Processor/Processor.vhd Line: 20
    Info (169070): Pin regOUT[7] has GND driving its datain port File: C:/ERGASIA1_COMP_ARCH/16bit-CPU/Processor/Processor.vhd Line: 20
    Info (169070): Pin regOUT[8] has GND driving its datain port File: C:/ERGASIA1_COMP_ARCH/16bit-CPU/Processor/Processor.vhd Line: 20
    Info (169070): Pin regOUT[9] has GND driving its datain port File: C:/ERGASIA1_COMP_ARCH/16bit-CPU/Processor/Processor.vhd Line: 20
    Info (169070): Pin regOUT[10] has GND driving its datain port File: C:/ERGASIA1_COMP_ARCH/16bit-CPU/Processor/Processor.vhd Line: 20
    Info (169070): Pin regOUT[11] has GND driving its datain port File: C:/ERGASIA1_COMP_ARCH/16bit-CPU/Processor/Processor.vhd Line: 20
    Info (169070): Pin regOUT[12] has GND driving its datain port File: C:/ERGASIA1_COMP_ARCH/16bit-CPU/Processor/Processor.vhd Line: 20
    Info (169070): Pin regOUT[13] has GND driving its datain port File: C:/ERGASIA1_COMP_ARCH/16bit-CPU/Processor/Processor.vhd Line: 20
    Info (169070): Pin regOUT[14] has GND driving its datain port File: C:/ERGASIA1_COMP_ARCH/16bit-CPU/Processor/Processor.vhd Line: 20
    Info (169070): Pin regOUT[15] has GND driving its datain port File: C:/ERGASIA1_COMP_ARCH/16bit-CPU/Processor/Processor.vhd Line: 20
    Info (169070): Pin regOUT[16] has GND driving its datain port File: C:/ERGASIA1_COMP_ARCH/16bit-CPU/Processor/Processor.vhd Line: 20
    Info (169070): Pin regOUT[17] has GND driving its datain port File: C:/ERGASIA1_COMP_ARCH/16bit-CPU/Processor/Processor.vhd Line: 20
    Info (169070): Pin regOUT[18] has GND driving its datain port File: C:/ERGASIA1_COMP_ARCH/16bit-CPU/Processor/Processor.vhd Line: 20
    Info (169070): Pin regOUT[19] has GND driving its datain port File: C:/ERGASIA1_COMP_ARCH/16bit-CPU/Processor/Processor.vhd Line: 20
    Info (169070): Pin regOUT[20] has GND driving its datain port File: C:/ERGASIA1_COMP_ARCH/16bit-CPU/Processor/Processor.vhd Line: 20
    Info (169070): Pin regOUT[21] has GND driving its datain port File: C:/ERGASIA1_COMP_ARCH/16bit-CPU/Processor/Processor.vhd Line: 20
    Info (169070): Pin regOUT[22] has GND driving its datain port File: C:/ERGASIA1_COMP_ARCH/16bit-CPU/Processor/Processor.vhd Line: 20
    Info (169070): Pin regOUT[23] has GND driving its datain port File: C:/ERGASIA1_COMP_ARCH/16bit-CPU/Processor/Processor.vhd Line: 20
    Info (169070): Pin regOUT[24] has GND driving its datain port File: C:/ERGASIA1_COMP_ARCH/16bit-CPU/Processor/Processor.vhd Line: 20
    Info (169070): Pin regOUT[25] has GND driving its datain port File: C:/ERGASIA1_COMP_ARCH/16bit-CPU/Processor/Processor.vhd Line: 20
    Info (169070): Pin regOUT[26] has GND driving its datain port File: C:/ERGASIA1_COMP_ARCH/16bit-CPU/Processor/Processor.vhd Line: 20
    Info (169070): Pin regOUT[27] has GND driving its datain port File: C:/ERGASIA1_COMP_ARCH/16bit-CPU/Processor/Processor.vhd Line: 20
    Info (169070): Pin regOUT[28] has GND driving its datain port File: C:/ERGASIA1_COMP_ARCH/16bit-CPU/Processor/Processor.vhd Line: 20
    Info (169070): Pin regOUT[29] has GND driving its datain port File: C:/ERGASIA1_COMP_ARCH/16bit-CPU/Processor/Processor.vhd Line: 20
    Info (169070): Pin regOUT[30] has GND driving its datain port File: C:/ERGASIA1_COMP_ARCH/16bit-CPU/Processor/Processor.vhd Line: 20
    Info (169070): Pin regOUT[31] has GND driving its datain port File: C:/ERGASIA1_COMP_ARCH/16bit-CPU/Processor/Processor.vhd Line: 20
    Info (169070): Pin regOUT[32] has GND driving its datain port File: C:/ERGASIA1_COMP_ARCH/16bit-CPU/Processor/Processor.vhd Line: 20
    Info (169070): Pin regOUT[33] has GND driving its datain port File: C:/ERGASIA1_COMP_ARCH/16bit-CPU/Processor/Processor.vhd Line: 20
    Info (169070): Pin regOUT[34] has GND driving its datain port File: C:/ERGASIA1_COMP_ARCH/16bit-CPU/Processor/Processor.vhd Line: 20
    Info (169070): Pin regOUT[35] has GND driving its datain port File: C:/ERGASIA1_COMP_ARCH/16bit-CPU/Processor/Processor.vhd Line: 20
    Info (169070): Pin regOUT[36] has GND driving its datain port File: C:/ERGASIA1_COMP_ARCH/16bit-CPU/Processor/Processor.vhd Line: 20
    Info (169070): Pin regOUT[37] has GND driving its datain port File: C:/ERGASIA1_COMP_ARCH/16bit-CPU/Processor/Processor.vhd Line: 20
    Info (169070): Pin regOUT[38] has GND driving its datain port File: C:/ERGASIA1_COMP_ARCH/16bit-CPU/Processor/Processor.vhd Line: 20
    Info (169070): Pin regOUT[39] has GND driving its datain port File: C:/ERGASIA1_COMP_ARCH/16bit-CPU/Processor/Processor.vhd Line: 20
    Info (169070): Pin regOUT[40] has GND driving its datain port File: C:/ERGASIA1_COMP_ARCH/16bit-CPU/Processor/Processor.vhd Line: 20
    Info (169070): Pin regOUT[41] has GND driving its datain port File: C:/ERGASIA1_COMP_ARCH/16bit-CPU/Processor/Processor.vhd Line: 20
    Info (169070): Pin regOUT[42] has GND driving its datain port File: C:/ERGASIA1_COMP_ARCH/16bit-CPU/Processor/Processor.vhd Line: 20
    Info (169070): Pin regOUT[43] has GND driving its datain port File: C:/ERGASIA1_COMP_ARCH/16bit-CPU/Processor/Processor.vhd Line: 20
    Info (169070): Pin regOUT[44] has GND driving its datain port File: C:/ERGASIA1_COMP_ARCH/16bit-CPU/Processor/Processor.vhd Line: 20
    Info (169070): Pin regOUT[45] has GND driving its datain port File: C:/ERGASIA1_COMP_ARCH/16bit-CPU/Processor/Processor.vhd Line: 20
    Info (169070): Pin regOUT[46] has GND driving its datain port File: C:/ERGASIA1_COMP_ARCH/16bit-CPU/Processor/Processor.vhd Line: 20
    Info (169070): Pin regOUT[47] has GND driving its datain port File: C:/ERGASIA1_COMP_ARCH/16bit-CPU/Processor/Processor.vhd Line: 20
    Info (169070): Pin regOUT[48] has GND driving its datain port File: C:/ERGASIA1_COMP_ARCH/16bit-CPU/Processor/Processor.vhd Line: 20
    Info (169070): Pin regOUT[49] has GND driving its datain port File: C:/ERGASIA1_COMP_ARCH/16bit-CPU/Processor/Processor.vhd Line: 20
    Info (169070): Pin regOUT[50] has GND driving its datain port File: C:/ERGASIA1_COMP_ARCH/16bit-CPU/Processor/Processor.vhd Line: 20
    Info (169070): Pin regOUT[51] has GND driving its datain port File: C:/ERGASIA1_COMP_ARCH/16bit-CPU/Processor/Processor.vhd Line: 20
    Info (169070): Pin regOUT[52] has GND driving its datain port File: C:/ERGASIA1_COMP_ARCH/16bit-CPU/Processor/Processor.vhd Line: 20
    Info (169070): Pin regOUT[53] has GND driving its datain port File: C:/ERGASIA1_COMP_ARCH/16bit-CPU/Processor/Processor.vhd Line: 20
    Info (169070): Pin regOUT[54] has GND driving its datain port File: C:/ERGASIA1_COMP_ARCH/16bit-CPU/Processor/Processor.vhd Line: 20
    Info (169070): Pin regOUT[55] has GND driving its datain port File: C:/ERGASIA1_COMP_ARCH/16bit-CPU/Processor/Processor.vhd Line: 20
    Info (169070): Pin regOUT[56] has GND driving its datain port File: C:/ERGASIA1_COMP_ARCH/16bit-CPU/Processor/Processor.vhd Line: 20
    Info (169070): Pin regOUT[57] has GND driving its datain port File: C:/ERGASIA1_COMP_ARCH/16bit-CPU/Processor/Processor.vhd Line: 20
    Info (169070): Pin regOUT[58] has GND driving its datain port File: C:/ERGASIA1_COMP_ARCH/16bit-CPU/Processor/Processor.vhd Line: 20
    Info (169070): Pin regOUT[59] has GND driving its datain port File: C:/ERGASIA1_COMP_ARCH/16bit-CPU/Processor/Processor.vhd Line: 20
    Info (169070): Pin regOUT[60] has GND driving its datain port File: C:/ERGASIA1_COMP_ARCH/16bit-CPU/Processor/Processor.vhd Line: 20
    Info (169070): Pin regOUT[61] has GND driving its datain port File: C:/ERGASIA1_COMP_ARCH/16bit-CPU/Processor/Processor.vhd Line: 20
    Info (169070): Pin regOUT[62] has GND driving its datain port File: C:/ERGASIA1_COMP_ARCH/16bit-CPU/Processor/Processor.vhd Line: 20
    Info (169070): Pin regOUT[63] has GND driving its datain port File: C:/ERGASIA1_COMP_ARCH/16bit-CPU/Processor/Processor.vhd Line: 20
    Info (169070): Pin regOUT[64] has GND driving its datain port File: C:/ERGASIA1_COMP_ARCH/16bit-CPU/Processor/Processor.vhd Line: 20
    Info (169070): Pin regOUT[65] has GND driving its datain port File: C:/ERGASIA1_COMP_ARCH/16bit-CPU/Processor/Processor.vhd Line: 20
    Info (169070): Pin regOUT[66] has GND driving its datain port File: C:/ERGASIA1_COMP_ARCH/16bit-CPU/Processor/Processor.vhd Line: 20
    Info (169070): Pin regOUT[67] has GND driving its datain port File: C:/ERGASIA1_COMP_ARCH/16bit-CPU/Processor/Processor.vhd Line: 20
    Info (169070): Pin regOUT[68] has GND driving its datain port File: C:/ERGASIA1_COMP_ARCH/16bit-CPU/Processor/Processor.vhd Line: 20
    Info (169070): Pin regOUT[69] has GND driving its datain port File: C:/ERGASIA1_COMP_ARCH/16bit-CPU/Processor/Processor.vhd Line: 20
    Info (169070): Pin regOUT[70] has GND driving its datain port File: C:/ERGASIA1_COMP_ARCH/16bit-CPU/Processor/Processor.vhd Line: 20
    Info (169070): Pin regOUT[71] has GND driving its datain port File: C:/ERGASIA1_COMP_ARCH/16bit-CPU/Processor/Processor.vhd Line: 20
    Info (169070): Pin regOUT[72] has GND driving its datain port File: C:/ERGASIA1_COMP_ARCH/16bit-CPU/Processor/Processor.vhd Line: 20
    Info (169070): Pin regOUT[73] has GND driving its datain port File: C:/ERGASIA1_COMP_ARCH/16bit-CPU/Processor/Processor.vhd Line: 20
    Info (169070): Pin regOUT[74] has GND driving its datain port File: C:/ERGASIA1_COMP_ARCH/16bit-CPU/Processor/Processor.vhd Line: 20
    Info (169070): Pin regOUT[75] has GND driving its datain port File: C:/ERGASIA1_COMP_ARCH/16bit-CPU/Processor/Processor.vhd Line: 20
    Info (169070): Pin regOUT[76] has GND driving its datain port File: C:/ERGASIA1_COMP_ARCH/16bit-CPU/Processor/Processor.vhd Line: 20
    Info (169070): Pin regOUT[77] has GND driving its datain port File: C:/ERGASIA1_COMP_ARCH/16bit-CPU/Processor/Processor.vhd Line: 20
    Info (169070): Pin regOUT[78] has GND driving its datain port File: C:/ERGASIA1_COMP_ARCH/16bit-CPU/Processor/Processor.vhd Line: 20
    Info (169070): Pin regOUT[79] has GND driving its datain port File: C:/ERGASIA1_COMP_ARCH/16bit-CPU/Processor/Processor.vhd Line: 20
    Info (169070): Pin regOUT[80] has GND driving its datain port File: C:/ERGASIA1_COMP_ARCH/16bit-CPU/Processor/Processor.vhd Line: 20
    Info (169070): Pin regOUT[81] has GND driving its datain port File: C:/ERGASIA1_COMP_ARCH/16bit-CPU/Processor/Processor.vhd Line: 20
    Info (169070): Pin regOUT[82] has GND driving its datain port File: C:/ERGASIA1_COMP_ARCH/16bit-CPU/Processor/Processor.vhd Line: 20
    Info (169070): Pin regOUT[83] has GND driving its datain port File: C:/ERGASIA1_COMP_ARCH/16bit-CPU/Processor/Processor.vhd Line: 20
    Info (169070): Pin regOUT[84] has GND driving its datain port File: C:/ERGASIA1_COMP_ARCH/16bit-CPU/Processor/Processor.vhd Line: 20
    Info (169070): Pin regOUT[85] has GND driving its datain port File: C:/ERGASIA1_COMP_ARCH/16bit-CPU/Processor/Processor.vhd Line: 20
    Info (169070): Pin regOUT[86] has GND driving its datain port File: C:/ERGASIA1_COMP_ARCH/16bit-CPU/Processor/Processor.vhd Line: 20
    Info (169070): Pin regOUT[87] has GND driving its datain port File: C:/ERGASIA1_COMP_ARCH/16bit-CPU/Processor/Processor.vhd Line: 20
    Info (169070): Pin regOUT[88] has GND driving its datain port File: C:/ERGASIA1_COMP_ARCH/16bit-CPU/Processor/Processor.vhd Line: 20
    Info (169070): Pin regOUT[89] has GND driving its datain port File: C:/ERGASIA1_COMP_ARCH/16bit-CPU/Processor/Processor.vhd Line: 20
    Info (169070): Pin regOUT[90] has GND driving its datain port File: C:/ERGASIA1_COMP_ARCH/16bit-CPU/Processor/Processor.vhd Line: 20
    Info (169070): Pin regOUT[91] has GND driving its datain port File: C:/ERGASIA1_COMP_ARCH/16bit-CPU/Processor/Processor.vhd Line: 20
    Info (169070): Pin regOUT[92] has GND driving its datain port File: C:/ERGASIA1_COMP_ARCH/16bit-CPU/Processor/Processor.vhd Line: 20
    Info (169070): Pin regOUT[93] has GND driving its datain port File: C:/ERGASIA1_COMP_ARCH/16bit-CPU/Processor/Processor.vhd Line: 20
    Info (169070): Pin regOUT[94] has GND driving its datain port File: C:/ERGASIA1_COMP_ARCH/16bit-CPU/Processor/Processor.vhd Line: 20
    Info (169070): Pin regOUT[95] has GND driving its datain port File: C:/ERGASIA1_COMP_ARCH/16bit-CPU/Processor/Processor.vhd Line: 20
    Info (169070): Pin regOUT[96] has GND driving its datain port File: C:/ERGASIA1_COMP_ARCH/16bit-CPU/Processor/Processor.vhd Line: 20
    Info (169070): Pin regOUT[97] has GND driving its datain port File: C:/ERGASIA1_COMP_ARCH/16bit-CPU/Processor/Processor.vhd Line: 20
    Info (169070): Pin regOUT[98] has GND driving its datain port File: C:/ERGASIA1_COMP_ARCH/16bit-CPU/Processor/Processor.vhd Line: 20
    Info (169070): Pin regOUT[99] has GND driving its datain port File: C:/ERGASIA1_COMP_ARCH/16bit-CPU/Processor/Processor.vhd Line: 20
    Info (169070): Pin regOUT[100] has GND driving its datain port File: C:/ERGASIA1_COMP_ARCH/16bit-CPU/Processor/Processor.vhd Line: 20
    Info (169070): Pin regOUT[101] has GND driving its datain port File: C:/ERGASIA1_COMP_ARCH/16bit-CPU/Processor/Processor.vhd Line: 20
    Info (169070): Pin regOUT[102] has GND driving its datain port File: C:/ERGASIA1_COMP_ARCH/16bit-CPU/Processor/Processor.vhd Line: 20
    Info (169070): Pin regOUT[103] has GND driving its datain port File: C:/ERGASIA1_COMP_ARCH/16bit-CPU/Processor/Processor.vhd Line: 20
    Info (169070): Pin regOUT[104] has GND driving its datain port File: C:/ERGASIA1_COMP_ARCH/16bit-CPU/Processor/Processor.vhd Line: 20
    Info (169070): Pin regOUT[105] has GND driving its datain port File: C:/ERGASIA1_COMP_ARCH/16bit-CPU/Processor/Processor.vhd Line: 20
    Info (169070): Pin regOUT[106] has GND driving its datain port File: C:/ERGASIA1_COMP_ARCH/16bit-CPU/Processor/Processor.vhd Line: 20
    Info (169070): Pin regOUT[107] has GND driving its datain port File: C:/ERGASIA1_COMP_ARCH/16bit-CPU/Processor/Processor.vhd Line: 20
    Info (169070): Pin regOUT[108] has GND driving its datain port File: C:/ERGASIA1_COMP_ARCH/16bit-CPU/Processor/Processor.vhd Line: 20
    Info (169070): Pin regOUT[109] has GND driving its datain port File: C:/ERGASIA1_COMP_ARCH/16bit-CPU/Processor/Processor.vhd Line: 20
    Info (169070): Pin regOUT[110] has GND driving its datain port File: C:/ERGASIA1_COMP_ARCH/16bit-CPU/Processor/Processor.vhd Line: 20
    Info (169070): Pin regOUT[111] has GND driving its datain port File: C:/ERGASIA1_COMP_ARCH/16bit-CPU/Processor/Processor.vhd Line: 20
    Info (169070): Pin regOUT[112] has GND driving its datain port File: C:/ERGASIA1_COMP_ARCH/16bit-CPU/Processor/Processor.vhd Line: 20
    Info (169070): Pin regOUT[113] has GND driving its datain port File: C:/ERGASIA1_COMP_ARCH/16bit-CPU/Processor/Processor.vhd Line: 20
    Info (169070): Pin regOUT[114] has GND driving its datain port File: C:/ERGASIA1_COMP_ARCH/16bit-CPU/Processor/Processor.vhd Line: 20
    Info (169070): Pin regOUT[115] has GND driving its datain port File: C:/ERGASIA1_COMP_ARCH/16bit-CPU/Processor/Processor.vhd Line: 20
    Info (169070): Pin regOUT[116] has GND driving its datain port File: C:/ERGASIA1_COMP_ARCH/16bit-CPU/Processor/Processor.vhd Line: 20
    Info (169070): Pin regOUT[117] has GND driving its datain port File: C:/ERGASIA1_COMP_ARCH/16bit-CPU/Processor/Processor.vhd Line: 20
    Info (169070): Pin regOUT[118] has GND driving its datain port File: C:/ERGASIA1_COMP_ARCH/16bit-CPU/Processor/Processor.vhd Line: 20
    Info (169070): Pin regOUT[119] has GND driving its datain port File: C:/ERGASIA1_COMP_ARCH/16bit-CPU/Processor/Processor.vhd Line: 20
    Info (169070): Pin regOUT[120] has GND driving its datain port File: C:/ERGASIA1_COMP_ARCH/16bit-CPU/Processor/Processor.vhd Line: 20
    Info (169070): Pin regOUT[121] has GND driving its datain port File: C:/ERGASIA1_COMP_ARCH/16bit-CPU/Processor/Processor.vhd Line: 20
    Info (169070): Pin regOUT[122] has GND driving its datain port File: C:/ERGASIA1_COMP_ARCH/16bit-CPU/Processor/Processor.vhd Line: 20
    Info (169070): Pin regOUT[123] has GND driving its datain port File: C:/ERGASIA1_COMP_ARCH/16bit-CPU/Processor/Processor.vhd Line: 20
    Info (169070): Pin regOUT[124] has GND driving its datain port File: C:/ERGASIA1_COMP_ARCH/16bit-CPU/Processor/Processor.vhd Line: 20
    Info (169070): Pin regOUT[125] has GND driving its datain port File: C:/ERGASIA1_COMP_ARCH/16bit-CPU/Processor/Processor.vhd Line: 20
    Info (169070): Pin regOUT[126] has GND driving its datain port File: C:/ERGASIA1_COMP_ARCH/16bit-CPU/Processor/Processor.vhd Line: 20
    Info (169070): Pin regOUT[127] has GND driving its datain port File: C:/ERGASIA1_COMP_ARCH/16bit-CPU/Processor/Processor.vhd Line: 20
    Info (169070): Pin regOUT[128] has GND driving its datain port File: C:/ERGASIA1_COMP_ARCH/16bit-CPU/Processor/Processor.vhd Line: 20
    Info (169070): Pin regOUT[129] has GND driving its datain port File: C:/ERGASIA1_COMP_ARCH/16bit-CPU/Processor/Processor.vhd Line: 20
    Info (169070): Pin regOUT[130] has GND driving its datain port File: C:/ERGASIA1_COMP_ARCH/16bit-CPU/Processor/Processor.vhd Line: 20
    Info (169070): Pin regOUT[131] has GND driving its datain port File: C:/ERGASIA1_COMP_ARCH/16bit-CPU/Processor/Processor.vhd Line: 20
    Info (169070): Pin regOUT[132] has GND driving its datain port File: C:/ERGASIA1_COMP_ARCH/16bit-CPU/Processor/Processor.vhd Line: 20
    Info (169070): Pin regOUT[133] has GND driving its datain port File: C:/ERGASIA1_COMP_ARCH/16bit-CPU/Processor/Processor.vhd Line: 20
    Info (169070): Pin regOUT[134] has GND driving its datain port File: C:/ERGASIA1_COMP_ARCH/16bit-CPU/Processor/Processor.vhd Line: 20
    Info (169070): Pin regOUT[135] has GND driving its datain port File: C:/ERGASIA1_COMP_ARCH/16bit-CPU/Processor/Processor.vhd Line: 20
    Info (169070): Pin regOUT[136] has GND driving its datain port File: C:/ERGASIA1_COMP_ARCH/16bit-CPU/Processor/Processor.vhd Line: 20
    Info (169070): Pin regOUT[137] has GND driving its datain port File: C:/ERGASIA1_COMP_ARCH/16bit-CPU/Processor/Processor.vhd Line: 20
    Info (169070): Pin regOUT[138] has GND driving its datain port File: C:/ERGASIA1_COMP_ARCH/16bit-CPU/Processor/Processor.vhd Line: 20
    Info (169070): Pin regOUT[139] has GND driving its datain port File: C:/ERGASIA1_COMP_ARCH/16bit-CPU/Processor/Processor.vhd Line: 20
    Info (169070): Pin regOUT[140] has GND driving its datain port File: C:/ERGASIA1_COMP_ARCH/16bit-CPU/Processor/Processor.vhd Line: 20
    Info (169070): Pin regOUT[141] has GND driving its datain port File: C:/ERGASIA1_COMP_ARCH/16bit-CPU/Processor/Processor.vhd Line: 20
    Info (169070): Pin regOUT[142] has GND driving its datain port File: C:/ERGASIA1_COMP_ARCH/16bit-CPU/Processor/Processor.vhd Line: 20
    Info (169070): Pin regOUT[143] has GND driving its datain port File: C:/ERGASIA1_COMP_ARCH/16bit-CPU/Processor/Processor.vhd Line: 20
Error (11802): Can't fit design in device. Modify your design to reduce resources, or choose a larger device. The Intel FPGA Knowledge Database contains many articles with specific details on how to resolve this error. Visit the Knowledge Database at https://www.altera.com/support/support-resources/knowledge-base/search.html and search for this specific error message number.
Error: Quartus Prime Fitter was unsuccessful. 3 errors, 5 warnings
    Error: Peak virtual memory: 5595 megabytes
    Error: Processing ended: Fri May 22 20:15:58 2026
    Error: Elapsed time: 00:00:09
    Error: Total CPU time (on all processors): 00:00:10


